-- DROP SCHEMA NEXT_COLA_OLTP; 

CREATE SCHEMA NEXT_COLA_OLTP;
USE NEXT_COLA_OLTP;

CREATE TABLE Supplier (
    SupplierID INT PRIMARY KEY,
    Name VARCHAR(255),
    ContactInfo VARCHAR(255),
    Address VARCHAR(255),
    Country VARCHAR(50),
    Email VARCHAR(255),
    Phone VARCHAR(20),
    Rating DECIMAL(3, 2),
    ContractStartDate DATE,
    ContractEndDate DATE
);

CREATE TABLE PurchaseOrder (
    OrderID INT PRIMARY KEY,
    SupplierID INT,
    OrderDate DATE,
    TotalAmount DECIMAL(10, 2),
    Status VARCHAR(50),
    PaymentMethod VARCHAR(50),
    PaymentStatus VARCHAR(50),
    ExpectedDeliveryDate DATE,
    ActualDeliveryDate DATE,
    Comments VARCHAR(255),
    FOREIGN KEY (SupplierID) REFERENCES Supplier(SupplierID)
);



CREATE TABLE Manufacturer (
    ManufacturerID INT PRIMARY KEY,
    Name VARCHAR(255),
    ContactInfo VARCHAR(255),
    Address VARCHAR(255),
    Country VARCHAR(50),
    Email VARCHAR(255),
    Phone VARCHAR(20)
);

CREATE TABLE Category (
    CategoryID INT PRIMARY KEY,
    Name VARCHAR(255),
    Description VARCHAR(255)
);

CREATE TABLE Product (
    ProductID INT PRIMARY KEY,
    Name VARCHAR(255),
    Description VARCHAR(255),
    Price DECIMAL(10, 2),
    CategoryID INT,
    ManufacturerID INT,
    StockLevel INT,
    ReorderLevel INT,
    Discontinued BOOLEAN,
    FOREIGN KEY (CategoryID) REFERENCES Category(CategoryID),
    FOREIGN KEY (ManufacturerID) REFERENCES Manufacturer(ManufacturerID)
);

CREATE TABLE PurchaseOrderDetail (
    OrderID INT,
    ProductID INT,
    Quantity INT,
    UnitPrice DECIMAL(10, 2),
    Discount DECIMAL(5, 2),
    Tax DECIMAL(5, 2),
    TotalAmount DECIMAL(10, 2),
    DeliveryStatus VARCHAR(50),
    PRIMARY KEY (OrderID, ProductID),
    FOREIGN KEY (OrderID) REFERENCES PurchaseOrder(OrderID),
    FOREIGN KEY (ProductID) REFERENCES Product(ProductID)
);

CREATE TABLE Location (
    LocationID INT PRIMARY KEY,
    Name VARCHAR(255),
    Address VARCHAR(255),
    PostalCode VARCHAR(20),
    Country VARCHAR(50),
    Region VARCHAR(50),
    City VARCHAR(50),
    Latitude DECIMAL(9, 6),
    Longitude DECIMAL(9, 6)
);


CREATE TABLE Department (
    DepartmentID INT PRIMARY KEY,
    Name VARCHAR(255),
    ManagerID INT,
    LocationID INT,
    Budget DECIMAL(10, 2)
);


CREATE TABLE Employee (
    EmployeeID INT PRIMARY KEY,
    Name VARCHAR(255),
    ContactInfo VARCHAR(255),
    DepartmentID INT,
    RoleID INT,
    HireDate DATE,
    Salary DECIMAL(10, 2),
    Commission DECIMAL(5, 2),
    ManagerID INT
);


CREATE TABLE Warehouse (
    WarehouseID INT PRIMARY KEY,
    LocationID INT,
    Capacity INT,
    ManagerID INT,
    OpeningHours VARCHAR(255),
    ClosingHours VARCHAR(255),
    ContactInfo VARCHAR(255),
    FOREIGN KEY (LocationID) REFERENCES Location(LocationID),
    FOREIGN KEY (ManagerID) REFERENCES Employee(EmployeeID)
);

CREATE TABLE Inventory (
    ProductID INT,
    WarehouseID INT,
    Quantity INT,
    MinimumStockLevel INT,
    MaximumStockLevel INT,
    ReorderPoint INT,
    LastReorderDate DATE,
    ExpectedDeliveryDate DATE,
    PRIMARY KEY (ProductID, WarehouseID),
    FOREIGN KEY (ProductID) REFERENCES Product(ProductID),
    FOREIGN KEY (WarehouseID) REFERENCES Warehouse(WarehouseID)
);

CREATE TABLE Customer (
    CustomerID INT PRIMARY KEY,
    Name VARCHAR(255),
    ContactInfo VARCHAR(255),
    Address VARCHAR(255),
    Email VARCHAR(255),
    Phone VARCHAR(20),
    PreferredPaymentMethod VARCHAR(50),
    CreditLimit DECIMAL(10, 2),
    AccountStatus VARCHAR(50)
);

	CREATE TABLE Shipment (
		ShipmentID INT PRIMARY KEY,
		WarehouseID INT,
		OrderID INT,
		ShipmentDate DATE,
		EstimatedArrivalDate DATE,
		ActualArrivalDate DATE,
		Status VARCHAR(50),
		Carrier VARCHAR(50),
		TrackingNumber VARCHAR(50),
		FOREIGN KEY (WarehouseID) REFERENCES Warehouse(WarehouseID),
		FOREIGN KEY (OrderID) REFERENCES PurchaseOrder(OrderID)
	);

CREATE TABLE ShipmentDetail (
    ShipmentID INT,
    ProductID INT,
    Quantity INT,
    UnitPrice DECIMAL(10, 2),
    Discount DECIMAL(5, 2),
    Tax DECIMAL(5, 2),
    TotalAmount DECIMAL(10, 2),
    PRIMARY KEY (ShipmentID, ProductID),
    FOREIGN KEY (ShipmentID) REFERENCES Shipment(ShipmentID),
    FOREIGN KEY (ProductID) REFERENCES Product(ProductID)
);


CREATE TABLE SalesOrder (
    OrderID INT PRIMARY KEY,
    CustomerID INT,
    OrderDate DATE,
    TotalAmount DECIMAL(10, 2),
    Status VARCHAR(50),
    PaymentMethod VARCHAR(50),
    PaymentStatus VARCHAR(50),
    ExpectedDeliveryDate DATE,
    ActualDeliveryDate DATE,
    FOREIGN KEY (CustomerID) REFERENCES Customer(CustomerID)
);

CREATE TABLE SalesOrderDetail (
    OrderID INT,
    ProductID INT,
    Quantity INT,
    UnitPrice DECIMAL(10, 2),
    Discount DECIMAL(5, 2),
    Tax DECIMAL(5, 2),
    TotalAmount DECIMAL(10, 2),
    DeliveryStatus VARCHAR(50),
    PRIMARY KEY (OrderID, ProductID),
    FOREIGN KEY (OrderID) REFERENCES SalesOrder(OrderID),
    FOREIGN KEY (ProductID) REFERENCES Product(ProductID)
);

CREATE TABLE Returns (
    ReturnID INT PRIMARY KEY,
    OrderID INT,
    CustomerID INT,
    ReturnDate DATE,
    Reason VARCHAR(255),
    RefundAmount DECIMAL(10, 2),
    RefundMethod VARCHAR(50),
    RefundStatus VARCHAR(50),
    Comments VARCHAR(255),
    FOREIGN KEY (OrderID) REFERENCES SalesOrder(OrderID),
    FOREIGN KEY (CustomerID) REFERENCES Customer(CustomerID)
);

CREATE TABLE ReturnDetail (
    ReturnID INT,
    ProductID INT,
    Quantity INT,
    UnitPrice DECIMAL(10, 2),
    Discount DECIMAL(5, 2),
    Tax DECIMAL(5, 2),
    TotalAmount DECIMAL(10, 2),
    PRIMARY KEY (ReturnID, ProductID),
    FOREIGN KEY (ReturnID) REFERENCES Returns(ReturnID),
    FOREIGN KEY (ProductID) REFERENCES Product(ProductID)
);

CREATE TABLE Payment (
    PaymentID INT PRIMARY KEY,
    OrderID INT,
    PaymentMethod VARCHAR(255),
    PaymentDate DATE,
    Amount DECIMAL(10, 2),
    Status VARCHAR(50),
    ConfirmationNumber VARCHAR(50),
    FOREIGN KEY (OrderID) REFERENCES SalesOrder(OrderID)
);



-- Mock Data

-- Supplier
insert into Supplier (SupplierID, Name, ContactInfo, Address, Country, Email, Phone, Rating, ContractStartDate, ContractEndDate) values (1, 'Schamberger Inc', '607-107-8560', '05431 Vera Park', 'Indonesia', 'psacker0@godaddy.com', '427-522-4373', 1.2, '2014-12-30 17:02:03', '2007-03-13 04:28:19');
insert into Supplier (SupplierID, Name, ContactInfo, Address, Country, Email, Phone, Rating, ContractStartDate, ContractEndDate) values (2, 'Bogisich-Block', '363-560-5041', '82842 Lukken Center', null, 'kkenwright1@bravesites.com', '279-763-4054', 4.4, '2022-01-13 04:55:56', '2037-01-12 20:55:53');
insert into Supplier (SupplierID, Name, ContactInfo, Address, Country, Email, Phone, Rating, ContractStartDate, ContractEndDate) values (3, 'Abshire Inc', '474-741-6488', '25 Cambridge Terrace', 'China', 'aamori2@dropbox.com', '198-932-4429', 2.4, '2021-10-26 10:44:29', '2034-01-01 15:38:38');
insert into Supplier (SupplierID, Name, ContactInfo, Address, Country, Email, Phone, Rating, ContractStartDate, ContractEndDate) values (4, 'Schmidt LLC', '311-187-9678', '83458 Loomis Way', 'Denmark', 'mharmond3@qq.com', '358-477-8232', 1.9, '2020-01-26 16:50:08', '2029-09-20 16:53:07');
insert into Supplier (SupplierID, Name, ContactInfo, Address, Country, Email, Phone, Rating, ContractStartDate, ContractEndDate) values (5, 'Mann, Will and Fritsch', '474-918-6553', '4 Sheridan Trail', 'Nicaragua', 'jmaccrae4@fastcompany.com', '341-455-2520', 1.0, '2001-12-19 10:23:44', '2029-11-02 19:07:12');
insert into Supplier (SupplierID, Name, ContactInfo, Address, Country, Email, Phone, Rating, ContractStartDate, ContractEndDate) values (6, 'Abernathy-Waelchi', '681-137-4694', '99381 Amoth Pass', 'Brazil', 'dsurmanwells5@wp.com', '552-241-1606', 1.2, '2035-02-21 05:00:34', '2016-02-04 20:09:50');
insert into Supplier (SupplierID, Name, ContactInfo, Address, Country, Email, Phone, Rating, ContractStartDate, ContractEndDate) values (7, 'Kassulke LLC', '303-452-7516', '3515 4th Center', 'Czech Republic', 'arobic6@opensource.org', '188-939-0288', 0.7, '2000-01-31 10:02:49', '2037-01-30 22:30:22');
insert into Supplier (SupplierID, Name, ContactInfo, Address, Country, Email, Phone, Rating, ContractStartDate, ContractEndDate) values (8, 'Lang-Rodriguez', '777-167-8492', '4613 Summerview Point', 'Nigeria', 'oswadden7@wordpress.com', '381-462-1261', 3.0, null, '2020-08-09 03:57:13');
insert into Supplier (SupplierID, Name, ContactInfo, Address, Country, Email, Phone, Rating, ContractStartDate, ContractEndDate) values (9, 'Sawayn-Adams', '641-195-2877', '8226 Muir Court', 'United Kingdom', 'gconner8@usda.gov', '659-172-9604', 2.5, '2012-02-14 02:02:24', '2030-08-23 23:32:40');
insert into Supplier (SupplierID, Name, ContactInfo, Address, Country, Email, Phone, Rating, ContractStartDate, ContractEndDate) values (10, 'Stokes, Funk and Herman', '357-456-6296', '2 Scoville Way', 'Russia', 'kespie9@networksolutions.com', '829-375-9226', 0.1, '2050-02-10 18:13:28', '2048-10-14 23:09:46');

-- PurchaseOrder
insert into PurchaseOrder (OrderID, SupplierID, OrderDate, TotalAmount, Status, PaymentMethod, PaymentStatus, ExpectedDeliveryDate, ActualDeliveryDate, Comments) values (1, 4, '2022-05-02 16:48:21', 199315, 'Delivered', 'Debit Card', 'Partially Paid', '2003-01-20 12:31:40', '2007-05-17 15:09:11', 'justo morbi');
insert into PurchaseOrder (OrderID, SupplierID, OrderDate, TotalAmount, Status, PaymentMethod, PaymentStatus, ExpectedDeliveryDate, ActualDeliveryDate, Comments) values (2, 7, '2006-02-08 15:20:53', 183836, 'Delivered', 'Cash', 'Overdue', '2012-07-05 05:30:38', '2012-05-12 17:53:50', 'nisl nunc');
insert into PurchaseOrder (OrderID, SupplierID, OrderDate, TotalAmount, Status, PaymentMethod, PaymentStatus, ExpectedDeliveryDate, ActualDeliveryDate, Comments) values (3, 2, '2020-04-09 00:35:52', 6767, 'Delivered', 'Bank Transfer', 'Partially Paid', '2003-08-26 06:54:21', '2005-11-12 04:24:41', 'libero nam dui');
insert into PurchaseOrder (OrderID, SupplierID, OrderDate, TotalAmount, Status, PaymentMethod, PaymentStatus, ExpectedDeliveryDate, ActualDeliveryDate, Comments) values (4, 3, '2005-03-17 12:36:35', 43116, 'Shipped', 'PayPal', 'Paid', '2020-05-02 05:13:06', '2004-12-26 22:16:49', 'pede malesuada in imperdiet');
insert into PurchaseOrder (OrderID, SupplierID, OrderDate, TotalAmount, Status, PaymentMethod, PaymentStatus, ExpectedDeliveryDate, ActualDeliveryDate, Comments) values (5, 5, '2015-06-19 13:04:58', 46782, 'Processing', null, 'Paid', '2022-08-30 09:47:07', '2007-09-26 13:37:51', 'nunc donec');
insert into PurchaseOrder (OrderID, SupplierID, OrderDate, TotalAmount, Status, PaymentMethod, PaymentStatus, ExpectedDeliveryDate, ActualDeliveryDate, Comments) values (6, 2, '2018-05-18 12:57:13', 157603, 'Shipped', 'PayPal', 'Paid', '2013-08-15 10:31:02', '2017-08-13 17:49:30', 'ac nibh');
insert into PurchaseOrder (OrderID, SupplierID, OrderDate, TotalAmount, Status, PaymentMethod, PaymentStatus, ExpectedDeliveryDate, ActualDeliveryDate, Comments) values (7, 5, '2010-07-26 21:04:50', 93166, 'Cancelled', 'Bank Transfer', 'Paid', '2022-08-24 08:20:06', '2009-02-08 06:36:37', 'et ultrices posuere');
insert into PurchaseOrder (OrderID, SupplierID, OrderDate, TotalAmount, Status, PaymentMethod, PaymentStatus, ExpectedDeliveryDate, ActualDeliveryDate, Comments) values (8, 4, '2014-07-26 11:26:11', 61416, 'Processing', 'Bank Transfer', 'Partially Paid', '2001-08-23 05:52:41', '2006-10-06 09:54:36', 'in quam');
insert into PurchaseOrder (OrderID, SupplierID, OrderDate, TotalAmount, Status, PaymentMethod, PaymentStatus, ExpectedDeliveryDate, ActualDeliveryDate, Comments) values (9, 2, '2021-03-01 09:25:29', 159188, 'Processing', 'Debit Card', 'Paid', '2019-09-13 01:54:08', '2009-03-27 15:45:39', 'sapien ut nunc vestibulum');
insert into PurchaseOrder (OrderID, SupplierID, OrderDate, TotalAmount, Status, PaymentMethod, PaymentStatus, ExpectedDeliveryDate, ActualDeliveryDate, Comments) values (10, 6, '2017-10-22 00:35:37', 135038, 'Cancelled', 'Cash', 'Overdue', '2001-02-05 18:35:09', '2019-11-20 20:14:20', 'amet eros suspendisse');
insert into PurchaseOrder (OrderID, SupplierID, OrderDate, TotalAmount, Status, PaymentMethod, PaymentStatus, ExpectedDeliveryDate, ActualDeliveryDate, Comments) values (11, 4, '2003-02-04 06:46:21', 62822, 'Shipped', 'Bank Transfer', 'Paid', '2011-05-16 05:20:29', '2001-10-16 11:14:41', 'vulputate nonummy maecenas');
insert into PurchaseOrder (OrderID, SupplierID, OrderDate, TotalAmount, Status, PaymentMethod, PaymentStatus, ExpectedDeliveryDate, ActualDeliveryDate, Comments) values (12, 8, '2012-11-12 12:09:24', 94536, 'Pending', 'Credit Card', 'Unpaid', '2006-11-12 19:22:09', '2006-04-05 17:19:40', 'tellus nisi eu');
insert into PurchaseOrder (OrderID, SupplierID, OrderDate, TotalAmount, Status, PaymentMethod, PaymentStatus, ExpectedDeliveryDate, ActualDeliveryDate, Comments) values (13, 3, '2020-12-15 20:22:21', 145071, 'Pending', 'PayPal', 'Overdue', '2003-05-19 22:40:28', '2015-10-10 20:02:02', 'suspendisse potenti in eleifend');
insert into PurchaseOrder (OrderID, SupplierID, OrderDate, TotalAmount, Status, PaymentMethod, PaymentStatus, ExpectedDeliveryDate, ActualDeliveryDate, Comments) values (14, 1, '2001-07-14 22:10:43', 165506, 'Processing', 'Debit Card', 'Partially Paid', '2000-01-18 14:25:07', '2012-07-07 12:29:14', 'primis in');
insert into PurchaseOrder (OrderID, SupplierID, OrderDate, TotalAmount, Status, PaymentMethod, PaymentStatus, ExpectedDeliveryDate, ActualDeliveryDate, Comments) values (15, 3, '2020-06-11 19:42:25', 151198, 'Delivered', 'Credit Card', 'Unpaid', '2009-09-05 03:56:39', '2016-02-14 05:38:46', 'lacinia eget');
insert into PurchaseOrder (OrderID, SupplierID, OrderDate, TotalAmount, Status, PaymentMethod, PaymentStatus, ExpectedDeliveryDate, ActualDeliveryDate, Comments) values (16, 6, '2012-06-11 04:03:16', 121927, 'Processing', 'Debit Card', 'Overdue', '2007-01-15 00:21:45', '2021-01-18 21:00:22', 'id mauris vulputate');
insert into PurchaseOrder (OrderID, SupplierID, OrderDate, TotalAmount, Status, PaymentMethod, PaymentStatus, ExpectedDeliveryDate, ActualDeliveryDate, Comments) values (17, 9, '2003-12-01 03:36:38', 83256, 'Pending', 'PayPal', 'Paid', '2007-04-26 09:12:41', '2022-11-29 20:10:14', 'volutpat quam pede lobortis');
insert into PurchaseOrder (OrderID, SupplierID, OrderDate, TotalAmount, Status, PaymentMethod, PaymentStatus, ExpectedDeliveryDate, ActualDeliveryDate, Comments) values (18, 6, '2004-06-30 01:54:21', 117054, 'Shipped', 'Debit Card', 'Partially Paid', '2015-06-15 02:18:31', '2005-10-15 07:28:20', 'vitae consectetuer eget');
insert into PurchaseOrder (OrderID, SupplierID, OrderDate, TotalAmount, Status, PaymentMethod, PaymentStatus, ExpectedDeliveryDate, ActualDeliveryDate, Comments) values (19, 5, '2014-01-30 17:03:43', 37086, 'Cancelled', 'Cash', 'Overdue', '2010-02-02 05:58:44', '2019-12-21 04:23:31', 'ut nunc vestibulum ante');
insert into PurchaseOrder (OrderID, SupplierID, OrderDate, TotalAmount, Status, PaymentMethod, PaymentStatus, ExpectedDeliveryDate, ActualDeliveryDate, Comments) values (20, 8, '2003-05-07 19:35:56', 156582, 'Shipped', 'Debit Card', 'Partially Paid', '2015-07-23 05:33:56', '2019-06-22 07:58:44', 'accumsan felis');
insert into PurchaseOrder (OrderID, SupplierID, OrderDate, TotalAmount, Status, PaymentMethod, PaymentStatus, ExpectedDeliveryDate, ActualDeliveryDate, Comments) values (21, 5, '2019-10-03 07:37:57', 159734, 'Delivered', 'Bank Transfer', 'Partially Paid', '2018-05-16 13:36:34', '2011-06-13 10:58:47', 'tempus vivamus in felis');
insert into PurchaseOrder (OrderID, SupplierID, OrderDate, TotalAmount, Status, PaymentMethod, PaymentStatus, ExpectedDeliveryDate, ActualDeliveryDate, Comments) values (22, 6, '2004-04-14 12:40:42', 186861, 'Shipped', null, 'Unpaid', '2019-07-04 23:58:51', '2006-03-11 09:25:46', 'quis orci eget orci');
insert into PurchaseOrder (OrderID, SupplierID, OrderDate, TotalAmount, Status, PaymentMethod, PaymentStatus, ExpectedDeliveryDate, ActualDeliveryDate, Comments) values (23, 6, '2010-10-01 12:49:15', 24834, 'Processing', 'Debit Card', 'Paid', '2017-05-05 18:51:41', '2002-11-27 16:22:30', 'tellus semper interdum mauris');
insert into PurchaseOrder (OrderID, SupplierID, OrderDate, TotalAmount, Status, PaymentMethod, PaymentStatus, ExpectedDeliveryDate, ActualDeliveryDate, Comments) values (24, 2, '2007-03-02 10:04:40', 191105, 'Cancelled', 'PayPal', 'Overdue', '2021-07-15 07:00:36', '2007-01-13 09:44:01', 'adipiscing lorem');
insert into PurchaseOrder (OrderID, SupplierID, OrderDate, TotalAmount, Status, PaymentMethod, PaymentStatus, ExpectedDeliveryDate, ActualDeliveryDate, Comments) values (25, 7, '2011-07-04 08:20:25', 72343, 'Shipped', 'Bank Transfer', 'Unpaid', '2019-01-15 11:40:02', '2007-03-12 08:34:20', 'quis turpis sed');
insert into PurchaseOrder (OrderID, SupplierID, OrderDate, TotalAmount, Status, PaymentMethod, PaymentStatus, ExpectedDeliveryDate, ActualDeliveryDate, Comments) values (26, 6, '2018-12-26 14:39:55', 155535, 'Shipped', 'Debit Card', 'Unpaid', '2012-01-03 09:10:37', '2010-09-14 23:25:03', 'donec posuere metus');
insert into PurchaseOrder (OrderID, SupplierID, OrderDate, TotalAmount, Status, PaymentMethod, PaymentStatus, ExpectedDeliveryDate, ActualDeliveryDate, Comments) values (27, 10, '2020-07-26 01:38:29', 122280, 'Pending', 'PayPal', 'Overdue', '2005-09-21 00:43:36', '2005-01-05 07:19:39', 'ante ipsum');
insert into PurchaseOrder (OrderID, SupplierID, OrderDate, TotalAmount, Status, PaymentMethod, PaymentStatus, ExpectedDeliveryDate, ActualDeliveryDate, Comments) values (28, 9, '2007-08-08 10:00:08', 130867, 'Pending', 'Bank Transfer', 'Unpaid', '2002-10-13 04:45:05', '2019-05-20 12:38:23', 'sagittis dui vel nisl');
insert into PurchaseOrder (OrderID, SupplierID, OrderDate, TotalAmount, Status, PaymentMethod, PaymentStatus, ExpectedDeliveryDate, ActualDeliveryDate, Comments) values (29, 6, '2007-09-03 06:55:35', 48672, 'Processing', 'Credit Card', 'Partially Paid', '2011-01-30 21:56:00', '2007-03-08 02:35:28', 'ultrices posuere cubilia');
insert into PurchaseOrder (OrderID, SupplierID, OrderDate, TotalAmount, Status, PaymentMethod, PaymentStatus, ExpectedDeliveryDate, ActualDeliveryDate, Comments) values (30, 9, '2000-11-21 21:49:14', 139240, 'Shipped', 'Credit Card', 'Overdue', '2009-09-15 01:25:44', '2011-11-05 17:19:38', 'consequat morbi');
insert into PurchaseOrder (OrderID, SupplierID, OrderDate, TotalAmount, Status, PaymentMethod, PaymentStatus, ExpectedDeliveryDate, ActualDeliveryDate, Comments) values (31, 7, '2000-09-04 03:04:20', 99226, 'Delivered', null, 'Unpaid', '2016-07-31 05:46:55', '2002-08-10 14:46:10', 'nullam sit amet');
insert into PurchaseOrder (OrderID, SupplierID, OrderDate, TotalAmount, Status, PaymentMethod, PaymentStatus, ExpectedDeliveryDate, ActualDeliveryDate, Comments) values (32, 1, '2001-08-13 12:30:51', 26402, 'Delivered', null, 'Unpaid', '2007-03-22 13:27:06', '2001-12-13 23:08:59', 'turpis eget elit');
insert into PurchaseOrder (OrderID, SupplierID, OrderDate, TotalAmount, Status, PaymentMethod, PaymentStatus, ExpectedDeliveryDate, ActualDeliveryDate, Comments) values (33, 8, '2005-12-25 12:26:08', 131461, 'Shipped', null, 'Overdue', '2014-12-11 14:58:51', '2014-12-14 01:06:08', 'consequat dui');
insert into PurchaseOrder (OrderID, SupplierID, OrderDate, TotalAmount, Status, PaymentMethod, PaymentStatus, ExpectedDeliveryDate, ActualDeliveryDate, Comments) values (34, 6, '2014-05-16 12:54:45', 40312, 'Cancelled', 'Debit Card', 'Unpaid', '2011-08-30 15:49:22', '2008-06-04 19:33:24', 'erat curabitur gravida nisi');
insert into PurchaseOrder (OrderID, SupplierID, OrderDate, TotalAmount, Status, PaymentMethod, PaymentStatus, ExpectedDeliveryDate, ActualDeliveryDate, Comments) values (35, 2, '2001-08-01 12:18:44', 142975, 'Cancelled', 'Bank Transfer', 'Unpaid', '2017-12-10 17:23:44', '2019-02-12 15:53:11', 'penatibus et magnis');
insert into PurchaseOrder (OrderID, SupplierID, OrderDate, TotalAmount, Status, PaymentMethod, PaymentStatus, ExpectedDeliveryDate, ActualDeliveryDate, Comments) values (36, 2, '2008-02-10 14:48:03', 35310, 'Cancelled', 'Cash', 'Partially Paid', '2009-07-20 20:23:37', '2016-07-08 02:21:38', 'quis libero nullam');
insert into PurchaseOrder (OrderID, SupplierID, OrderDate, TotalAmount, Status, PaymentMethod, PaymentStatus, ExpectedDeliveryDate, ActualDeliveryDate, Comments) values (37, 4, '2013-01-22 11:42:45', 79782, 'Pending', 'Debit Card', 'Partially Paid', '2008-08-06 16:18:58', '2010-01-09 09:47:57', 'id pretium iaculis diam');
insert into PurchaseOrder (OrderID, SupplierID, OrderDate, TotalAmount, Status, PaymentMethod, PaymentStatus, ExpectedDeliveryDate, ActualDeliveryDate, Comments) values (38, 7, '2003-08-03 23:03:58', 96188, 'Delivered', 'Bank Transfer', 'Overdue', '2020-12-18 01:49:20', '2015-06-21 18:17:06', 'mattis nibh ligula');
insert into PurchaseOrder (OrderID, SupplierID, OrderDate, TotalAmount, Status, PaymentMethod, PaymentStatus, ExpectedDeliveryDate, ActualDeliveryDate, Comments) values (39, 5, '2004-03-30 22:47:09', 59214, 'Pending', 'Debit Card', 'Partially Paid', '2017-08-09 00:15:23', '2001-02-05 13:38:52', 'sed accumsan');
insert into PurchaseOrder (OrderID, SupplierID, OrderDate, TotalAmount, Status, PaymentMethod, PaymentStatus, ExpectedDeliveryDate, ActualDeliveryDate, Comments) values (40, 8, '2002-10-19 14:22:09', 148104, 'Processing', 'Credit Card', 'Unpaid', '2010-01-20 10:54:32', '2018-02-03 21:30:24', 'bibendum imperdiet');
insert into PurchaseOrder (OrderID, SupplierID, OrderDate, TotalAmount, Status, PaymentMethod, PaymentStatus, ExpectedDeliveryDate, ActualDeliveryDate, Comments) values (41, 9, '2008-05-09 19:37:34', 116487, 'Processing', 'PayPal', 'Paid', '2021-09-28 15:33:36', '2001-07-20 02:38:25', 'aenean sit amet');
insert into PurchaseOrder (OrderID, SupplierID, OrderDate, TotalAmount, Status, PaymentMethod, PaymentStatus, ExpectedDeliveryDate, ActualDeliveryDate, Comments) values (42, 3, '2021-07-08 12:25:41', 100879, 'Pending', 'Cash', 'Unpaid', '2014-05-16 11:59:43', '2018-09-27 00:34:01', 'leo rhoncus sed vestibulum');
insert into PurchaseOrder (OrderID, SupplierID, OrderDate, TotalAmount, Status, PaymentMethod, PaymentStatus, ExpectedDeliveryDate, ActualDeliveryDate, Comments) values (43, 2, '2017-09-16 02:42:27', 167282, 'Cancelled', 'PayPal', 'Overdue', '2003-10-20 16:02:24', '2006-07-19 00:43:22', 'fusce congue diam');
insert into PurchaseOrder (OrderID, SupplierID, OrderDate, TotalAmount, Status, PaymentMethod, PaymentStatus, ExpectedDeliveryDate, ActualDeliveryDate, Comments) values (44, 10, '2009-01-02 10:32:59', 55596, 'Cancelled', 'Debit Card', 'Paid', '2002-07-25 01:54:23', '2022-04-29 06:26:45', 'id consequat');
insert into PurchaseOrder (OrderID, SupplierID, OrderDate, TotalAmount, Status, PaymentMethod, PaymentStatus, ExpectedDeliveryDate, ActualDeliveryDate, Comments) values (45, 7, '2021-05-29 20:06:07', 28559, 'Processing', 'Cash', 'Overdue', '2015-03-29 14:26:24', '2001-04-29 10:41:31', 'orci mauris lacinia');
insert into PurchaseOrder (OrderID, SupplierID, OrderDate, TotalAmount, Status, PaymentMethod, PaymentStatus, ExpectedDeliveryDate, ActualDeliveryDate, Comments) values (46, 4, '2000-10-08 17:10:59', 196421, 'Processing', 'PayPal', 'Overdue', '2006-10-21 20:02:35', '2006-10-30 18:43:33', 'nulla tempus vivamus in');
insert into PurchaseOrder (OrderID, SupplierID, OrderDate, TotalAmount, Status, PaymentMethod, PaymentStatus, ExpectedDeliveryDate, ActualDeliveryDate, Comments) values (47, 8, '2012-11-13 21:46:58', 140782, 'Delivered', 'Cash', 'Paid', '2014-12-16 02:04:29', '2014-04-17 18:00:11', 'aenean lectus pellentesque');
insert into PurchaseOrder (OrderID, SupplierID, OrderDate, TotalAmount, Status, PaymentMethod, PaymentStatus, ExpectedDeliveryDate, ActualDeliveryDate, Comments) values (48, 5, '2019-01-14 03:28:58', 73006, 'Pending', 'Bank Transfer', 'Paid', '2013-09-26 02:46:16', '2016-01-25 18:25:16', 'ornare consequat lectus in');
insert into PurchaseOrder (OrderID, SupplierID, OrderDate, TotalAmount, Status, PaymentMethod, PaymentStatus, ExpectedDeliveryDate, ActualDeliveryDate, Comments) values (49, 1, '2016-11-16 18:39:57', 83688, 'Pending', 'Cash', 'Partially Paid', '2008-09-17 18:33:42', '2010-04-13 07:46:30', 'nisl duis');
insert into PurchaseOrder (OrderID, SupplierID, OrderDate, TotalAmount, Status, PaymentMethod, PaymentStatus, ExpectedDeliveryDate, ActualDeliveryDate, Comments) values (50, 3, '2002-05-16 04:29:43', 129601, 'Cancelled', 'Bank Transfer', 'Overdue', '2019-11-15 19:22:06', null, 'at nunc commodo placerat');
insert into PurchaseOrder (OrderID, SupplierID, OrderDate, TotalAmount, Status, PaymentMethod, PaymentStatus, ExpectedDeliveryDate, ActualDeliveryDate, Comments) values (51, 5, '2008-11-17 08:09:51', 109740, 'Cancelled', 'PayPal', 'Unpaid', '2022-08-09 09:36:57', '2009-03-07 22:58:26', 'faucibus orci');
insert into PurchaseOrder (OrderID, SupplierID, OrderDate, TotalAmount, Status, PaymentMethod, PaymentStatus, ExpectedDeliveryDate, ActualDeliveryDate, Comments) values (52, 4, '2002-04-18 18:51:07', 119748, 'Shipped', 'Bank Transfer', 'Overdue', '2011-01-04 13:13:33', '2000-06-02 04:56:01', 'lobortis convallis tortor');
insert into PurchaseOrder (OrderID, SupplierID, OrderDate, TotalAmount, Status, PaymentMethod, PaymentStatus, ExpectedDeliveryDate, ActualDeliveryDate, Comments) values (53, 7, '2007-02-07 13:11:04', 97077, 'Cancelled', 'PayPal', 'Overdue', '2020-01-19 00:57:06', '2000-03-18 06:49:21', 'dolor morbi');
insert into PurchaseOrder (OrderID, SupplierID, OrderDate, TotalAmount, Status, PaymentMethod, PaymentStatus, ExpectedDeliveryDate, ActualDeliveryDate, Comments) values (54, 9, '2007-08-25 14:54:43', 119884, 'Processing', null, 'Overdue', '2003-08-08 00:22:16', '2007-02-15 17:59:41', 'nec nisi');
insert into PurchaseOrder (OrderID, SupplierID, OrderDate, TotalAmount, Status, PaymentMethod, PaymentStatus, ExpectedDeliveryDate, ActualDeliveryDate, Comments) values (55, 6, '2017-02-08 21:41:08', 5217, 'Processing', null, 'Partially Paid', '2002-09-26 14:43:19', '2021-10-01 04:06:25', 'pulvinar lobortis est');
insert into PurchaseOrder (OrderID, SupplierID, OrderDate, TotalAmount, Status, PaymentMethod, PaymentStatus, ExpectedDeliveryDate, ActualDeliveryDate, Comments) values (56, 9, '2013-11-04 06:24:30', 119795, 'Delivered', 'PayPal', 'Unpaid', '2018-06-11 10:11:38', '2004-12-25 17:13:05', 'cras non velit nec');
insert into PurchaseOrder (OrderID, SupplierID, OrderDate, TotalAmount, Status, PaymentMethod, PaymentStatus, ExpectedDeliveryDate, ActualDeliveryDate, Comments) values (57, 6, '2020-07-25 01:20:22', 168614, 'Shipped', null, 'Partially Paid', '2022-09-12 05:59:39', '2015-01-22 07:45:36', 'sem duis');
insert into PurchaseOrder (OrderID, SupplierID, OrderDate, TotalAmount, Status, PaymentMethod, PaymentStatus, ExpectedDeliveryDate, ActualDeliveryDate, Comments) values (58, 1, '2009-05-25 09:42:52', 72799, 'Processing', 'Cash', 'Partially Paid', '2021-10-10 05:55:57', '2014-06-27 04:38:53', 'pede justo');
insert into PurchaseOrder (OrderID, SupplierID, OrderDate, TotalAmount, Status, PaymentMethod, PaymentStatus, ExpectedDeliveryDate, ActualDeliveryDate, Comments) values (59, 1, '2005-07-24 20:52:50', 113097, 'Processing', 'Debit Card', 'Partially Paid', '2020-04-12 11:15:50', '2022-03-21 06:16:21', 'donec odio');
insert into PurchaseOrder (OrderID, SupplierID, OrderDate, TotalAmount, Status, PaymentMethod, PaymentStatus, ExpectedDeliveryDate, ActualDeliveryDate, Comments) values (60, 3, '2012-07-27 09:50:54', 105907, 'Processing', 'Cash', 'Partially Paid', '2000-08-21 05:09:59', '2002-05-06 16:31:10', 'nullam sit');
insert into PurchaseOrder (OrderID, SupplierID, OrderDate, TotalAmount, Status, PaymentMethod, PaymentStatus, ExpectedDeliveryDate, ActualDeliveryDate, Comments) values (61, 10, '2018-10-13 22:07:38', 88557, 'Pending', null, 'Unpaid', '2019-01-09 02:41:04', '2019-05-29 10:57:32', 'primis in faucibus');
insert into PurchaseOrder (OrderID, SupplierID, OrderDate, TotalAmount, Status, PaymentMethod, PaymentStatus, ExpectedDeliveryDate, ActualDeliveryDate, Comments) values (62, 8, '2003-03-09 09:24:48', 125310, 'Shipped', 'Debit Card', 'Partially Paid', '2014-03-16 18:10:33', '2019-10-02 19:49:45', 'pretium iaculis justo');
insert into PurchaseOrder (OrderID, SupplierID, OrderDate, TotalAmount, Status, PaymentMethod, PaymentStatus, ExpectedDeliveryDate, ActualDeliveryDate, Comments) values (63, 6, '2020-05-01 04:26:20', 18974, 'Processing', 'Cash', 'Unpaid', '2014-09-30 03:35:42', '2000-11-09 00:26:55', null);
insert into PurchaseOrder (OrderID, SupplierID, OrderDate, TotalAmount, Status, PaymentMethod, PaymentStatus, ExpectedDeliveryDate, ActualDeliveryDate, Comments) values (64, 10, '2009-08-19 23:59:14', 39212, 'Delivered', 'Bank Transfer', 'Partially Paid', '2011-02-18 12:38:10', null, 'sodales scelerisque mauris');
insert into PurchaseOrder (OrderID, SupplierID, OrderDate, TotalAmount, Status, PaymentMethod, PaymentStatus, ExpectedDeliveryDate, ActualDeliveryDate, Comments) values (65, 3, '2013-09-07 00:27:40', 116816, 'Delivered', 'PayPal', 'Overdue', '2001-12-24 13:01:03', '2017-10-27 04:01:24', 'dapibus nulla suscipit ligula');
insert into PurchaseOrder (OrderID, SupplierID, OrderDate, TotalAmount, Status, PaymentMethod, PaymentStatus, ExpectedDeliveryDate, ActualDeliveryDate, Comments) values (66, 4, '2015-06-15 17:10:07', 119065, 'Shipped', 'Bank Transfer', 'Partially Paid', '2007-08-13 13:54:35', '2018-10-09 20:02:10', 'lacus at turpis donec');
insert into PurchaseOrder (OrderID, SupplierID, OrderDate, TotalAmount, Status, PaymentMethod, PaymentStatus, ExpectedDeliveryDate, ActualDeliveryDate, Comments) values (67, 10, '2019-04-02 17:59:18', 76408, 'Delivered', 'Credit Card', 'Overdue', '2013-05-14 16:17:07', '2012-01-29 01:46:54', 'non interdum in');
insert into PurchaseOrder (OrderID, SupplierID, OrderDate, TotalAmount, Status, PaymentMethod, PaymentStatus, ExpectedDeliveryDate, ActualDeliveryDate, Comments) values (68, 7, '2022-07-15 04:33:49', 70613, 'Pending', 'Bank Transfer', 'Paid', '2001-08-23 21:21:19', '2015-05-15 21:32:35', 'morbi non lectus aliquam');
insert into PurchaseOrder (OrderID, SupplierID, OrderDate, TotalAmount, Status, PaymentMethod, PaymentStatus, ExpectedDeliveryDate, ActualDeliveryDate, Comments) values (69, 2, '2013-04-04 08:33:26', 38035, 'Pending', 'Credit Card', 'Partially Paid', '2001-12-08 20:35:53', '2007-05-02 14:29:57', 'quam a');
insert into PurchaseOrder (OrderID, SupplierID, OrderDate, TotalAmount, Status, PaymentMethod, PaymentStatus, ExpectedDeliveryDate, ActualDeliveryDate, Comments) values (70, 5, '2010-12-10 19:27:25', 22618, 'Delivered', null, 'Unpaid', '2021-01-12 05:34:21', '2016-01-20 20:23:02', 'vestibulum ante');
insert into PurchaseOrder (OrderID, SupplierID, OrderDate, TotalAmount, Status, PaymentMethod, PaymentStatus, ExpectedDeliveryDate, ActualDeliveryDate, Comments) values (71, 1, '2011-04-02 06:15:13', 80822, 'Shipped', 'Debit Card', 'Paid', '2014-07-29 11:49:37', '2012-04-11 10:08:34', 'venenatis turpis');
insert into PurchaseOrder (OrderID, SupplierID, OrderDate, TotalAmount, Status, PaymentMethod, PaymentStatus, ExpectedDeliveryDate, ActualDeliveryDate, Comments) values (72, 3, '2001-10-09 16:26:37', 81281, 'Shipped', 'Bank Transfer', 'Partially Paid', '2002-10-26 02:42:41', '2019-10-12 16:09:17', 'ante ipsum');
insert into PurchaseOrder (OrderID, SupplierID, OrderDate, TotalAmount, Status, PaymentMethod, PaymentStatus, ExpectedDeliveryDate, ActualDeliveryDate, Comments) values (73, 10, '2002-08-25 18:59:31', 102658, 'Shipped', 'Cash', 'Paid', '2015-08-04 12:55:22', '2004-12-02 06:43:26', 'nulla pede ullamcorper augue');
insert into PurchaseOrder (OrderID, SupplierID, OrderDate, TotalAmount, Status, PaymentMethod, PaymentStatus, ExpectedDeliveryDate, ActualDeliveryDate, Comments) values (74, 6, '2019-10-30 06:05:29', 95715, 'Shipped', 'Debit Card', 'Partially Paid', '2003-08-07 20:53:15', '2015-05-12 21:29:56', 'nulla suscipit');
insert into PurchaseOrder (OrderID, SupplierID, OrderDate, TotalAmount, Status, PaymentMethod, PaymentStatus, ExpectedDeliveryDate, ActualDeliveryDate, Comments) values (75, 5, '2011-07-20 19:17:51', 94119, 'Delivered', 'Bank Transfer', 'Partially Paid', '2006-05-09 17:52:15', '2014-01-31 15:58:39', 'nunc purus phasellus');
insert into PurchaseOrder (OrderID, SupplierID, OrderDate, TotalAmount, Status, PaymentMethod, PaymentStatus, ExpectedDeliveryDate, ActualDeliveryDate, Comments) values (76, 4, '2003-01-15 02:57:25', 86863, 'Pending', 'Cash', 'Overdue', '2001-02-27 22:21:52', '2019-08-01 14:18:58', 'orci luctus et');
insert into PurchaseOrder (OrderID, SupplierID, OrderDate, TotalAmount, Status, PaymentMethod, PaymentStatus, ExpectedDeliveryDate, ActualDeliveryDate, Comments) values (77, 8, '2004-09-03 10:03:29', 23032, 'Shipped', 'Bank Transfer', 'Partially Paid', '2013-11-23 01:48:42', '2006-12-16 08:44:57', 'tellus nisi eu');
insert into PurchaseOrder (OrderID, SupplierID, OrderDate, TotalAmount, Status, PaymentMethod, PaymentStatus, ExpectedDeliveryDate, ActualDeliveryDate, Comments) values (78, 10, '2019-07-29 09:53:22', 129563, 'Cancelled', 'Bank Transfer', 'Overdue', '2014-06-05 14:26:51', '2015-04-06 17:17:07', 'in sagittis');
insert into PurchaseOrder (OrderID, SupplierID, OrderDate, TotalAmount, Status, PaymentMethod, PaymentStatus, ExpectedDeliveryDate, ActualDeliveryDate, Comments) values (79, 6, '2001-12-09 23:03:30', 199465, 'Delivered', 'PayPal', 'Partially Paid', '2009-08-03 07:53:02', '2013-03-04 05:11:40', 'nullam porttitor lacus at');
insert into PurchaseOrder (OrderID, SupplierID, OrderDate, TotalAmount, Status, PaymentMethod, PaymentStatus, ExpectedDeliveryDate, ActualDeliveryDate, Comments) values (80, 7, '2011-08-13 16:28:46', 81356, 'Cancelled', 'Debit Card', 'Unpaid', '2021-07-27 17:54:09', '2017-05-11 06:18:05', 'elit sodales scelerisque mauris');
insert into PurchaseOrder (OrderID, SupplierID, OrderDate, TotalAmount, Status, PaymentMethod, PaymentStatus, ExpectedDeliveryDate, ActualDeliveryDate, Comments) values (81, 6, '2019-07-19 21:04:23', 80268, 'Delivered', 'Bank Transfer', 'Paid', '2007-05-05 00:54:22', '2000-10-23 21:35:50', 'vitae nisl');
insert into PurchaseOrder (OrderID, SupplierID, OrderDate, TotalAmount, Status, PaymentMethod, PaymentStatus, ExpectedDeliveryDate, ActualDeliveryDate, Comments) values (82, 3, '2006-11-15 10:14:55', 28176, 'Shipped', 'Credit Card', 'Paid', '2011-02-17 06:54:51', '2012-08-30 11:06:28', null);
insert into PurchaseOrder (OrderID, SupplierID, OrderDate, TotalAmount, Status, PaymentMethod, PaymentStatus, ExpectedDeliveryDate, ActualDeliveryDate, Comments) values (83, 2, '2011-03-18 21:03:00', 45087, 'Delivered', 'Debit Card', 'Overdue', '2013-03-23 18:00:48', '2009-02-10 03:48:25', 'nibh fusce lacus');
insert into PurchaseOrder (OrderID, SupplierID, OrderDate, TotalAmount, Status, PaymentMethod, PaymentStatus, ExpectedDeliveryDate, ActualDeliveryDate, Comments) values (84, 9, '2009-12-18 09:33:10', 7549, 'Shipped', 'Cash', 'Overdue', '2012-02-22 19:05:18', '2022-06-02 21:55:32', 'ut erat');
insert into PurchaseOrder (OrderID, SupplierID, OrderDate, TotalAmount, Status, PaymentMethod, PaymentStatus, ExpectedDeliveryDate, ActualDeliveryDate, Comments) values (85, 7, '2018-09-19 02:50:42', 91650, 'Delivered', 'Debit Card', 'Paid', '2022-06-29 02:29:55', '2019-12-25 01:55:29', 'rutrum nulla nunc purus');
insert into PurchaseOrder (OrderID, SupplierID, OrderDate, TotalAmount, Status, PaymentMethod, PaymentStatus, ExpectedDeliveryDate, ActualDeliveryDate, Comments) values (86, 10, '2020-05-08 23:15:39', 87627, 'Cancelled', 'PayPal', 'Overdue', '2017-02-13 00:16:23', '2018-09-03 00:10:09', 'in tempor turpis nec');
insert into PurchaseOrder (OrderID, SupplierID, OrderDate, TotalAmount, Status, PaymentMethod, PaymentStatus, ExpectedDeliveryDate, ActualDeliveryDate, Comments) values (87, 4, '2010-01-07 11:05:12', 65164, 'Delivered', null, 'Unpaid', '2006-07-13 17:23:07', '2009-02-10 09:21:15', 'dapibus augue');
insert into PurchaseOrder (OrderID, SupplierID, OrderDate, TotalAmount, Status, PaymentMethod, PaymentStatus, ExpectedDeliveryDate, ActualDeliveryDate, Comments) values (88, 2, '2005-07-29 09:10:06', 157633, 'Processing', 'PayPal', 'Partially Paid', '2017-11-19 07:32:30', '2000-04-18 05:37:51', 'ac diam');
insert into PurchaseOrder (OrderID, SupplierID, OrderDate, TotalAmount, Status, PaymentMethod, PaymentStatus, ExpectedDeliveryDate, ActualDeliveryDate, Comments) values (89, 4, '2011-12-20 08:02:21', 3548, 'Processing', 'Bank Transfer', 'Unpaid', '2016-03-14 14:45:29', '2019-01-25 12:32:19', 'id massa id nisl');
insert into PurchaseOrder (OrderID, SupplierID, OrderDate, TotalAmount, Status, PaymentMethod, PaymentStatus, ExpectedDeliveryDate, ActualDeliveryDate, Comments) values (90, 10, '2004-11-07 04:13:08', 188505, 'Shipped', 'Bank Transfer', 'Unpaid', '2005-12-20 08:41:11', '2004-01-29 07:10:53', 'quam a odio in');
insert into PurchaseOrder (OrderID, SupplierID, OrderDate, TotalAmount, Status, PaymentMethod, PaymentStatus, ExpectedDeliveryDate, ActualDeliveryDate, Comments) values (91, 4, '2004-07-10 13:19:04', 18431, 'Pending', 'PayPal', 'Partially Paid', '2000-07-05 13:14:24', '2005-02-12 03:23:56', 'at vulputate vitae');
insert into PurchaseOrder (OrderID, SupplierID, OrderDate, TotalAmount, Status, PaymentMethod, PaymentStatus, ExpectedDeliveryDate, ActualDeliveryDate, Comments) values (92, 2, '2009-03-08 14:31:59', 135071, 'Cancelled', 'Credit Card', 'Unpaid', '2015-06-21 04:16:10', '2017-08-10 14:44:36', 'id nisl');
insert into PurchaseOrder (OrderID, SupplierID, OrderDate, TotalAmount, Status, PaymentMethod, PaymentStatus, ExpectedDeliveryDate, ActualDeliveryDate, Comments) values (93, 9, '2000-05-30 05:43:47', 23720, 'Cancelled', 'Debit Card', 'Overdue', '2022-03-30 02:16:20', '2017-11-04 10:19:12', 'libero ut massa');
insert into PurchaseOrder (OrderID, SupplierID, OrderDate, TotalAmount, Status, PaymentMethod, PaymentStatus, ExpectedDeliveryDate, ActualDeliveryDate, Comments) values (94, 1, '2007-06-16 01:19:03', 79364, 'Shipped', 'PayPal', 'Partially Paid', '2022-10-29 08:18:44', '2017-09-25 17:25:23', 'sapien cum sociis natoque');
insert into PurchaseOrder (OrderID, SupplierID, OrderDate, TotalAmount, Status, PaymentMethod, PaymentStatus, ExpectedDeliveryDate, ActualDeliveryDate, Comments) values (95, 4, '2004-04-06 14:02:11', 12645, 'Cancelled', 'Cash', 'Partially Paid', '2016-10-25 07:39:18', '2007-02-03 19:51:10', 'congue risus semper');
insert into PurchaseOrder (OrderID, SupplierID, OrderDate, TotalAmount, Status, PaymentMethod, PaymentStatus, ExpectedDeliveryDate, ActualDeliveryDate, Comments) values (96, 4, '2022-09-25 07:55:27', 189162, 'Pending', 'Debit Card', 'Paid', '2019-11-15 11:39:36', '2020-04-21 23:50:09', 'ac tellus');
insert into PurchaseOrder (OrderID, SupplierID, OrderDate, TotalAmount, Status, PaymentMethod, PaymentStatus, ExpectedDeliveryDate, ActualDeliveryDate, Comments) values (97, 8, '2000-07-07 06:54:11', 119162, 'Delivered', 'Credit Card', 'Unpaid', '2010-08-08 23:52:39', '2010-11-25 11:37:20', 'in tempor turpis');
insert into PurchaseOrder (OrderID, SupplierID, OrderDate, TotalAmount, Status, PaymentMethod, PaymentStatus, ExpectedDeliveryDate, ActualDeliveryDate, Comments) values (98, 9, '2001-08-31 06:49:35', 104280, 'Processing', 'Bank Transfer', 'Overdue', '2012-01-29 10:47:52', '2014-04-21 15:49:20', 'suscipit nulla');
insert into PurchaseOrder (OrderID, SupplierID, OrderDate, TotalAmount, Status, PaymentMethod, PaymentStatus, ExpectedDeliveryDate, ActualDeliveryDate, Comments) values (99, 9, '2004-08-02 00:17:52', 188138, 'Pending', 'Credit Card', 'Unpaid', '2005-08-17 13:31:44', '2018-07-02 14:11:44', 'molestie hendrerit');
insert into PurchaseOrder (OrderID, SupplierID, OrderDate, TotalAmount, Status, PaymentMethod, PaymentStatus, ExpectedDeliveryDate, ActualDeliveryDate, Comments) values (100, 8, '2001-07-25 23:42:59', 112076, 'Shipped', 'Credit Card', 'Unpaid', '2005-12-01 22:45:40', '2019-07-14 08:57:43', 'a nibh in');
insert into PurchaseOrder (OrderID, SupplierID, OrderDate, TotalAmount, Status, PaymentMethod, PaymentStatus, ExpectedDeliveryDate, ActualDeliveryDate, Comments) values (101, 4, '2013-10-19 07:12:01', 72849, 'Processing', 'Debit Card', 'Unpaid', '2000-07-31 21:29:53', '2005-01-18 21:08:17', 'morbi ut odio cras');
insert into PurchaseOrder (OrderID, SupplierID, OrderDate, TotalAmount, Status, PaymentMethod, PaymentStatus, ExpectedDeliveryDate, ActualDeliveryDate, Comments) values (102, 9, '2000-07-07 01:44:38', 43402, 'Delivered', 'PayPal', 'Unpaid', '2008-09-04 11:33:23', '2010-09-20 10:39:05', 'nam nulla');
insert into PurchaseOrder (OrderID, SupplierID, OrderDate, TotalAmount, Status, PaymentMethod, PaymentStatus, ExpectedDeliveryDate, ActualDeliveryDate, Comments) values (103, 1, '2001-12-17 00:33:58', 88500, 'Delivered', null, 'Partially Paid', '2009-07-11 04:21:40', '2003-06-23 03:28:03', 'pede ullamcorper');
insert into PurchaseOrder (OrderID, SupplierID, OrderDate, TotalAmount, Status, PaymentMethod, PaymentStatus, ExpectedDeliveryDate, ActualDeliveryDate, Comments) values (104, 6, '2017-07-30 14:55:59', 168839, 'Delivered', 'PayPal', 'Paid', '2010-04-28 16:41:29', '2000-01-10 02:45:47', 'quisque porta volutpat');
insert into PurchaseOrder (OrderID, SupplierID, OrderDate, TotalAmount, Status, PaymentMethod, PaymentStatus, ExpectedDeliveryDate, ActualDeliveryDate, Comments) values (105, 10, '2010-05-17 23:49:56', 159024, 'Pending', 'Cash', 'Partially Paid', '2020-02-10 19:44:09', '2005-07-18 08:59:04', 'augue luctus');
insert into PurchaseOrder (OrderID, SupplierID, OrderDate, TotalAmount, Status, PaymentMethod, PaymentStatus, ExpectedDeliveryDate, ActualDeliveryDate, Comments) values (106, 1, '2021-11-13 07:18:07', 27119, 'Cancelled', 'Cash', 'Unpaid', '2007-10-26 23:33:35', '2002-02-09 13:18:41', 'neque sapien');
insert into PurchaseOrder (OrderID, SupplierID, OrderDate, TotalAmount, Status, PaymentMethod, PaymentStatus, ExpectedDeliveryDate, ActualDeliveryDate, Comments) values (107, 2, '2001-02-16 22:30:42', 37920, 'Shipped', 'PayPal', 'Paid', '2000-12-19 00:35:35', '2020-06-22 22:32:30', 'augue quam sollicitudin');
insert into PurchaseOrder (OrderID, SupplierID, OrderDate, TotalAmount, Status, PaymentMethod, PaymentStatus, ExpectedDeliveryDate, ActualDeliveryDate, Comments) values (108, 7, '2004-05-17 14:40:52', 166261, 'Shipped', 'Bank Transfer', 'Overdue', '2007-05-29 07:29:48', '2000-03-01 18:29:55', 'in hac');
insert into PurchaseOrder (OrderID, SupplierID, OrderDate, TotalAmount, Status, PaymentMethod, PaymentStatus, ExpectedDeliveryDate, ActualDeliveryDate, Comments) values (109, 7, '2003-11-02 19:52:40', 84526, 'Pending', 'Credit Card', 'Unpaid', '2002-11-11 22:07:46', '2016-04-27 07:41:39', 'lorem ipsum dolor');
insert into PurchaseOrder (OrderID, SupplierID, OrderDate, TotalAmount, Status, PaymentMethod, PaymentStatus, ExpectedDeliveryDate, ActualDeliveryDate, Comments) values (110, 7, '2014-08-15 06:52:23', 53399, 'Shipped', 'Cash', 'Overdue', '2022-05-10 16:08:33', '2011-01-03 19:10:50', 'sapien ut nunc');
insert into PurchaseOrder (OrderID, SupplierID, OrderDate, TotalAmount, Status, PaymentMethod, PaymentStatus, ExpectedDeliveryDate, ActualDeliveryDate, Comments) values (111, 6, '2008-04-13 21:59:50', 51779, 'Pending', 'Credit Card', 'Paid', '2017-01-16 21:12:01', '2016-04-17 20:30:37', 'proin at turpis');
insert into PurchaseOrder (OrderID, SupplierID, OrderDate, TotalAmount, Status, PaymentMethod, PaymentStatus, ExpectedDeliveryDate, ActualDeliveryDate, Comments) values (112, 10, '2001-11-17 18:58:38', 199173, 'Processing', 'PayPal', 'Partially Paid', '2014-03-09 20:07:19', '2013-05-24 08:58:13', 'at diam nam');
insert into PurchaseOrder (OrderID, SupplierID, OrderDate, TotalAmount, Status, PaymentMethod, PaymentStatus, ExpectedDeliveryDate, ActualDeliveryDate, Comments) values (113, 7, '2003-03-10 05:49:15', 59218, 'Delivered', 'Cash', 'Partially Paid', '2016-04-17 09:25:21', '2002-07-10 22:24:41', 'elementum pellentesque quisque');
insert into PurchaseOrder (OrderID, SupplierID, OrderDate, TotalAmount, Status, PaymentMethod, PaymentStatus, ExpectedDeliveryDate, ActualDeliveryDate, Comments) values (114, 4, '2002-12-10 09:40:41', 75503, 'Cancelled', 'Cash', 'Partially Paid', '2000-03-22 05:16:01', '2010-01-07 07:08:42', 'ac consequat metus');
insert into PurchaseOrder (OrderID, SupplierID, OrderDate, TotalAmount, Status, PaymentMethod, PaymentStatus, ExpectedDeliveryDate, ActualDeliveryDate, Comments) values (115, 6, '2003-02-13 23:42:10', 191154, 'Processing', 'Bank Transfer', 'Unpaid', '2008-09-27 11:35:53', '2006-02-07 04:56:31', 'tempus semper est');
insert into PurchaseOrder (OrderID, SupplierID, OrderDate, TotalAmount, Status, PaymentMethod, PaymentStatus, ExpectedDeliveryDate, ActualDeliveryDate, Comments) values (116, 4, '2001-11-28 13:02:26', 153028, 'Pending', 'Bank Transfer', 'Unpaid', '2011-12-17 01:35:04', '2004-07-11 14:31:57', 'lectus in');
insert into PurchaseOrder (OrderID, SupplierID, OrderDate, TotalAmount, Status, PaymentMethod, PaymentStatus, ExpectedDeliveryDate, ActualDeliveryDate, Comments) values (117, 4, '2000-11-22 03:14:08', 154613, 'Delivered', null, 'Unpaid', '2003-03-15 14:46:35', '2014-05-11 12:26:21', 'curabitur gravida nisi at');
insert into PurchaseOrder (OrderID, SupplierID, OrderDate, TotalAmount, Status, PaymentMethod, PaymentStatus, ExpectedDeliveryDate, ActualDeliveryDate, Comments) values (118, 4, '2005-06-03 20:01:41', 112792, 'Delivered', 'Cash', 'Partially Paid', '2004-03-17 21:12:12', '2001-05-24 13:41:53', 'molestie sed');
insert into PurchaseOrder (OrderID, SupplierID, OrderDate, TotalAmount, Status, PaymentMethod, PaymentStatus, ExpectedDeliveryDate, ActualDeliveryDate, Comments) values (119, 10, '2013-11-29 04:52:16', 21044, 'Shipped', 'Cash', 'Overdue', '2022-11-04 13:37:30', '2004-09-26 14:54:23', 'blandit nam nulla integer');
insert into PurchaseOrder (OrderID, SupplierID, OrderDate, TotalAmount, Status, PaymentMethod, PaymentStatus, ExpectedDeliveryDate, ActualDeliveryDate, Comments) values (120, 3, '2011-09-19 12:44:10', 163738, 'Shipped', 'Credit Card', 'Paid', '2004-10-17 11:18:46', '2013-12-11 03:05:42', 'tortor sollicitudin');
insert into PurchaseOrder (OrderID, SupplierID, OrderDate, TotalAmount, Status, PaymentMethod, PaymentStatus, ExpectedDeliveryDate, ActualDeliveryDate, Comments) values (121, 5, '2013-08-17 22:37:25', 167579, 'Cancelled', null, 'Overdue', '2016-02-27 07:36:03', '2019-10-05 04:08:45', 'tincidunt eu felis fusce');
insert into PurchaseOrder (OrderID, SupplierID, OrderDate, TotalAmount, Status, PaymentMethod, PaymentStatus, ExpectedDeliveryDate, ActualDeliveryDate, Comments) values (122, 8, '2016-12-11 08:43:05', 143337, 'Pending', null, 'Overdue', '2018-07-20 17:41:14', '2016-01-06 11:47:50', 'justo pellentesque viverra');
insert into PurchaseOrder (OrderID, SupplierID, OrderDate, TotalAmount, Status, PaymentMethod, PaymentStatus, ExpectedDeliveryDate, ActualDeliveryDate, Comments) values (123, 4, '2013-01-29 11:41:58', 117670, 'Shipped', 'Bank Transfer', 'Paid', '2021-05-01 21:41:19', '2003-10-08 05:45:30', 'massa donec dapibus duis');
insert into PurchaseOrder (OrderID, SupplierID, OrderDate, TotalAmount, Status, PaymentMethod, PaymentStatus, ExpectedDeliveryDate, ActualDeliveryDate, Comments) values (124, 8, '2002-08-14 10:33:00', 174630, 'Pending', 'PayPal', 'Overdue', '2020-10-09 18:32:09', '2020-07-27 02:57:10', 'suscipit ligula');
insert into PurchaseOrder (OrderID, SupplierID, OrderDate, TotalAmount, Status, PaymentMethod, PaymentStatus, ExpectedDeliveryDate, ActualDeliveryDate, Comments) values (125, 10, '2000-04-22 22:09:27', 92482, 'Delivered', 'Credit Card', 'Paid', '2009-12-24 06:43:54', null, 'sem sed sagittis nam');
insert into PurchaseOrder (OrderID, SupplierID, OrderDate, TotalAmount, Status, PaymentMethod, PaymentStatus, ExpectedDeliveryDate, ActualDeliveryDate, Comments) values (126, 2, '2010-11-08 09:15:50', 154082, 'Shipped', 'PayPal', 'Paid', '2017-04-07 23:12:22', '2008-09-03 05:20:00', 'vel accumsan tellus nisi');
insert into PurchaseOrder (OrderID, SupplierID, OrderDate, TotalAmount, Status, PaymentMethod, PaymentStatus, ExpectedDeliveryDate, ActualDeliveryDate, Comments) values (127, 1, '2021-05-27 04:19:43', 164929, 'Pending', 'Credit Card', 'Overdue', '2006-08-02 21:32:12', '2015-03-25 12:40:07', 'lacus at velit');
insert into PurchaseOrder (OrderID, SupplierID, OrderDate, TotalAmount, Status, PaymentMethod, PaymentStatus, ExpectedDeliveryDate, ActualDeliveryDate, Comments) values (128, 10, '2011-02-21 23:42:10', 79177, 'Pending', null, 'Paid', '2010-09-23 01:29:18', '2002-10-21 21:04:05', 'ac est');
insert into PurchaseOrder (OrderID, SupplierID, OrderDate, TotalAmount, Status, PaymentMethod, PaymentStatus, ExpectedDeliveryDate, ActualDeliveryDate, Comments) values (129, 3, '2014-11-22 01:03:11', 187234, 'Delivered', 'Cash', 'Partially Paid', '2017-12-01 20:03:25', '2000-04-18 05:01:13', 'rhoncus dui vel');
insert into PurchaseOrder (OrderID, SupplierID, OrderDate, TotalAmount, Status, PaymentMethod, PaymentStatus, ExpectedDeliveryDate, ActualDeliveryDate, Comments) values (130, 6, '2005-08-04 19:35:50', 152129, 'Delivered', 'Credit Card', 'Overdue', '2019-01-19 08:18:20', '2002-06-13 03:24:55', 'cum sociis natoque penatibus');
insert into PurchaseOrder (OrderID, SupplierID, OrderDate, TotalAmount, Status, PaymentMethod, PaymentStatus, ExpectedDeliveryDate, ActualDeliveryDate, Comments) values (131, 7, '2002-09-09 18:11:52', 198012, 'Cancelled', 'Cash', 'Paid', '2016-04-07 21:45:45', '2001-11-09 19:23:30', 'ac leo');
insert into PurchaseOrder (OrderID, SupplierID, OrderDate, TotalAmount, Status, PaymentMethod, PaymentStatus, ExpectedDeliveryDate, ActualDeliveryDate, Comments) values (132, 4, '2017-11-17 09:02:55', 71558, 'Shipped', 'Credit Card', 'Unpaid', '2021-07-06 14:59:33', '2005-11-25 14:21:38', 'nec dui');
insert into PurchaseOrder (OrderID, SupplierID, OrderDate, TotalAmount, Status, PaymentMethod, PaymentStatus, ExpectedDeliveryDate, ActualDeliveryDate, Comments) values (133, 1, '2005-05-03 03:00:42', 189367, 'Pending', null, 'Overdue', '2002-05-31 19:34:32', '2022-03-15 01:14:00', 'et magnis');
insert into PurchaseOrder (OrderID, SupplierID, OrderDate, TotalAmount, Status, PaymentMethod, PaymentStatus, ExpectedDeliveryDate, ActualDeliveryDate, Comments) values (134, 7, '2003-04-12 02:07:35', 125644, 'Shipped', 'Bank Transfer', 'Overdue', '2004-08-27 18:05:50', '2010-07-10 10:45:06', null);
insert into PurchaseOrder (OrderID, SupplierID, OrderDate, TotalAmount, Status, PaymentMethod, PaymentStatus, ExpectedDeliveryDate, ActualDeliveryDate, Comments) values (135, 3, '2013-03-20 11:59:25', 18227, 'Delivered', 'Credit Card', 'Paid', '2020-07-04 01:08:39', '2002-09-16 06:52:01', 'vestibulum ante ipsum');
insert into PurchaseOrder (OrderID, SupplierID, OrderDate, TotalAmount, Status, PaymentMethod, PaymentStatus, ExpectedDeliveryDate, ActualDeliveryDate, Comments) values (136, 5, '2012-06-11 13:12:31', 175983, 'Delivered', 'Credit Card', 'Partially Paid', '2016-10-30 13:18:36', '2022-08-18 04:50:27', 'elementum nullam varius');
insert into PurchaseOrder (OrderID, SupplierID, OrderDate, TotalAmount, Status, PaymentMethod, PaymentStatus, ExpectedDeliveryDate, ActualDeliveryDate, Comments) values (137, 8, '2005-03-14 20:25:53', 158862, 'Delivered', 'Credit Card', 'Overdue', '2004-06-02 19:56:15', '2021-02-06 02:57:20', 'vitae mattis nibh ligula');
insert into PurchaseOrder (OrderID, SupplierID, OrderDate, TotalAmount, Status, PaymentMethod, PaymentStatus, ExpectedDeliveryDate, ActualDeliveryDate, Comments) values (138, 8, '2001-05-28 13:47:18', 72876, 'Cancelled', 'Credit Card', 'Unpaid', '2000-11-26 00:45:12', '2010-03-09 06:52:45', 'vel dapibus at');
insert into PurchaseOrder (OrderID, SupplierID, OrderDate, TotalAmount, Status, PaymentMethod, PaymentStatus, ExpectedDeliveryDate, ActualDeliveryDate, Comments) values (139, 2, '2008-08-18 01:37:41', 188210, 'Shipped', 'PayPal', 'Overdue', '2000-06-13 22:55:50', '2005-04-05 04:58:24', 'quis justo maecenas rhoncus');
insert into PurchaseOrder (OrderID, SupplierID, OrderDate, TotalAmount, Status, PaymentMethod, PaymentStatus, ExpectedDeliveryDate, ActualDeliveryDate, Comments) values (140, 8, '2021-02-08 19:03:28', 52871, 'Shipped', 'PayPal', 'Unpaid', '2002-01-06 07:41:02', '2016-08-17 01:59:09', 'augue vestibulum');
insert into PurchaseOrder (OrderID, SupplierID, OrderDate, TotalAmount, Status, PaymentMethod, PaymentStatus, ExpectedDeliveryDate, ActualDeliveryDate, Comments) values (141, 4, '2002-04-18 07:24:48', 189778, 'Processing', 'Credit Card', 'Overdue', '2009-09-29 08:27:42', '2008-01-13 03:32:06', 'semper porta');
insert into PurchaseOrder (OrderID, SupplierID, OrderDate, TotalAmount, Status, PaymentMethod, PaymentStatus, ExpectedDeliveryDate, ActualDeliveryDate, Comments) values (142, 6, '2017-10-08 18:28:45', 39652, 'Cancelled', 'Debit Card', 'Unpaid', '2002-09-08 23:33:57', '2002-09-09 02:49:21', 'libero rutrum ac lobortis');
insert into PurchaseOrder (OrderID, SupplierID, OrderDate, TotalAmount, Status, PaymentMethod, PaymentStatus, ExpectedDeliveryDate, ActualDeliveryDate, Comments) values (143, 1, '2021-02-09 18:57:35', 9932, 'Cancelled', 'Cash', 'Overdue', '2005-10-31 10:40:15', '2008-02-04 18:52:41', 'et tempus semper est');
insert into PurchaseOrder (OrderID, SupplierID, OrderDate, TotalAmount, Status, PaymentMethod, PaymentStatus, ExpectedDeliveryDate, ActualDeliveryDate, Comments) values (144, 7, '2000-11-15 07:32:57', 49410, 'Pending', 'Credit Card', 'Partially Paid', '2010-04-15 13:42:06', '2018-12-19 14:17:35', null);
insert into PurchaseOrder (OrderID, SupplierID, OrderDate, TotalAmount, Status, PaymentMethod, PaymentStatus, ExpectedDeliveryDate, ActualDeliveryDate, Comments) values (145, 7, '2002-04-19 02:28:03', 124317, 'Delivered', 'Debit Card', 'Paid', '2004-09-16 05:45:03', '2015-12-13 15:19:34', 'ultricies eu nibh');
insert into PurchaseOrder (OrderID, SupplierID, OrderDate, TotalAmount, Status, PaymentMethod, PaymentStatus, ExpectedDeliveryDate, ActualDeliveryDate, Comments) values (146, 5, '2007-03-18 14:03:24', 94558, 'Pending', 'PayPal', 'Partially Paid', '2021-07-15 12:46:47', '2012-06-12 13:26:05', 'phasellus sit');
insert into PurchaseOrder (OrderID, SupplierID, OrderDate, TotalAmount, Status, PaymentMethod, PaymentStatus, ExpectedDeliveryDate, ActualDeliveryDate, Comments) values (147, 9, '2017-09-24 00:52:22', 56757, 'Shipped', 'Bank Transfer', 'Partially Paid', '2014-04-07 16:05:08', '2020-12-13 10:52:34', 'morbi non quam nec');
insert into PurchaseOrder (OrderID, SupplierID, OrderDate, TotalAmount, Status, PaymentMethod, PaymentStatus, ExpectedDeliveryDate, ActualDeliveryDate, Comments) values (148, 4, '2020-07-09 00:42:52', 121568, 'Processing', 'Credit Card', 'Unpaid', '2015-11-06 07:44:11', '2012-07-10 10:36:04', 'nisi nam ultrices');
insert into PurchaseOrder (OrderID, SupplierID, OrderDate, TotalAmount, Status, PaymentMethod, PaymentStatus, ExpectedDeliveryDate, ActualDeliveryDate, Comments) values (149, 4, '2014-05-12 19:52:24', 189459, 'Delivered', 'Bank Transfer', 'Unpaid', '2017-12-27 23:15:39', '2004-01-11 15:23:10', null);
insert into PurchaseOrder (OrderID, SupplierID, OrderDate, TotalAmount, Status, PaymentMethod, PaymentStatus, ExpectedDeliveryDate, ActualDeliveryDate, Comments) values (150, 10, '2000-08-30 07:03:26', 15479, 'Delivered', 'Credit Card', 'Overdue', '2002-12-23 08:05:21', '2016-02-14 11:42:30', 'integer aliquet massa');
insert into PurchaseOrder (OrderID, SupplierID, OrderDate, TotalAmount, Status, PaymentMethod, PaymentStatus, ExpectedDeliveryDate, ActualDeliveryDate, Comments) values (151, 7, '2006-09-19 18:54:53', 124358, 'Delivered', 'Credit Card', 'Partially Paid', '2007-12-12 12:01:54', '2014-09-14 09:31:51', 'sed augue aliquam');
insert into PurchaseOrder (OrderID, SupplierID, OrderDate, TotalAmount, Status, PaymentMethod, PaymentStatus, ExpectedDeliveryDate, ActualDeliveryDate, Comments) values (152, 2, '2019-11-23 13:49:19', 171725, 'Shipped', 'PayPal', 'Unpaid', '2005-05-05 14:46:41', '2007-11-04 00:12:50', 'pretium nisl ut volutpat');
insert into PurchaseOrder (OrderID, SupplierID, OrderDate, TotalAmount, Status, PaymentMethod, PaymentStatus, ExpectedDeliveryDate, ActualDeliveryDate, Comments) values (153, 5, '2012-11-03 22:00:57', 91839, 'Delivered', 'Cash', 'Partially Paid', '2005-09-09 13:16:10', '2020-11-11 19:03:09', 'vestibulum rutrum rutrum neque');
insert into PurchaseOrder (OrderID, SupplierID, OrderDate, TotalAmount, Status, PaymentMethod, PaymentStatus, ExpectedDeliveryDate, ActualDeliveryDate, Comments) values (154, 8, '2001-09-26 04:26:30', 48219, 'Pending', 'PayPal', 'Partially Paid', '2014-09-20 01:50:25', '2020-06-25 10:09:03', 'lobortis sapien');
insert into PurchaseOrder (OrderID, SupplierID, OrderDate, TotalAmount, Status, PaymentMethod, PaymentStatus, ExpectedDeliveryDate, ActualDeliveryDate, Comments) values (155, 7, '2008-03-08 01:02:53', 116886, 'Shipped', 'Debit Card', 'Partially Paid', '2007-09-21 09:30:37', '2014-06-25 10:59:27', 'blandit nam nulla integer');
insert into PurchaseOrder (OrderID, SupplierID, OrderDate, TotalAmount, Status, PaymentMethod, PaymentStatus, ExpectedDeliveryDate, ActualDeliveryDate, Comments) values (156, 7, '2019-08-06 09:24:56', 43279, 'Processing', 'Bank Transfer', 'Overdue', '2017-11-04 18:36:07', '2010-09-27 15:18:02', 'in porttitor');
insert into PurchaseOrder (OrderID, SupplierID, OrderDate, TotalAmount, Status, PaymentMethod, PaymentStatus, ExpectedDeliveryDate, ActualDeliveryDate, Comments) values (157, 6, '2020-06-28 02:13:13', 111379, 'Cancelled', 'Credit Card', 'Partially Paid', '2001-06-03 21:26:05', '2013-01-24 09:30:41', 'odio condimentum id luctus');
insert into PurchaseOrder (OrderID, SupplierID, OrderDate, TotalAmount, Status, PaymentMethod, PaymentStatus, ExpectedDeliveryDate, ActualDeliveryDate, Comments) values (158, 1, '2015-04-14 01:56:12', 181998, 'Processing', 'Cash', 'Partially Paid', '2005-06-06 10:11:57', '2004-01-24 21:14:48', 'elementum eu interdum eu');
insert into PurchaseOrder (OrderID, SupplierID, OrderDate, TotalAmount, Status, PaymentMethod, PaymentStatus, ExpectedDeliveryDate, ActualDeliveryDate, Comments) values (159, 10, '2020-12-01 20:48:14', 176087, 'Delivered', null, 'Unpaid', '2007-01-17 21:53:34', '2000-04-22 03:24:46', 'sapien in');
insert into PurchaseOrder (OrderID, SupplierID, OrderDate, TotalAmount, Status, PaymentMethod, PaymentStatus, ExpectedDeliveryDate, ActualDeliveryDate, Comments) values (160, 2, '2000-09-13 08:26:17', 82966, 'Cancelled', 'Bank Transfer', 'Paid', '2008-03-24 12:25:47', '2010-03-09 11:57:39', 'non pretium');
insert into PurchaseOrder (OrderID, SupplierID, OrderDate, TotalAmount, Status, PaymentMethod, PaymentStatus, ExpectedDeliveryDate, ActualDeliveryDate, Comments) values (161, 7, '2004-11-11 13:47:51', 18924, 'Pending', 'Cash', 'Unpaid', '2005-11-23 23:36:05', '2007-03-19 07:29:03', 'ante nulla justo aliquam');
insert into PurchaseOrder (OrderID, SupplierID, OrderDate, TotalAmount, Status, PaymentMethod, PaymentStatus, ExpectedDeliveryDate, ActualDeliveryDate, Comments) values (162, 2, '2012-04-09 00:02:15', 33342, 'Delivered', null, 'Partially Paid', '2013-05-10 19:38:17', '2009-02-14 20:39:07', 'in congue etiam');
insert into PurchaseOrder (OrderID, SupplierID, OrderDate, TotalAmount, Status, PaymentMethod, PaymentStatus, ExpectedDeliveryDate, ActualDeliveryDate, Comments) values (163, 4, '2003-03-19 18:11:07', 96854, 'Cancelled', 'Credit Card', 'Partially Paid', '2010-03-12 08:28:55', '2014-10-22 00:57:00', 'duis bibendum');
insert into PurchaseOrder (OrderID, SupplierID, OrderDate, TotalAmount, Status, PaymentMethod, PaymentStatus, ExpectedDeliveryDate, ActualDeliveryDate, Comments) values (164, 10, '2002-03-21 23:34:30', 123709, 'Cancelled', 'Credit Card', 'Paid', '2011-10-27 04:50:36', '2018-09-01 22:40:21', 'eleifend quam a');
insert into PurchaseOrder (OrderID, SupplierID, OrderDate, TotalAmount, Status, PaymentMethod, PaymentStatus, ExpectedDeliveryDate, ActualDeliveryDate, Comments) values (165, 10, '2000-09-10 06:28:59', 9415, 'Shipped', 'Debit Card', 'Partially Paid', '2019-09-04 17:10:19', '2003-07-01 20:36:17', 'vulputate vitae nisl aenean');
insert into PurchaseOrder (OrderID, SupplierID, OrderDate, TotalAmount, Status, PaymentMethod, PaymentStatus, ExpectedDeliveryDate, ActualDeliveryDate, Comments) values (166, 7, '2013-06-06 16:43:50', 60804, 'Shipped', 'Credit Card', 'Partially Paid', '2016-05-27 01:18:45', '2004-08-13 00:55:34', 'lorem integer tincidunt');
insert into PurchaseOrder (OrderID, SupplierID, OrderDate, TotalAmount, Status, PaymentMethod, PaymentStatus, ExpectedDeliveryDate, ActualDeliveryDate, Comments) values (167, 7, '2018-09-08 17:56:21', 660, 'Pending', 'Debit Card', 'Unpaid', '2015-02-06 12:13:38', '2005-07-29 05:23:11', 'posuere cubilia');
insert into PurchaseOrder (OrderID, SupplierID, OrderDate, TotalAmount, Status, PaymentMethod, PaymentStatus, ExpectedDeliveryDate, ActualDeliveryDate, Comments) values (168, 3, '2013-12-25 01:02:05', 26464, 'Processing', 'Cash', 'Overdue', '2012-06-06 22:57:17', '2022-11-24 22:31:58', 'orci pede venenatis non');
insert into PurchaseOrder (OrderID, SupplierID, OrderDate, TotalAmount, Status, PaymentMethod, PaymentStatus, ExpectedDeliveryDate, ActualDeliveryDate, Comments) values (169, 6, '2017-12-28 20:50:16', 34768, 'Pending', null, 'Partially Paid', '2006-09-14 04:27:21', '2008-10-07 12:57:17', 'tristique est et');
insert into PurchaseOrder (OrderID, SupplierID, OrderDate, TotalAmount, Status, PaymentMethod, PaymentStatus, ExpectedDeliveryDate, ActualDeliveryDate, Comments) values (170, 5, '2017-06-18 23:49:54', 169445, 'Cancelled', 'Cash', 'Paid', '2002-03-27 14:43:34', '2011-12-17 02:00:52', 'eu nibh quisque id');
insert into PurchaseOrder (OrderID, SupplierID, OrderDate, TotalAmount, Status, PaymentMethod, PaymentStatus, ExpectedDeliveryDate, ActualDeliveryDate, Comments) values (171, 8, '2004-12-06 22:36:56', 70190, 'Delivered', 'Debit Card', 'Paid', '2021-09-24 08:01:59', '2014-09-17 03:53:38', 'ante vel ipsum');
insert into PurchaseOrder (OrderID, SupplierID, OrderDate, TotalAmount, Status, PaymentMethod, PaymentStatus, ExpectedDeliveryDate, ActualDeliveryDate, Comments) values (172, 9, '2014-08-08 02:14:38', 129045, 'Delivered', 'Cash', 'Overdue', '2014-03-07 10:59:42', '2010-02-16 09:31:25', 'a ipsum integer');
insert into PurchaseOrder (OrderID, SupplierID, OrderDate, TotalAmount, Status, PaymentMethod, PaymentStatus, ExpectedDeliveryDate, ActualDeliveryDate, Comments) values (173, 4, '2013-12-10 17:19:53', 153673, 'Delivered', 'Credit Card', 'Paid', '2012-11-28 21:52:14', '2009-11-09 08:27:04', 'consequat ut');
insert into PurchaseOrder (OrderID, SupplierID, OrderDate, TotalAmount, Status, PaymentMethod, PaymentStatus, ExpectedDeliveryDate, ActualDeliveryDate, Comments) values (174, 7, '2019-12-02 03:45:17', 97548, 'Pending', 'Cash', 'Overdue', '2013-08-30 16:46:19', '2016-07-31 22:48:23', 'turpis donec posuere metus');
insert into PurchaseOrder (OrderID, SupplierID, OrderDate, TotalAmount, Status, PaymentMethod, PaymentStatus, ExpectedDeliveryDate, ActualDeliveryDate, Comments) values (175, 6, '2020-08-22 05:55:26', 187889, 'Cancelled', 'Cash', 'Paid', '2021-12-22 19:39:12', '2006-01-28 15:14:27', 'rutrum nulla nunc');
insert into PurchaseOrder (OrderID, SupplierID, OrderDate, TotalAmount, Status, PaymentMethod, PaymentStatus, ExpectedDeliveryDate, ActualDeliveryDate, Comments) values (176, 7, '2013-02-07 11:38:05', 157738, 'Pending', 'Debit Card', 'Unpaid', '2009-12-23 19:46:03', '2005-08-02 11:47:04', 'duis at velit eu');
insert into PurchaseOrder (OrderID, SupplierID, OrderDate, TotalAmount, Status, PaymentMethod, PaymentStatus, ExpectedDeliveryDate, ActualDeliveryDate, Comments) values (177, 2, '2007-05-16 10:28:58', 61645, 'Cancelled', 'Bank Transfer', 'Unpaid', '2003-10-25 18:21:41', '2002-05-30 01:26:15', 'duis bibendum');
insert into PurchaseOrder (OrderID, SupplierID, OrderDate, TotalAmount, Status, PaymentMethod, PaymentStatus, ExpectedDeliveryDate, ActualDeliveryDate, Comments) values (178, 8, '2012-07-12 14:24:38', 11308, 'Cancelled', 'Cash', 'Unpaid', '2015-12-16 12:49:26', '2019-10-12 15:15:44', 'ut suscipit a');
insert into PurchaseOrder (OrderID, SupplierID, OrderDate, TotalAmount, Status, PaymentMethod, PaymentStatus, ExpectedDeliveryDate, ActualDeliveryDate, Comments) values (179, 7, '2021-11-27 13:35:28', 97152, 'Processing', 'PayPal', 'Paid', '2010-09-28 21:07:56', '2010-06-15 10:53:29', 'tristique in tempus');
insert into PurchaseOrder (OrderID, SupplierID, OrderDate, TotalAmount, Status, PaymentMethod, PaymentStatus, ExpectedDeliveryDate, ActualDeliveryDate, Comments) values (180, 10, '2002-07-23 13:06:55', 12536, 'Pending', 'Credit Card', 'Partially Paid', '2005-10-23 05:30:08', '2017-08-15 00:10:49', 'potenti in');
insert into PurchaseOrder (OrderID, SupplierID, OrderDate, TotalAmount, Status, PaymentMethod, PaymentStatus, ExpectedDeliveryDate, ActualDeliveryDate, Comments) values (181, 1, '2010-11-02 15:32:34', 28083, 'Shipped', 'PayPal', 'Unpaid', '2002-02-10 08:37:05', '2013-06-03 16:08:59', 'nulla eget eros elementum');
insert into PurchaseOrder (OrderID, SupplierID, OrderDate, TotalAmount, Status, PaymentMethod, PaymentStatus, ExpectedDeliveryDate, ActualDeliveryDate, Comments) values (182, 8, '2009-02-11 15:36:23', 37709, 'Delivered', 'Credit Card', 'Partially Paid', '2003-07-11 10:29:39', '2011-04-04 21:35:35', 'eros suspendisse accumsan');
insert into PurchaseOrder (OrderID, SupplierID, OrderDate, TotalAmount, Status, PaymentMethod, PaymentStatus, ExpectedDeliveryDate, ActualDeliveryDate, Comments) values (183, 7, '2016-04-08 23:39:17', 51317, 'Pending', 'PayPal', 'Partially Paid', '2005-07-19 10:51:33', '2008-02-08 10:01:45', 'volutpat dui');
insert into PurchaseOrder (OrderID, SupplierID, OrderDate, TotalAmount, Status, PaymentMethod, PaymentStatus, ExpectedDeliveryDate, ActualDeliveryDate, Comments) values (184, 7, '2014-12-28 20:19:46', 73331, 'Shipped', 'Credit Card', 'Unpaid', '2022-01-04 22:13:34', '2015-08-04 18:39:33', 'eleifend donec');
insert into PurchaseOrder (OrderID, SupplierID, OrderDate, TotalAmount, Status, PaymentMethod, PaymentStatus, ExpectedDeliveryDate, ActualDeliveryDate, Comments) values (185, 3, '2008-03-17 10:11:53', 165057, 'Cancelled', 'Bank Transfer', 'Partially Paid', '2015-05-18 05:49:55', '2015-05-24 00:06:28', 'vulputate nonummy maecenas');
insert into PurchaseOrder (OrderID, SupplierID, OrderDate, TotalAmount, Status, PaymentMethod, PaymentStatus, ExpectedDeliveryDate, ActualDeliveryDate, Comments) values (186, 8, '2005-07-28 12:52:33', 158008, 'Processing', 'Bank Transfer', 'Paid', '2010-05-25 18:53:05', null, 'eleifend donec ut');
insert into PurchaseOrder (OrderID, SupplierID, OrderDate, TotalAmount, Status, PaymentMethod, PaymentStatus, ExpectedDeliveryDate, ActualDeliveryDate, Comments) values (187, 8, '2000-07-24 08:18:53', 53091, 'Pending', 'Bank Transfer', 'Paid', '2007-01-04 14:09:33', '2003-09-24 14:10:42', 'in magna bibendum imperdiet');
insert into PurchaseOrder (OrderID, SupplierID, OrderDate, TotalAmount, Status, PaymentMethod, PaymentStatus, ExpectedDeliveryDate, ActualDeliveryDate, Comments) values (188, 3, '2014-01-26 16:36:38', 187637, 'Shipped', 'PayPal', 'Overdue', '2021-01-28 13:25:56', '2016-09-17 06:30:39', 'platea dictumst');
insert into PurchaseOrder (OrderID, SupplierID, OrderDate, TotalAmount, Status, PaymentMethod, PaymentStatus, ExpectedDeliveryDate, ActualDeliveryDate, Comments) values (189, 3, '2015-12-04 09:08:48', 162971, 'Shipped', 'Cash', 'Overdue', '2001-02-19 05:57:17', '2000-10-17 12:22:29', 'ligula vehicula consequat morbi');
insert into PurchaseOrder (OrderID, SupplierID, OrderDate, TotalAmount, Status, PaymentMethod, PaymentStatus, ExpectedDeliveryDate, ActualDeliveryDate, Comments) values (190, 9, '2003-07-17 19:49:49', 132892, 'Delivered', null, 'Overdue', '2017-11-16 23:24:25', null, 'in leo maecenas');
insert into PurchaseOrder (OrderID, SupplierID, OrderDate, TotalAmount, Status, PaymentMethod, PaymentStatus, ExpectedDeliveryDate, ActualDeliveryDate, Comments) values (191, 10, '2013-01-27 05:38:19', 104598, 'Delivered', 'Cash', 'Paid', '2020-09-25 01:28:49', '2022-03-07 01:19:15', 'posuere cubilia curae donec');
insert into PurchaseOrder (OrderID, SupplierID, OrderDate, TotalAmount, Status, PaymentMethod, PaymentStatus, ExpectedDeliveryDate, ActualDeliveryDate, Comments) values (192, 1, '2017-09-14 00:56:12', 55231, 'Shipped', 'PayPal', 'Unpaid', '2014-03-31 03:31:33', '2003-10-22 03:37:29', 'a nibh in');
insert into PurchaseOrder (OrderID, SupplierID, OrderDate, TotalAmount, Status, PaymentMethod, PaymentStatus, ExpectedDeliveryDate, ActualDeliveryDate, Comments) values (193, 2, '2001-04-19 04:45:51', 130245, 'Delivered', 'PayPal', 'Overdue', '2010-03-07 13:33:35', '2003-11-15 15:35:00', 'nam ultrices libero non');
insert into PurchaseOrder (OrderID, SupplierID, OrderDate, TotalAmount, Status, PaymentMethod, PaymentStatus, ExpectedDeliveryDate, ActualDeliveryDate, Comments) values (194, 2, '2021-07-12 12:50:11', 100197, 'Pending', 'Cash', 'Partially Paid', '2014-05-07 20:42:11', '2018-10-08 20:57:56', 'vitae nisi nam');
insert into PurchaseOrder (OrderID, SupplierID, OrderDate, TotalAmount, Status, PaymentMethod, PaymentStatus, ExpectedDeliveryDate, ActualDeliveryDate, Comments) values (195, 10, '2018-10-13 06:34:26', 96986, 'Processing', 'Cash', 'Partially Paid', '2001-12-13 06:13:56', '2019-11-21 02:56:43', 'morbi a ipsum integer');
insert into PurchaseOrder (OrderID, SupplierID, OrderDate, TotalAmount, Status, PaymentMethod, PaymentStatus, ExpectedDeliveryDate, ActualDeliveryDate, Comments) values (196, 10, '2001-10-05 03:48:49', 124365, 'Delivered', 'Debit Card', 'Paid', '2010-02-18 11:34:10', '2022-02-24 20:29:30', 'rhoncus mauris enim leo');
insert into PurchaseOrder (OrderID, SupplierID, OrderDate, TotalAmount, Status, PaymentMethod, PaymentStatus, ExpectedDeliveryDate, ActualDeliveryDate, Comments) values (197, 5, '2010-03-08 06:00:27', 181570, 'Cancelled', 'Bank Transfer', 'Overdue', '2006-02-28 16:51:11', '2000-01-13 18:52:50', 'enim sit amet nunc');
insert into PurchaseOrder (OrderID, SupplierID, OrderDate, TotalAmount, Status, PaymentMethod, PaymentStatus, ExpectedDeliveryDate, ActualDeliveryDate, Comments) values (198, 1, '2015-04-06 07:17:52', 114705, 'Shipped', 'Bank Transfer', 'Overdue', '2001-08-31 11:43:17', '2017-12-28 10:45:29', 'massa donec');
insert into PurchaseOrder (OrderID, SupplierID, OrderDate, TotalAmount, Status, PaymentMethod, PaymentStatus, ExpectedDeliveryDate, ActualDeliveryDate, Comments) values (199, 10, '2002-09-13 06:53:10', 23556, 'Shipped', 'Bank Transfer', 'Partially Paid', '2008-10-27 03:04:44', '2006-06-28 18:32:41', 'in felis eu sapien');
insert into PurchaseOrder (OrderID, SupplierID, OrderDate, TotalAmount, Status, PaymentMethod, PaymentStatus, ExpectedDeliveryDate, ActualDeliveryDate, Comments) values (200, 9, '2012-04-24 02:08:40', 101495, 'Delivered', 'Debit Card', 'Overdue', '2002-07-09 03:25:08', '2019-01-17 10:36:22', 'blandit nam nulla');
insert into PurchaseOrder (OrderID, SupplierID, OrderDate, TotalAmount, Status, PaymentMethod, PaymentStatus, ExpectedDeliveryDate, ActualDeliveryDate, Comments) values (201, 7, '2002-08-06 13:47:48', 148111, 'Pending', 'Debit Card', 'Overdue', '2019-01-27 14:25:50', '2001-12-08 08:18:40', 'augue aliquam erat volutpat');
insert into PurchaseOrder (OrderID, SupplierID, OrderDate, TotalAmount, Status, PaymentMethod, PaymentStatus, ExpectedDeliveryDate, ActualDeliveryDate, Comments) values (202, 4, '2013-11-05 11:01:52', 172810, 'Processing', 'Credit Card', 'Overdue', '2009-12-11 13:07:44', '2010-03-20 22:33:50', 'sapien ut nunc vestibulum');
insert into PurchaseOrder (OrderID, SupplierID, OrderDate, TotalAmount, Status, PaymentMethod, PaymentStatus, ExpectedDeliveryDate, ActualDeliveryDate, Comments) values (203, 6, '2006-10-11 20:30:15', 189563, 'Processing', 'Debit Card', 'Partially Paid', '2001-10-27 10:01:59', '2020-11-08 03:35:54', 'libero nam dui');
insert into PurchaseOrder (OrderID, SupplierID, OrderDate, TotalAmount, Status, PaymentMethod, PaymentStatus, ExpectedDeliveryDate, ActualDeliveryDate, Comments) values (204, 10, '2010-06-09 04:01:38', 110001, 'Pending', 'Cash', 'Paid', '2007-12-05 19:04:21', '2009-04-16 08:08:19', 'donec vitae nisi nam');
insert into PurchaseOrder (OrderID, SupplierID, OrderDate, TotalAmount, Status, PaymentMethod, PaymentStatus, ExpectedDeliveryDate, ActualDeliveryDate, Comments) values (205, 1, '2011-02-28 00:18:17', 187122, 'Shipped', 'Debit Card', 'Paid', '2013-06-15 19:16:22', '2022-05-15 20:29:48', 'condimentum id luctus nec');
insert into PurchaseOrder (OrderID, SupplierID, OrderDate, TotalAmount, Status, PaymentMethod, PaymentStatus, ExpectedDeliveryDate, ActualDeliveryDate, Comments) values (206, 4, '2005-03-14 19:49:08', 119049, 'Cancelled', null, 'Unpaid', '2017-10-08 22:55:54', '2007-06-21 09:57:48', 'etiam faucibus cursus urna');
insert into PurchaseOrder (OrderID, SupplierID, OrderDate, TotalAmount, Status, PaymentMethod, PaymentStatus, ExpectedDeliveryDate, ActualDeliveryDate, Comments) values (207, 3, '2010-10-29 06:28:43', 111241, 'Cancelled', 'Debit Card', 'Overdue', '2007-12-31 19:56:44', '2003-01-08 22:11:02', 'ligula sit amet eleifend');
insert into PurchaseOrder (OrderID, SupplierID, OrderDate, TotalAmount, Status, PaymentMethod, PaymentStatus, ExpectedDeliveryDate, ActualDeliveryDate, Comments) values (208, 4, '2000-08-17 13:06:53', 67214, 'Processing', 'Debit Card', 'Overdue', '2005-05-18 16:18:23', '2018-08-18 17:32:19', 'elementum eu interdum eu');
insert into PurchaseOrder (OrderID, SupplierID, OrderDate, TotalAmount, Status, PaymentMethod, PaymentStatus, ExpectedDeliveryDate, ActualDeliveryDate, Comments) values (209, 2, '2006-08-03 06:12:11', 108935, 'Cancelled', 'PayPal', 'Paid', '2013-05-21 04:28:35', '2004-11-01 11:54:54', 'nisi venenatis');
insert into PurchaseOrder (OrderID, SupplierID, OrderDate, TotalAmount, Status, PaymentMethod, PaymentStatus, ExpectedDeliveryDate, ActualDeliveryDate, Comments) values (210, 10, '2000-03-13 04:37:09', 107398, 'Cancelled', 'Cash', 'Overdue', '2020-06-11 15:01:39', '2009-04-18 10:53:48', 'quis turpis sed ante');
insert into PurchaseOrder (OrderID, SupplierID, OrderDate, TotalAmount, Status, PaymentMethod, PaymentStatus, ExpectedDeliveryDate, ActualDeliveryDate, Comments) values (211, 7, '2014-11-02 03:34:17', 90801, 'Delivered', 'Bank Transfer', 'Overdue', '2018-08-04 21:18:16', '2012-06-28 21:37:32', 'suscipit a feugiat');
insert into PurchaseOrder (OrderID, SupplierID, OrderDate, TotalAmount, Status, PaymentMethod, PaymentStatus, ExpectedDeliveryDate, ActualDeliveryDate, Comments) values (212, 4, '2014-04-28 07:59:49', 11098, 'Pending', 'Debit Card', 'Partially Paid', '2001-06-02 06:47:42', '2003-04-10 00:26:04', 'consectetuer adipiscing elit proin');
insert into PurchaseOrder (OrderID, SupplierID, OrderDate, TotalAmount, Status, PaymentMethod, PaymentStatus, ExpectedDeliveryDate, ActualDeliveryDate, Comments) values (213, 7, '2004-03-31 22:10:40', 35450, 'Delivered', 'Debit Card', 'Partially Paid', '2007-09-22 23:09:06', '2016-04-18 21:16:24', 'non mattis pulvinar nulla');
insert into PurchaseOrder (OrderID, SupplierID, OrderDate, TotalAmount, Status, PaymentMethod, PaymentStatus, ExpectedDeliveryDate, ActualDeliveryDate, Comments) values (214, 7, '2021-05-05 13:48:32', 163724, 'Processing', null, 'Partially Paid', '2000-08-19 19:28:55', '2016-01-30 12:34:17', 'consectetuer adipiscing elit');
insert into PurchaseOrder (OrderID, SupplierID, OrderDate, TotalAmount, Status, PaymentMethod, PaymentStatus, ExpectedDeliveryDate, ActualDeliveryDate, Comments) values (215, 5, '2010-04-23 07:33:13', 155513, 'Shipped', 'PayPal', 'Unpaid', '2010-12-17 19:03:23', '2022-11-12 02:44:08', 'consequat dui');
insert into PurchaseOrder (OrderID, SupplierID, OrderDate, TotalAmount, Status, PaymentMethod, PaymentStatus, ExpectedDeliveryDate, ActualDeliveryDate, Comments) values (216, 1, '2021-08-21 16:38:52', 168911, 'Shipped', 'Bank Transfer', 'Unpaid', '2018-09-23 00:57:55', '2015-03-18 13:05:05', 'eleifend donec ut');
insert into PurchaseOrder (OrderID, SupplierID, OrderDate, TotalAmount, Status, PaymentMethod, PaymentStatus, ExpectedDeliveryDate, ActualDeliveryDate, Comments) values (217, 10, '2014-02-16 20:21:45', 112881, 'Processing', 'Debit Card', 'Overdue', '2006-09-19 21:42:51', '2016-11-16 20:28:38', 'tincidunt lacus');
insert into PurchaseOrder (OrderID, SupplierID, OrderDate, TotalAmount, Status, PaymentMethod, PaymentStatus, ExpectedDeliveryDate, ActualDeliveryDate, Comments) values (218, 7, '2006-11-22 18:54:48', 68541, 'Cancelled', 'Credit Card', 'Unpaid', '2004-09-22 02:58:57', '2003-03-05 06:22:05', 'erat quisque erat eros');
insert into PurchaseOrder (OrderID, SupplierID, OrderDate, TotalAmount, Status, PaymentMethod, PaymentStatus, ExpectedDeliveryDate, ActualDeliveryDate, Comments) values (219, 7, '2016-08-04 17:53:44', 148435, 'Pending', 'Debit Card', 'Partially Paid', '2011-07-20 14:36:51', '2007-05-07 11:11:06', 'nibh in');
insert into PurchaseOrder (OrderID, SupplierID, OrderDate, TotalAmount, Status, PaymentMethod, PaymentStatus, ExpectedDeliveryDate, ActualDeliveryDate, Comments) values (220, 2, '2004-06-30 14:49:24', 78015, 'Cancelled', 'Debit Card', 'Paid', '2018-06-19 00:03:54', '2019-10-18 08:16:34', 'volutpat erat quisque erat');
insert into PurchaseOrder (OrderID, SupplierID, OrderDate, TotalAmount, Status, PaymentMethod, PaymentStatus, ExpectedDeliveryDate, ActualDeliveryDate, Comments) values (221, 4, '2022-10-09 21:58:47', 109322, 'Delivered', null, 'Paid', '2007-07-27 07:39:55', '2022-07-20 17:44:40', 'sociis natoque penatibus et');
insert into PurchaseOrder (OrderID, SupplierID, OrderDate, TotalAmount, Status, PaymentMethod, PaymentStatus, ExpectedDeliveryDate, ActualDeliveryDate, Comments) values (222, 7, '2018-10-06 11:46:05', 96755, 'Shipped', 'Credit Card', 'Paid', '2001-03-30 14:27:59', '2002-05-24 23:18:34', 'sit amet sem fusce');
insert into PurchaseOrder (OrderID, SupplierID, OrderDate, TotalAmount, Status, PaymentMethod, PaymentStatus, ExpectedDeliveryDate, ActualDeliveryDate, Comments) values (223, 1, '2003-07-05 01:24:29', 31676, 'Cancelled', 'PayPal', 'Overdue', '2006-08-25 16:51:04', '2012-07-18 15:31:45', 'imperdiet nullam');
insert into PurchaseOrder (OrderID, SupplierID, OrderDate, TotalAmount, Status, PaymentMethod, PaymentStatus, ExpectedDeliveryDate, ActualDeliveryDate, Comments) values (224, 1, '2009-01-05 05:16:06', 49656, 'Shipped', 'Bank Transfer', 'Partially Paid', '2014-04-23 13:24:25', '2005-04-02 08:26:05', 'cum sociis natoque');
insert into PurchaseOrder (OrderID, SupplierID, OrderDate, TotalAmount, Status, PaymentMethod, PaymentStatus, ExpectedDeliveryDate, ActualDeliveryDate, Comments) values (225, 8, '2002-03-09 12:11:35', 173609, 'Delivered', 'Credit Card', 'Paid', '2008-06-13 23:36:59', '2001-07-20 20:22:34', 'ac leo pellentesque ultrices');
insert into PurchaseOrder (OrderID, SupplierID, OrderDate, TotalAmount, Status, PaymentMethod, PaymentStatus, ExpectedDeliveryDate, ActualDeliveryDate, Comments) values (226, 3, '2006-05-08 23:59:21', 114181, 'Pending', 'PayPal', 'Unpaid', '2007-08-18 12:38:35', '2022-09-27 05:39:41', 'facilisi cras non');
insert into PurchaseOrder (OrderID, SupplierID, OrderDate, TotalAmount, Status, PaymentMethod, PaymentStatus, ExpectedDeliveryDate, ActualDeliveryDate, Comments) values (227, 8, '2014-04-26 10:06:10', 196972, 'Cancelled', 'Bank Transfer', 'Partially Paid', '2008-04-18 20:38:14', '2015-11-25 20:55:53', 'interdum in');
insert into PurchaseOrder (OrderID, SupplierID, OrderDate, TotalAmount, Status, PaymentMethod, PaymentStatus, ExpectedDeliveryDate, ActualDeliveryDate, Comments) values (228, 3, '2001-09-28 13:50:28', 136167, 'Pending', 'PayPal', 'Overdue', '2014-03-29 22:12:21', '2006-12-18 21:52:23', 'proin interdum mauris');
insert into PurchaseOrder (OrderID, SupplierID, OrderDate, TotalAmount, Status, PaymentMethod, PaymentStatus, ExpectedDeliveryDate, ActualDeliveryDate, Comments) values (229, 5, '2008-06-28 05:40:25', 12638, 'Delivered', 'Cash', 'Paid', '2019-04-15 09:45:58', '2005-05-22 21:38:37', 'vulputate justo');
insert into PurchaseOrder (OrderID, SupplierID, OrderDate, TotalAmount, Status, PaymentMethod, PaymentStatus, ExpectedDeliveryDate, ActualDeliveryDate, Comments) values (230, 3, '2021-09-02 17:19:52', 93293, 'Cancelled', null, 'Partially Paid', '2000-08-08 23:20:26', '2015-05-04 03:57:11', 'eu interdum');
insert into PurchaseOrder (OrderID, SupplierID, OrderDate, TotalAmount, Status, PaymentMethod, PaymentStatus, ExpectedDeliveryDate, ActualDeliveryDate, Comments) values (231, 5, '2021-06-08 17:15:00', 28911, 'Pending', 'Cash', 'Partially Paid', '2015-10-25 07:12:19', '2005-03-05 11:42:07', 'cum sociis');
insert into PurchaseOrder (OrderID, SupplierID, OrderDate, TotalAmount, Status, PaymentMethod, PaymentStatus, ExpectedDeliveryDate, ActualDeliveryDate, Comments) values (232, 7, '2006-10-07 14:09:09', 29523, 'Shipped', 'Cash', 'Unpaid', '2009-05-14 04:49:17', '2013-08-23 14:25:50', 'a pede');
insert into PurchaseOrder (OrderID, SupplierID, OrderDate, TotalAmount, Status, PaymentMethod, PaymentStatus, ExpectedDeliveryDate, ActualDeliveryDate, Comments) values (233, 7, '2012-02-17 16:03:44', 13158, 'Shipped', 'Cash', 'Partially Paid', '2011-02-06 05:29:13', null, 'lobortis vel');
insert into PurchaseOrder (OrderID, SupplierID, OrderDate, TotalAmount, Status, PaymentMethod, PaymentStatus, ExpectedDeliveryDate, ActualDeliveryDate, Comments) values (234, 5, '2020-10-10 17:38:39', 137014, 'Pending', 'Cash', 'Unpaid', '2001-11-09 01:42:47', null, 'morbi non quam nec');
insert into PurchaseOrder (OrderID, SupplierID, OrderDate, TotalAmount, Status, PaymentMethod, PaymentStatus, ExpectedDeliveryDate, ActualDeliveryDate, Comments) values (235, 9, '2000-11-02 09:58:23', 61186, 'Processing', 'PayPal', 'Unpaid', '2012-03-22 10:58:22', '2021-09-05 17:30:52', 'amet eros');
insert into PurchaseOrder (OrderID, SupplierID, OrderDate, TotalAmount, Status, PaymentMethod, PaymentStatus, ExpectedDeliveryDate, ActualDeliveryDate, Comments) values (236, 3, '2013-05-22 10:04:28', 95514, 'Processing', 'PayPal', 'Paid', '2008-06-12 07:30:48', '2020-08-16 09:19:51', 'pede venenatis');
insert into PurchaseOrder (OrderID, SupplierID, OrderDate, TotalAmount, Status, PaymentMethod, PaymentStatus, ExpectedDeliveryDate, ActualDeliveryDate, Comments) values (237, 8, '2005-02-04 00:08:25', 92467, 'Shipped', 'PayPal', 'Partially Paid', '2017-01-28 12:09:30', '2006-11-23 18:13:44', 'felis eu');
insert into PurchaseOrder (OrderID, SupplierID, OrderDate, TotalAmount, Status, PaymentMethod, PaymentStatus, ExpectedDeliveryDate, ActualDeliveryDate, Comments) values (238, 7, '2006-08-15 03:32:14', 56185, 'Cancelled', 'PayPal', 'Paid', '2006-04-07 12:37:54', '2018-06-15 17:29:00', 'eu mi nulla');
insert into PurchaseOrder (OrderID, SupplierID, OrderDate, TotalAmount, Status, PaymentMethod, PaymentStatus, ExpectedDeliveryDate, ActualDeliveryDate, Comments) values (239, 2, '2022-04-08 05:58:38', 136082, 'Cancelled', 'PayPal', 'Unpaid', '2019-04-28 11:18:37', '2009-08-25 04:09:24', 'non interdum');
insert into PurchaseOrder (OrderID, SupplierID, OrderDate, TotalAmount, Status, PaymentMethod, PaymentStatus, ExpectedDeliveryDate, ActualDeliveryDate, Comments) values (240, 2, '2000-08-27 15:32:57', 73624, 'Pending', 'Debit Card', 'Paid', '2005-04-05 14:30:42', '2010-12-10 04:33:37', 'elit ac nulla sed');
insert into PurchaseOrder (OrderID, SupplierID, OrderDate, TotalAmount, Status, PaymentMethod, PaymentStatus, ExpectedDeliveryDate, ActualDeliveryDate, Comments) values (241, 8, '2019-10-28 03:33:34', 32594, 'Cancelled', 'Cash', 'Overdue', '2019-07-31 03:48:22', '2020-04-13 06:06:03', 'vehicula consequat');
insert into PurchaseOrder (OrderID, SupplierID, OrderDate, TotalAmount, Status, PaymentMethod, PaymentStatus, ExpectedDeliveryDate, ActualDeliveryDate, Comments) values (242, 6, '2015-11-15 19:19:18', 43300, 'Cancelled', null, 'Overdue', '2018-10-03 12:36:20', '2002-07-17 23:18:17', 'faucibus cursus urna ut');
insert into PurchaseOrder (OrderID, SupplierID, OrderDate, TotalAmount, Status, PaymentMethod, PaymentStatus, ExpectedDeliveryDate, ActualDeliveryDate, Comments) values (243, 10, '2014-05-14 01:17:29', 143652, 'Shipped', 'Debit Card', 'Paid', '2006-07-21 06:28:21', '2000-06-21 10:02:52', 'ante ipsum primis');
insert into PurchaseOrder (OrderID, SupplierID, OrderDate, TotalAmount, Status, PaymentMethod, PaymentStatus, ExpectedDeliveryDate, ActualDeliveryDate, Comments) values (244, 9, '2016-10-15 03:06:09', 55300, 'Processing', 'Bank Transfer', 'Unpaid', '2018-07-21 02:55:47', null, 'consectetuer eget');
insert into PurchaseOrder (OrderID, SupplierID, OrderDate, TotalAmount, Status, PaymentMethod, PaymentStatus, ExpectedDeliveryDate, ActualDeliveryDate, Comments) values (245, 7, '2015-08-23 03:07:45', 130338, 'Pending', null, 'Unpaid', '2014-11-25 07:46:48', '2015-12-24 09:57:32', 'augue vestibulum ante');
insert into PurchaseOrder (OrderID, SupplierID, OrderDate, TotalAmount, Status, PaymentMethod, PaymentStatus, ExpectedDeliveryDate, ActualDeliveryDate, Comments) values (246, 1, '2017-06-24 23:08:16', 63657, 'Delivered', 'PayPal', 'Overdue', '2008-05-28 00:53:44', '2020-03-18 16:49:56', 'tempus sit amet');
insert into PurchaseOrder (OrderID, SupplierID, OrderDate, TotalAmount, Status, PaymentMethod, PaymentStatus, ExpectedDeliveryDate, ActualDeliveryDate, Comments) values (247, 9, '2013-10-30 00:49:55', 9760, 'Delivered', 'Bank Transfer', 'Unpaid', '2001-08-08 15:43:01', '2020-02-12 12:52:19', 'curabitur in');
insert into PurchaseOrder (OrderID, SupplierID, OrderDate, TotalAmount, Status, PaymentMethod, PaymentStatus, ExpectedDeliveryDate, ActualDeliveryDate, Comments) values (248, 9, '2018-02-10 21:48:33', 180759, 'Shipped', 'PayPal', 'Overdue', '2007-08-02 05:07:53', '2021-01-13 09:32:04', 'feugiat non pretium quis');
insert into PurchaseOrder (OrderID, SupplierID, OrderDate, TotalAmount, Status, PaymentMethod, PaymentStatus, ExpectedDeliveryDate, ActualDeliveryDate, Comments) values (249, 5, '2019-01-11 07:29:17', 181842, 'Shipped', 'Bank Transfer', 'Partially Paid', '2003-02-22 19:20:48', '2003-10-15 12:32:14', 'ultrices phasellus id');
insert into PurchaseOrder (OrderID, SupplierID, OrderDate, TotalAmount, Status, PaymentMethod, PaymentStatus, ExpectedDeliveryDate, ActualDeliveryDate, Comments) values (250, 8, '2018-07-25 10:54:42', 164627, 'Shipped', 'Cash', 'Unpaid', '2022-03-08 09:54:34', '2008-11-16 01:53:32', 'ante vivamus');
insert into PurchaseOrder (OrderID, SupplierID, OrderDate, TotalAmount, Status, PaymentMethod, PaymentStatus, ExpectedDeliveryDate, ActualDeliveryDate, Comments) values (251, 3, '2013-01-26 15:54:25', 19257, 'Cancelled', null, 'Unpaid', '2004-06-04 02:38:33', '2021-04-26 12:50:33', 'sed lacus');
insert into PurchaseOrder (OrderID, SupplierID, OrderDate, TotalAmount, Status, PaymentMethod, PaymentStatus, ExpectedDeliveryDate, ActualDeliveryDate, Comments) values (252, 9, '2015-07-23 05:06:08', 150109, 'Delivered', 'Debit Card', 'Unpaid', '2019-08-04 03:12:21', '2013-06-28 15:04:41', 'primis in');
insert into PurchaseOrder (OrderID, SupplierID, OrderDate, TotalAmount, Status, PaymentMethod, PaymentStatus, ExpectedDeliveryDate, ActualDeliveryDate, Comments) values (253, 3, '2019-03-20 10:37:49', 122196, 'Processing', 'Bank Transfer', 'Unpaid', '2020-01-31 21:55:53', '2019-10-13 07:44:08', 'lobortis ligula sit amet');
insert into PurchaseOrder (OrderID, SupplierID, OrderDate, TotalAmount, Status, PaymentMethod, PaymentStatus, ExpectedDeliveryDate, ActualDeliveryDate, Comments) values (254, 1, '2017-02-12 16:32:19', 48514, 'Processing', 'Credit Card', 'Partially Paid', '2015-12-17 07:57:18', '2003-04-04 11:23:17', 'rutrum at lorem');
insert into PurchaseOrder (OrderID, SupplierID, OrderDate, TotalAmount, Status, PaymentMethod, PaymentStatus, ExpectedDeliveryDate, ActualDeliveryDate, Comments) values (255, 8, '2000-01-05 01:51:48', 17137, 'Pending', 'Cash', 'Paid', '2010-10-21 09:12:23', '2011-01-21 03:31:46', 'nisi vulputate');
insert into PurchaseOrder (OrderID, SupplierID, OrderDate, TotalAmount, Status, PaymentMethod, PaymentStatus, ExpectedDeliveryDate, ActualDeliveryDate, Comments) values (256, 6, '2010-06-11 18:58:03', 165839, 'Pending', 'Debit Card', 'Partially Paid', '2009-02-21 17:49:08', '2012-02-27 05:24:44', 'sit amet cursus id');
insert into PurchaseOrder (OrderID, SupplierID, OrderDate, TotalAmount, Status, PaymentMethod, PaymentStatus, ExpectedDeliveryDate, ActualDeliveryDate, Comments) values (257, 4, '2012-02-12 10:08:17', 19449, 'Pending', 'Debit Card', 'Unpaid', '2021-11-28 11:51:38', '2013-10-07 08:59:45', 'facilisi cras non velit');
insert into PurchaseOrder (OrderID, SupplierID, OrderDate, TotalAmount, Status, PaymentMethod, PaymentStatus, ExpectedDeliveryDate, ActualDeliveryDate, Comments) values (258, 10, '2005-07-21 10:44:36', 18308, 'Delivered', 'Cash', 'Unpaid', '2000-11-22 09:37:21', '2014-11-18 14:01:05', 'dui luctus rutrum');
insert into PurchaseOrder (OrderID, SupplierID, OrderDate, TotalAmount, Status, PaymentMethod, PaymentStatus, ExpectedDeliveryDate, ActualDeliveryDate, Comments) values (259, 10, '2001-02-27 14:25:20', 47813, 'Shipped', 'Bank Transfer', 'Unpaid', '2016-04-04 19:18:00', '2018-01-25 18:42:14', 'pharetra magna ac');
insert into PurchaseOrder (OrderID, SupplierID, OrderDate, TotalAmount, Status, PaymentMethod, PaymentStatus, ExpectedDeliveryDate, ActualDeliveryDate, Comments) values (260, 1, '2007-06-12 07:06:17', 89671, 'Pending', 'Debit Card', 'Unpaid', '2002-12-13 07:17:18', '2008-05-29 22:42:23', 'phasellus id');
insert into PurchaseOrder (OrderID, SupplierID, OrderDate, TotalAmount, Status, PaymentMethod, PaymentStatus, ExpectedDeliveryDate, ActualDeliveryDate, Comments) values (261, 1, '2000-06-02 19:03:20', 140349, 'Processing', 'Debit Card', 'Paid', '2019-02-13 03:20:13', '2003-09-11 13:40:26', 'pulvinar lobortis est');
insert into PurchaseOrder (OrderID, SupplierID, OrderDate, TotalAmount, Status, PaymentMethod, PaymentStatus, ExpectedDeliveryDate, ActualDeliveryDate, Comments) values (262, 2, '2000-04-20 00:52:43', 185576, 'Pending', 'Debit Card', 'Unpaid', '2016-07-20 12:13:30', '2017-07-25 08:35:25', 'nulla sed vel');
insert into PurchaseOrder (OrderID, SupplierID, OrderDate, TotalAmount, Status, PaymentMethod, PaymentStatus, ExpectedDeliveryDate, ActualDeliveryDate, Comments) values (263, 5, '2014-07-27 18:40:11', 9689, 'Shipped', null, 'Unpaid', '2020-07-17 18:21:28', '2017-03-19 03:13:36', 'sem duis');
insert into PurchaseOrder (OrderID, SupplierID, OrderDate, TotalAmount, Status, PaymentMethod, PaymentStatus, ExpectedDeliveryDate, ActualDeliveryDate, Comments) values (264, 2, '2006-11-26 04:40:53', 96069, 'Processing', 'PayPal', 'Unpaid', '2013-01-03 16:38:47', '2017-03-25 23:27:44', 'metus arcu');
insert into PurchaseOrder (OrderID, SupplierID, OrderDate, TotalAmount, Status, PaymentMethod, PaymentStatus, ExpectedDeliveryDate, ActualDeliveryDate, Comments) values (265, 3, '2000-05-08 04:38:18', 164362, 'Cancelled', 'PayPal', 'Partially Paid', '2017-05-27 10:31:45', '2016-12-17 19:56:57', 'velit donec diam neque');
insert into PurchaseOrder (OrderID, SupplierID, OrderDate, TotalAmount, Status, PaymentMethod, PaymentStatus, ExpectedDeliveryDate, ActualDeliveryDate, Comments) values (266, 9, '2001-03-16 10:03:49', 87776, 'Shipped', 'Debit Card', 'Unpaid', '2019-12-12 07:17:12', '2000-09-13 23:51:21', 'eu interdum eu tincidunt');
insert into PurchaseOrder (OrderID, SupplierID, OrderDate, TotalAmount, Status, PaymentMethod, PaymentStatus, ExpectedDeliveryDate, ActualDeliveryDate, Comments) values (267, 1, '2008-09-11 05:36:04', 52320, 'Cancelled', 'Cash', 'Paid', '2016-02-08 22:57:03', '2020-12-06 00:52:03', 'eros suspendisse accumsan tortor');
insert into PurchaseOrder (OrderID, SupplierID, OrderDate, TotalAmount, Status, PaymentMethod, PaymentStatus, ExpectedDeliveryDate, ActualDeliveryDate, Comments) values (268, 2, '2013-08-16 13:16:58', 79520, 'Processing', 'Credit Card', 'Overdue', '2002-05-28 11:25:09', null, 'justo nec condimentum neque');
insert into PurchaseOrder (OrderID, SupplierID, OrderDate, TotalAmount, Status, PaymentMethod, PaymentStatus, ExpectedDeliveryDate, ActualDeliveryDate, Comments) values (269, 4, '2006-04-29 18:08:27', 34844, 'Cancelled', 'Bank Transfer', 'Unpaid', '2002-07-13 01:05:20', '2005-07-04 10:09:53', 'iaculis diam');
insert into PurchaseOrder (OrderID, SupplierID, OrderDate, TotalAmount, Status, PaymentMethod, PaymentStatus, ExpectedDeliveryDate, ActualDeliveryDate, Comments) values (270, 8, '2008-12-31 18:29:31', 170160, 'Shipped', 'Debit Card', 'Overdue', '2000-04-05 20:25:29', '2006-02-06 03:13:28', 'ac diam cras pellentesque');
insert into PurchaseOrder (OrderID, SupplierID, OrderDate, TotalAmount, Status, PaymentMethod, PaymentStatus, ExpectedDeliveryDate, ActualDeliveryDate, Comments) values (271, 7, '2018-09-17 06:51:27', 115027, 'Pending', 'Credit Card', 'Paid', '2022-05-23 01:37:08', '2013-09-25 23:50:26', 'non mi integer ac');
insert into PurchaseOrder (OrderID, SupplierID, OrderDate, TotalAmount, Status, PaymentMethod, PaymentStatus, ExpectedDeliveryDate, ActualDeliveryDate, Comments) values (272, 3, '2010-08-23 15:27:09', 169389, 'Cancelled', null, 'Unpaid', '2013-07-30 21:22:39', '2013-07-15 13:45:30', 'porttitor lacus');
insert into PurchaseOrder (OrderID, SupplierID, OrderDate, TotalAmount, Status, PaymentMethod, PaymentStatus, ExpectedDeliveryDate, ActualDeliveryDate, Comments) values (273, 3, '2020-01-18 07:27:47', 57174, 'Pending', null, 'Paid', '2004-10-03 06:21:20', '2021-07-19 13:26:36', 'ante ipsum primis');
insert into PurchaseOrder (OrderID, SupplierID, OrderDate, TotalAmount, Status, PaymentMethod, PaymentStatus, ExpectedDeliveryDate, ActualDeliveryDate, Comments) values (274, 9, '2009-08-20 13:46:32', 129104, 'Pending', 'PayPal', 'Unpaid', '2013-11-26 14:02:32', '2004-09-03 21:29:37', 'integer aliquet');
insert into PurchaseOrder (OrderID, SupplierID, OrderDate, TotalAmount, Status, PaymentMethod, PaymentStatus, ExpectedDeliveryDate, ActualDeliveryDate, Comments) values (275, 9, '2019-11-24 17:54:01', 139736, 'Processing', 'Debit Card', 'Partially Paid', '2011-10-13 12:01:10', '2005-09-13 03:47:37', 'penatibus et magnis dis');
insert into PurchaseOrder (OrderID, SupplierID, OrderDate, TotalAmount, Status, PaymentMethod, PaymentStatus, ExpectedDeliveryDate, ActualDeliveryDate, Comments) values (276, 5, '2013-07-16 20:16:50', 87310, 'Delivered', 'Bank Transfer', 'Unpaid', '2007-05-29 16:30:22', '2009-03-31 12:59:59', 'aliquet at feugiat non');
insert into PurchaseOrder (OrderID, SupplierID, OrderDate, TotalAmount, Status, PaymentMethod, PaymentStatus, ExpectedDeliveryDate, ActualDeliveryDate, Comments) values (277, 2, '2000-06-17 05:17:10', 23655, 'Delivered', 'Cash', 'Overdue', '2007-07-22 02:23:15', '2016-10-15 20:00:26', 'nibh fusce lacus purus');
insert into PurchaseOrder (OrderID, SupplierID, OrderDate, TotalAmount, Status, PaymentMethod, PaymentStatus, ExpectedDeliveryDate, ActualDeliveryDate, Comments) values (278, 3, '2013-02-04 05:46:31', 29961, 'Delivered', 'Cash', 'Paid', '2018-04-01 00:29:43', '2021-07-31 12:41:13', 'penatibus et');
insert into PurchaseOrder (OrderID, SupplierID, OrderDate, TotalAmount, Status, PaymentMethod, PaymentStatus, ExpectedDeliveryDate, ActualDeliveryDate, Comments) values (279, 7, '2002-02-10 15:45:51', 181739, 'Delivered', 'Bank Transfer', 'Paid', '2011-07-30 10:39:48', '2014-12-09 02:52:39', 'ipsum praesent blandit lacinia');
insert into PurchaseOrder (OrderID, SupplierID, OrderDate, TotalAmount, Status, PaymentMethod, PaymentStatus, ExpectedDeliveryDate, ActualDeliveryDate, Comments) values (280, 5, '2007-11-28 05:39:34', 11176, 'Cancelled', 'Bank Transfer', 'Overdue', '2010-01-02 04:00:25', '2002-11-01 00:10:55', 'vel sem sed sagittis');
insert into PurchaseOrder (OrderID, SupplierID, OrderDate, TotalAmount, Status, PaymentMethod, PaymentStatus, ExpectedDeliveryDate, ActualDeliveryDate, Comments) values (281, 3, '2001-07-19 01:10:49', 44058, 'Shipped', null, 'Paid', '2007-12-30 14:31:12', '2021-08-19 07:32:44', 'metus sapien ut nunc');
insert into PurchaseOrder (OrderID, SupplierID, OrderDate, TotalAmount, Status, PaymentMethod, PaymentStatus, ExpectedDeliveryDate, ActualDeliveryDate, Comments) values (282, 6, '2013-11-04 01:51:52', 10933, 'Processing', 'Credit Card', 'Partially Paid', '2019-09-01 04:24:38', '2004-06-03 21:33:58', 'aliquet massa id lobortis');
insert into PurchaseOrder (OrderID, SupplierID, OrderDate, TotalAmount, Status, PaymentMethod, PaymentStatus, ExpectedDeliveryDate, ActualDeliveryDate, Comments) values (283, 10, '2003-05-02 23:22:23', 115736, 'Delivered', 'PayPal', 'Partially Paid', '2000-07-25 05:24:23', '2022-12-30 01:18:15', 'aliquet massa id lobortis');
insert into PurchaseOrder (OrderID, SupplierID, OrderDate, TotalAmount, Status, PaymentMethod, PaymentStatus, ExpectedDeliveryDate, ActualDeliveryDate, Comments) values (284, 8, '2014-01-31 02:00:00', 52912, 'Processing', 'Debit Card', 'Unpaid', '2008-11-21 00:16:52', '2019-11-04 23:34:42', 'vestibulum proin eu');
insert into PurchaseOrder (OrderID, SupplierID, OrderDate, TotalAmount, Status, PaymentMethod, PaymentStatus, ExpectedDeliveryDate, ActualDeliveryDate, Comments) values (285, 3, '2002-08-25 08:42:02', 179761, 'Cancelled', 'Bank Transfer', 'Unpaid', '2019-06-01 02:33:07', '2001-08-15 04:06:23', 'justo etiam pretium');
insert into PurchaseOrder (OrderID, SupplierID, OrderDate, TotalAmount, Status, PaymentMethod, PaymentStatus, ExpectedDeliveryDate, ActualDeliveryDate, Comments) values (286, 7, '2009-07-22 18:55:51', 104956, 'Processing', 'Cash', 'Overdue', '2022-10-03 21:22:21', '2011-11-01 16:20:39', 'diam id ornare');
insert into PurchaseOrder (OrderID, SupplierID, OrderDate, TotalAmount, Status, PaymentMethod, PaymentStatus, ExpectedDeliveryDate, ActualDeliveryDate, Comments) values (287, 1, '2001-11-16 17:03:06', 7199, 'Processing', null, 'Overdue', '2009-05-17 12:20:14', '2021-03-27 05:11:29', 'adipiscing lorem');
insert into PurchaseOrder (OrderID, SupplierID, OrderDate, TotalAmount, Status, PaymentMethod, PaymentStatus, ExpectedDeliveryDate, ActualDeliveryDate, Comments) values (288, 8, '2016-02-27 06:37:32', 140420, 'Pending', 'PayPal', 'Overdue', '2016-12-06 23:59:31', '2003-03-27 08:02:51', 'in quis justo maecenas');
insert into PurchaseOrder (OrderID, SupplierID, OrderDate, TotalAmount, Status, PaymentMethod, PaymentStatus, ExpectedDeliveryDate, ActualDeliveryDate, Comments) values (289, 2, '2021-11-25 02:55:21', 187905, 'Shipped', 'Credit Card', 'Paid', '2000-08-30 03:50:16', '2019-09-15 17:26:30', 'libero quis');
insert into PurchaseOrder (OrderID, SupplierID, OrderDate, TotalAmount, Status, PaymentMethod, PaymentStatus, ExpectedDeliveryDate, ActualDeliveryDate, Comments) values (290, 10, '2004-10-07 02:09:39', 42280, 'Cancelled', 'Credit Card', 'Partially Paid', '2008-12-19 21:58:55', '2011-09-23 07:42:35', 'pellentesque volutpat dui maecenas');
insert into PurchaseOrder (OrderID, SupplierID, OrderDate, TotalAmount, Status, PaymentMethod, PaymentStatus, ExpectedDeliveryDate, ActualDeliveryDate, Comments) values (291, 4, '2017-09-27 13:01:36', 85378, 'Delivered', 'PayPal', 'Overdue', '2015-02-04 08:39:02', '2020-02-26 18:49:47', null);
insert into PurchaseOrder (OrderID, SupplierID, OrderDate, TotalAmount, Status, PaymentMethod, PaymentStatus, ExpectedDeliveryDate, ActualDeliveryDate, Comments) values (292, 5, '2003-11-27 04:29:52', 106665, 'Processing', 'Bank Transfer', 'Partially Paid', '2011-08-22 16:25:46', '2012-12-26 15:55:43', 'pellentesque eget nunc donec');
insert into PurchaseOrder (OrderID, SupplierID, OrderDate, TotalAmount, Status, PaymentMethod, PaymentStatus, ExpectedDeliveryDate, ActualDeliveryDate, Comments) values (293, 4, '2000-06-24 09:36:54', 149274, 'Pending', 'PayPal', 'Partially Paid', '2012-09-03 07:49:43', '2005-10-05 05:57:13', 'pede malesuada in');
insert into PurchaseOrder (OrderID, SupplierID, OrderDate, TotalAmount, Status, PaymentMethod, PaymentStatus, ExpectedDeliveryDate, ActualDeliveryDate, Comments) values (294, 5, '2022-07-18 05:52:04', 164332, 'Delivered', 'PayPal', 'Unpaid', '2008-11-06 16:47:55', '2015-03-05 00:48:59', 'curae nulla dapibus');
insert into PurchaseOrder (OrderID, SupplierID, OrderDate, TotalAmount, Status, PaymentMethod, PaymentStatus, ExpectedDeliveryDate, ActualDeliveryDate, Comments) values (295, 3, '2005-06-08 23:56:04', 28872, 'Delivered', 'PayPal', 'Overdue', '2007-01-26 19:50:07', '2012-09-19 11:51:18', 'suscipit ligula in lacus');
insert into PurchaseOrder (OrderID, SupplierID, OrderDate, TotalAmount, Status, PaymentMethod, PaymentStatus, ExpectedDeliveryDate, ActualDeliveryDate, Comments) values (296, 10, '2004-07-09 22:20:57', 45613, 'Delivered', 'Debit Card', 'Overdue', '2018-10-02 09:40:00', '2022-05-16 15:19:55', 'a libero nam');
insert into PurchaseOrder (OrderID, SupplierID, OrderDate, TotalAmount, Status, PaymentMethod, PaymentStatus, ExpectedDeliveryDate, ActualDeliveryDate, Comments) values (297, 10, '2021-11-12 22:33:23', 15347, 'Shipped', 'PayPal', 'Partially Paid', '2016-07-18 08:04:09', '2019-10-29 23:10:47', 'iaculis diam erat fermentum');
insert into PurchaseOrder (OrderID, SupplierID, OrderDate, TotalAmount, Status, PaymentMethod, PaymentStatus, ExpectedDeliveryDate, ActualDeliveryDate, Comments) values (298, 2, '2001-05-03 00:57:40', 199885, 'Shipped', 'Bank Transfer', 'Unpaid', '2006-10-09 01:15:01', '2012-06-04 20:48:52', 'sed vestibulum sit amet');
insert into PurchaseOrder (OrderID, SupplierID, OrderDate, TotalAmount, Status, PaymentMethod, PaymentStatus, ExpectedDeliveryDate, ActualDeliveryDate, Comments) values (299, 3, '2019-10-17 19:33:03', 36723, 'Processing', 'PayPal', 'Overdue', '2001-05-24 03:54:42', '2010-08-07 09:44:12', 'semper rutrum nulla nunc');
insert into PurchaseOrder (OrderID, SupplierID, OrderDate, TotalAmount, Status, PaymentMethod, PaymentStatus, ExpectedDeliveryDate, ActualDeliveryDate, Comments) values (300, 4, '2020-09-10 08:41:31', 152988, 'Delivered', 'PayPal', 'Partially Paid', '2006-10-13 17:41:56', '2003-08-08 08:16:49', 'velit donec diam neque');
insert into PurchaseOrder (OrderID, SupplierID, OrderDate, TotalAmount, Status, PaymentMethod, PaymentStatus, ExpectedDeliveryDate, ActualDeliveryDate, Comments) values (301, 8, '2020-03-06 07:36:37', 121035, 'Pending', 'Cash', 'Partially Paid', '2009-10-12 03:28:45', '2014-12-01 00:29:02', 'velit nec');
insert into PurchaseOrder (OrderID, SupplierID, OrderDate, TotalAmount, Status, PaymentMethod, PaymentStatus, ExpectedDeliveryDate, ActualDeliveryDate, Comments) values (302, 3, '2000-07-23 00:55:50', 183432, 'Processing', 'Cash', 'Overdue', '2020-01-18 09:52:37', '2014-03-13 00:40:25', 'scelerisque quam turpis');
insert into PurchaseOrder (OrderID, SupplierID, OrderDate, TotalAmount, Status, PaymentMethod, PaymentStatus, ExpectedDeliveryDate, ActualDeliveryDate, Comments) values (303, 3, '2020-08-25 13:36:23', 3603, 'Pending', 'PayPal', 'Unpaid', '2000-01-25 11:54:47', '2003-06-24 23:32:53', 'mi nulla ac enim');
insert into PurchaseOrder (OrderID, SupplierID, OrderDate, TotalAmount, Status, PaymentMethod, PaymentStatus, ExpectedDeliveryDate, ActualDeliveryDate, Comments) values (304, 7, '2006-04-23 00:14:28', 177322, 'Cancelled', 'Bank Transfer', 'Paid', '2002-09-03 21:49:54', '2007-07-21 11:06:27', 'non mauris morbi non');
insert into PurchaseOrder (OrderID, SupplierID, OrderDate, TotalAmount, Status, PaymentMethod, PaymentStatus, ExpectedDeliveryDate, ActualDeliveryDate, Comments) values (305, 2, '2012-08-07 21:42:23', 167565, 'Cancelled', 'Cash', 'Overdue', '2008-03-09 20:16:22', '2007-08-30 11:16:01', null);
insert into PurchaseOrder (OrderID, SupplierID, OrderDate, TotalAmount, Status, PaymentMethod, PaymentStatus, ExpectedDeliveryDate, ActualDeliveryDate, Comments) values (306, 1, '2007-09-18 02:14:23', 16759, 'Pending', 'Bank Transfer', 'Partially Paid', '2006-06-17 03:05:12', '2009-12-08 11:17:23', 'venenatis turpis');
insert into PurchaseOrder (OrderID, SupplierID, OrderDate, TotalAmount, Status, PaymentMethod, PaymentStatus, ExpectedDeliveryDate, ActualDeliveryDate, Comments) values (307, 8, '2012-03-19 06:49:48', 5258, 'Pending', 'Bank Transfer', 'Partially Paid', '2006-06-28 04:51:33', '2002-07-03 09:49:25', null);
insert into PurchaseOrder (OrderID, SupplierID, OrderDate, TotalAmount, Status, PaymentMethod, PaymentStatus, ExpectedDeliveryDate, ActualDeliveryDate, Comments) values (308, 4, '2007-04-26 02:43:10', 123779, 'Delivered', 'Bank Transfer', 'Overdue', '2022-10-20 01:06:44', '2008-04-30 20:42:46', 'amet nulla quisque');
insert into PurchaseOrder (OrderID, SupplierID, OrderDate, TotalAmount, Status, PaymentMethod, PaymentStatus, ExpectedDeliveryDate, ActualDeliveryDate, Comments) values (309, 9, '2000-10-14 20:58:06', 25827, 'Cancelled', 'PayPal', 'Overdue', '2010-11-30 20:51:34', '2012-10-11 04:08:30', 'semper sapien');
insert into PurchaseOrder (OrderID, SupplierID, OrderDate, TotalAmount, Status, PaymentMethod, PaymentStatus, ExpectedDeliveryDate, ActualDeliveryDate, Comments) values (310, 7, '2014-10-20 21:48:35', 77054, 'Processing', 'Bank Transfer', 'Overdue', '2008-10-02 21:00:01', '2005-02-25 12:03:37', 'auctor gravida');
insert into PurchaseOrder (OrderID, SupplierID, OrderDate, TotalAmount, Status, PaymentMethod, PaymentStatus, ExpectedDeliveryDate, ActualDeliveryDate, Comments) values (311, 4, '2020-10-14 12:59:46', 74915, 'Pending', 'PayPal', 'Unpaid', '2006-11-14 04:22:53', '2011-02-25 10:44:48', 'nec nisi');
insert into PurchaseOrder (OrderID, SupplierID, OrderDate, TotalAmount, Status, PaymentMethod, PaymentStatus, ExpectedDeliveryDate, ActualDeliveryDate, Comments) values (312, 10, '2004-07-26 11:42:21', 136553, 'Pending', null, 'Partially Paid', '2019-06-17 08:44:19', '2021-05-07 23:05:36', 'turpis integer');
insert into PurchaseOrder (OrderID, SupplierID, OrderDate, TotalAmount, Status, PaymentMethod, PaymentStatus, ExpectedDeliveryDate, ActualDeliveryDate, Comments) values (313, 8, '2016-01-07 11:57:09', 20423, 'Delivered', 'Credit Card', 'Paid', '2016-11-07 23:16:08', '2001-04-18 01:28:09', 'interdum venenatis');
insert into PurchaseOrder (OrderID, SupplierID, OrderDate, TotalAmount, Status, PaymentMethod, PaymentStatus, ExpectedDeliveryDate, ActualDeliveryDate, Comments) values (314, 1, '2017-05-17 13:12:43', 86671, 'Cancelled', 'PayPal', 'Partially Paid', '2011-05-22 04:32:10', '2006-12-25 21:45:46', 'risus praesent');
insert into PurchaseOrder (OrderID, SupplierID, OrderDate, TotalAmount, Status, PaymentMethod, PaymentStatus, ExpectedDeliveryDate, ActualDeliveryDate, Comments) values (315, 2, '2021-05-27 04:18:18', 199436, 'Shipped', 'Bank Transfer', 'Paid', '2018-10-05 09:19:34', '2021-10-31 06:14:28', 'duis aliquam');
insert into PurchaseOrder (OrderID, SupplierID, OrderDate, TotalAmount, Status, PaymentMethod, PaymentStatus, ExpectedDeliveryDate, ActualDeliveryDate, Comments) values (316, 3, '2003-05-03 13:08:18', 151867, 'Cancelled', 'PayPal', 'Paid', '2010-01-21 15:29:39', '2000-03-18 00:09:20', 'mattis pulvinar nulla pede');
insert into PurchaseOrder (OrderID, SupplierID, OrderDate, TotalAmount, Status, PaymentMethod, PaymentStatus, ExpectedDeliveryDate, ActualDeliveryDate, Comments) values (317, 8, '2017-02-04 21:18:18', 179355, 'Cancelled', null, 'Unpaid', '2014-05-07 21:28:06', '2005-02-20 21:18:10', null);
insert into PurchaseOrder (OrderID, SupplierID, OrderDate, TotalAmount, Status, PaymentMethod, PaymentStatus, ExpectedDeliveryDate, ActualDeliveryDate, Comments) values (318, 3, '2008-02-15 22:15:38', 160181, 'Processing', 'Debit Card', 'Partially Paid', '2008-02-03 20:33:17', '2010-12-01 21:06:55', 'augue luctus tincidunt');
insert into PurchaseOrder (OrderID, SupplierID, OrderDate, TotalAmount, Status, PaymentMethod, PaymentStatus, ExpectedDeliveryDate, ActualDeliveryDate, Comments) values (319, 4, '2000-10-04 15:26:50', 151046, 'Cancelled', 'Debit Card', 'Unpaid', '2010-08-01 11:55:40', '2022-01-27 04:31:22', 'sapien varius ut');
insert into PurchaseOrder (OrderID, SupplierID, OrderDate, TotalAmount, Status, PaymentMethod, PaymentStatus, ExpectedDeliveryDate, ActualDeliveryDate, Comments) values (320, 8, '2017-06-25 04:45:43', 138701, 'Cancelled', null, 'Unpaid', '2013-11-01 23:04:45', '2014-04-13 08:13:13', 'nec euismod scelerisque quam');
insert into PurchaseOrder (OrderID, SupplierID, OrderDate, TotalAmount, Status, PaymentMethod, PaymentStatus, ExpectedDeliveryDate, ActualDeliveryDate, Comments) values (321, 2, '2020-01-29 14:25:08', 6428, 'Processing', 'Credit Card', 'Overdue', '2016-06-23 03:33:51', '2001-07-10 20:12:37', 'ipsum integer');
insert into PurchaseOrder (OrderID, SupplierID, OrderDate, TotalAmount, Status, PaymentMethod, PaymentStatus, ExpectedDeliveryDate, ActualDeliveryDate, Comments) values (322, 10, '2002-09-05 10:27:25', 23581, 'Shipped', 'Cash', 'Paid', '2006-07-22 20:10:22', '2008-04-01 06:20:11', 'neque libero convallis eget');
insert into PurchaseOrder (OrderID, SupplierID, OrderDate, TotalAmount, Status, PaymentMethod, PaymentStatus, ExpectedDeliveryDate, ActualDeliveryDate, Comments) values (323, 7, '2000-02-10 15:03:13', 104913, 'Processing', 'Credit Card', 'Partially Paid', '2015-12-29 06:17:02', '2001-04-04 05:54:18', 'cubilia curae duis');
insert into PurchaseOrder (OrderID, SupplierID, OrderDate, TotalAmount, Status, PaymentMethod, PaymentStatus, ExpectedDeliveryDate, ActualDeliveryDate, Comments) values (324, 9, '2015-08-15 04:23:11', 195319, 'Shipped', 'Bank Transfer', 'Partially Paid', '2002-08-02 19:42:20', '2010-06-02 09:17:22', 'nascetur ridiculus mus');
insert into PurchaseOrder (OrderID, SupplierID, OrderDate, TotalAmount, Status, PaymentMethod, PaymentStatus, ExpectedDeliveryDate, ActualDeliveryDate, Comments) values (325, 5, '2002-11-19 17:28:25', 143531, 'Cancelled', 'Bank Transfer', 'Partially Paid', '2006-02-21 04:01:35', '2009-02-17 03:18:25', 'porttitor lorem id ligula');
insert into PurchaseOrder (OrderID, SupplierID, OrderDate, TotalAmount, Status, PaymentMethod, PaymentStatus, ExpectedDeliveryDate, ActualDeliveryDate, Comments) values (326, 2, '2006-05-31 00:09:05', 75925, 'Delivered', 'Debit Card', 'Overdue', '2022-10-29 23:06:31', '2009-10-15 07:51:20', 'vivamus vel');
insert into PurchaseOrder (OrderID, SupplierID, OrderDate, TotalAmount, Status, PaymentMethod, PaymentStatus, ExpectedDeliveryDate, ActualDeliveryDate, Comments) values (327, 8, '2002-05-31 17:49:33', 190874, 'Delivered', 'Credit Card', 'Partially Paid', '2009-10-11 00:58:13', '2019-09-10 13:09:07', 'morbi porttitor lorem id');
insert into PurchaseOrder (OrderID, SupplierID, OrderDate, TotalAmount, Status, PaymentMethod, PaymentStatus, ExpectedDeliveryDate, ActualDeliveryDate, Comments) values (328, 2, '2014-01-13 20:56:14', 172457, 'Processing', null, 'Overdue', '2008-12-07 14:06:11', '2010-10-08 22:04:14', 'at ipsum');
insert into PurchaseOrder (OrderID, SupplierID, OrderDate, TotalAmount, Status, PaymentMethod, PaymentStatus, ExpectedDeliveryDate, ActualDeliveryDate, Comments) values (329, 8, '2008-08-21 19:26:10', 44330, 'Processing', null, 'Partially Paid', '2022-08-16 19:03:48', '2009-04-20 00:21:38', 'ultrices posuere cubilia curae');
insert into PurchaseOrder (OrderID, SupplierID, OrderDate, TotalAmount, Status, PaymentMethod, PaymentStatus, ExpectedDeliveryDate, ActualDeliveryDate, Comments) values (330, 5, '2021-10-18 02:21:43', 136136, 'Shipped', 'Credit Card', 'Partially Paid', '2013-04-17 12:00:35', '2003-07-05 05:50:43', 'volutpat in congue etiam');
insert into PurchaseOrder (OrderID, SupplierID, OrderDate, TotalAmount, Status, PaymentMethod, PaymentStatus, ExpectedDeliveryDate, ActualDeliveryDate, Comments) values (331, 8, '2000-09-18 17:59:03', 23202, 'Pending', 'Credit Card', 'Overdue', '2009-09-09 22:03:15', '2003-01-29 12:55:51', 'luctus et');
insert into PurchaseOrder (OrderID, SupplierID, OrderDate, TotalAmount, Status, PaymentMethod, PaymentStatus, ExpectedDeliveryDate, ActualDeliveryDate, Comments) values (332, 3, '2022-04-29 23:48:20', 17925, 'Cancelled', 'Debit Card', 'Partially Paid', '2018-09-08 13:50:13', '2015-05-15 18:13:07', 'elementum eu');
insert into PurchaseOrder (OrderID, SupplierID, OrderDate, TotalAmount, Status, PaymentMethod, PaymentStatus, ExpectedDeliveryDate, ActualDeliveryDate, Comments) values (333, 5, '2020-03-29 02:05:00', 98132, 'Processing', 'Credit Card', 'Overdue', '2009-09-20 22:32:50', '2001-10-14 07:14:18', 'consequat metus');
insert into PurchaseOrder (OrderID, SupplierID, OrderDate, TotalAmount, Status, PaymentMethod, PaymentStatus, ExpectedDeliveryDate, ActualDeliveryDate, Comments) values (334, 7, '2019-07-22 06:46:06', 50200, 'Shipped', 'Cash', 'Paid', '2013-05-23 20:20:04', '2003-09-16 01:53:17', 'velit vivamus vel nulla');
insert into PurchaseOrder (OrderID, SupplierID, OrderDate, TotalAmount, Status, PaymentMethod, PaymentStatus, ExpectedDeliveryDate, ActualDeliveryDate, Comments) values (335, 3, '2000-12-02 17:42:05', 194683, 'Delivered', 'Cash', 'Partially Paid', '2012-07-25 04:57:05', '2014-12-02 14:22:55', null);
insert into PurchaseOrder (OrderID, SupplierID, OrderDate, TotalAmount, Status, PaymentMethod, PaymentStatus, ExpectedDeliveryDate, ActualDeliveryDate, Comments) values (336, 4, '2019-01-13 20:44:56', 180243, 'Delivered', 'Debit Card', 'Paid', '2001-07-27 03:05:55', '2013-03-09 10:48:04', 'tortor sollicitudin');
insert into PurchaseOrder (OrderID, SupplierID, OrderDate, TotalAmount, Status, PaymentMethod, PaymentStatus, ExpectedDeliveryDate, ActualDeliveryDate, Comments) values (337, 5, '2001-12-30 15:17:07', 8646, 'Processing', 'Credit Card', 'Paid', '2014-08-13 09:44:20', '2008-05-25 05:00:10', 'elit ac nulla sed');
insert into PurchaseOrder (OrderID, SupplierID, OrderDate, TotalAmount, Status, PaymentMethod, PaymentStatus, ExpectedDeliveryDate, ActualDeliveryDate, Comments) values (338, 9, '2006-11-14 02:09:38', 69886, 'Pending', 'Cash', 'Unpaid', '2007-01-13 09:43:08', '2005-08-29 20:55:43', 'orci mauris lacinia sapien');
insert into PurchaseOrder (OrderID, SupplierID, OrderDate, TotalAmount, Status, PaymentMethod, PaymentStatus, ExpectedDeliveryDate, ActualDeliveryDate, Comments) values (339, 1, '2021-04-15 15:50:31', 155220, 'Processing', 'PayPal', 'Paid', '2020-06-07 01:50:04', '2010-10-13 08:49:26', 'fusce posuere felis');
insert into PurchaseOrder (OrderID, SupplierID, OrderDate, TotalAmount, Status, PaymentMethod, PaymentStatus, ExpectedDeliveryDate, ActualDeliveryDate, Comments) values (340, 7, '2008-01-26 06:46:29', 178542, 'Processing', 'Credit Card', 'Partially Paid', '2017-12-16 00:17:24', '2001-01-17 11:56:36', 'felis donec semper');
insert into PurchaseOrder (OrderID, SupplierID, OrderDate, TotalAmount, Status, PaymentMethod, PaymentStatus, ExpectedDeliveryDate, ActualDeliveryDate, Comments) values (341, 5, '2015-04-27 13:09:57', 28072, 'Pending', 'Cash', 'Paid', '2019-09-14 23:29:50', '2019-08-21 19:39:43', 'molestie hendrerit');
insert into PurchaseOrder (OrderID, SupplierID, OrderDate, TotalAmount, Status, PaymentMethod, PaymentStatus, ExpectedDeliveryDate, ActualDeliveryDate, Comments) values (342, 2, '2022-09-08 18:17:35', 185181, 'Delivered', 'Cash', 'Overdue', '2000-06-05 07:40:31', '2003-04-02 11:57:07', 'porttitor lacus');
insert into PurchaseOrder (OrderID, SupplierID, OrderDate, TotalAmount, Status, PaymentMethod, PaymentStatus, ExpectedDeliveryDate, ActualDeliveryDate, Comments) values (343, 6, '2012-12-09 08:03:56', 155406, 'Processing', null, 'Partially Paid', '2020-03-15 11:03:15', '2001-01-18 18:29:46', 'quis justo maecenas');
insert into PurchaseOrder (OrderID, SupplierID, OrderDate, TotalAmount, Status, PaymentMethod, PaymentStatus, ExpectedDeliveryDate, ActualDeliveryDate, Comments) values (344, 6, '2016-08-10 10:59:45', 162633, 'Delivered', 'Cash', 'Unpaid', '2008-02-21 01:39:19', '2019-10-01 08:51:09', 'laoreet ut');
insert into PurchaseOrder (OrderID, SupplierID, OrderDate, TotalAmount, Status, PaymentMethod, PaymentStatus, ExpectedDeliveryDate, ActualDeliveryDate, Comments) values (345, 2, '2020-05-25 07:41:02', 153210, 'Delivered', 'Cash', 'Unpaid', '2009-12-25 04:06:29', '2011-04-12 18:01:08', 'volutpat sapien arcu sed');
insert into PurchaseOrder (OrderID, SupplierID, OrderDate, TotalAmount, Status, PaymentMethod, PaymentStatus, ExpectedDeliveryDate, ActualDeliveryDate, Comments) values (346, 8, '2013-04-28 08:59:05', 180129, 'Delivered', 'Credit Card', 'Overdue', '2018-12-04 11:50:09', '2020-04-22 10:52:04', 'lectus in est');
insert into PurchaseOrder (OrderID, SupplierID, OrderDate, TotalAmount, Status, PaymentMethod, PaymentStatus, ExpectedDeliveryDate, ActualDeliveryDate, Comments) values (347, 2, '2008-03-05 13:14:22', 15124, 'Shipped', 'Bank Transfer', 'Unpaid', '2009-09-20 14:28:04', '2016-12-16 15:55:44', 'varius ut blandit non');
insert into PurchaseOrder (OrderID, SupplierID, OrderDate, TotalAmount, Status, PaymentMethod, PaymentStatus, ExpectedDeliveryDate, ActualDeliveryDate, Comments) values (348, 6, '2012-08-18 15:46:08', 64485, 'Processing', 'Bank Transfer', 'Overdue', '2019-01-20 04:26:07', '2006-04-01 06:41:50', 'luctus et');
insert into PurchaseOrder (OrderID, SupplierID, OrderDate, TotalAmount, Status, PaymentMethod, PaymentStatus, ExpectedDeliveryDate, ActualDeliveryDate, Comments) values (349, 8, '2014-05-15 18:52:41', 143622, 'Delivered', 'Debit Card', 'Overdue', '2005-01-18 09:19:27', '2000-04-10 22:20:36', 'sagittis dui');
insert into PurchaseOrder (OrderID, SupplierID, OrderDate, TotalAmount, Status, PaymentMethod, PaymentStatus, ExpectedDeliveryDate, ActualDeliveryDate, Comments) values (350, 6, '2021-01-18 02:30:48', 104817, 'Delivered', 'Cash', 'Partially Paid', '2004-02-03 15:52:01', '2004-01-17 07:17:09', 'molestie nibh in');
insert into PurchaseOrder (OrderID, SupplierID, OrderDate, TotalAmount, Status, PaymentMethod, PaymentStatus, ExpectedDeliveryDate, ActualDeliveryDate, Comments) values (351, 8, '2018-06-07 03:27:11', 11135, 'Pending', null, 'Paid', '2017-03-28 23:27:32', '2015-05-30 12:45:01', 'laoreet ut');
insert into PurchaseOrder (OrderID, SupplierID, OrderDate, TotalAmount, Status, PaymentMethod, PaymentStatus, ExpectedDeliveryDate, ActualDeliveryDate, Comments) values (352, 7, '2012-06-13 00:13:40', 75230, 'Pending', 'Credit Card', 'Overdue', '2000-06-12 21:26:23', '2015-12-11 18:37:47', 'platea dictumst');
insert into PurchaseOrder (OrderID, SupplierID, OrderDate, TotalAmount, Status, PaymentMethod, PaymentStatus, ExpectedDeliveryDate, ActualDeliveryDate, Comments) values (353, 9, '2016-11-11 11:07:48', 61064, 'Shipped', 'Credit Card', 'Overdue', '2002-07-18 19:23:31', '2000-05-10 10:16:33', 'at velit');
insert into PurchaseOrder (OrderID, SupplierID, OrderDate, TotalAmount, Status, PaymentMethod, PaymentStatus, ExpectedDeliveryDate, ActualDeliveryDate, Comments) values (354, 8, '2008-09-11 21:51:08', 66786, 'Pending', 'Cash', 'Paid', '2012-01-13 14:35:13', '2000-04-01 23:10:24', 'id consequat in consequat');
insert into PurchaseOrder (OrderID, SupplierID, OrderDate, TotalAmount, Status, PaymentMethod, PaymentStatus, ExpectedDeliveryDate, ActualDeliveryDate, Comments) values (355, 2, '2017-12-19 18:52:28', 157445, 'Delivered', 'Bank Transfer', 'Paid', '2003-01-30 15:39:27', '2000-01-09 18:13:07', 'imperdiet et');
insert into PurchaseOrder (OrderID, SupplierID, OrderDate, TotalAmount, Status, PaymentMethod, PaymentStatus, ExpectedDeliveryDate, ActualDeliveryDate, Comments) values (356, 1, '2020-03-31 19:39:56', 102129, 'Pending', 'PayPal', 'Partially Paid', '2007-08-02 07:07:30', '2019-07-17 08:56:47', 'mi nulla');
insert into PurchaseOrder (OrderID, SupplierID, OrderDate, TotalAmount, Status, PaymentMethod, PaymentStatus, ExpectedDeliveryDate, ActualDeliveryDate, Comments) values (357, 7, '2022-03-28 12:49:42', 131289, 'Pending', 'PayPal', 'Overdue', '2020-03-29 18:37:09', '2018-07-13 02:16:11', 'ligula sit');
insert into PurchaseOrder (OrderID, SupplierID, OrderDate, TotalAmount, Status, PaymentMethod, PaymentStatus, ExpectedDeliveryDate, ActualDeliveryDate, Comments) values (358, 9, '2013-11-27 22:49:39', 190572, 'Delivered', 'Debit Card', 'Partially Paid', '2012-03-03 22:27:24', '2017-01-06 17:18:56', 'mattis pulvinar nulla');
insert into PurchaseOrder (OrderID, SupplierID, OrderDate, TotalAmount, Status, PaymentMethod, PaymentStatus, ExpectedDeliveryDate, ActualDeliveryDate, Comments) values (359, 8, '2010-05-01 02:38:21', 194490, 'Processing', null, 'Paid', '2004-11-12 20:15:40', '2014-12-28 07:31:13', 'dui vel sem sed');
insert into PurchaseOrder (OrderID, SupplierID, OrderDate, TotalAmount, Status, PaymentMethod, PaymentStatus, ExpectedDeliveryDate, ActualDeliveryDate, Comments) values (360, 1, '2018-02-06 21:15:25', 22365, 'Shipped', 'PayPal', 'Paid', '2003-07-10 16:19:53', '2016-05-05 13:12:22', 'malesuada in imperdiet');
insert into PurchaseOrder (OrderID, SupplierID, OrderDate, TotalAmount, Status, PaymentMethod, PaymentStatus, ExpectedDeliveryDate, ActualDeliveryDate, Comments) values (361, 4, '2002-01-27 04:08:22', 185655, 'Processing', 'Credit Card', 'Overdue', '2015-05-22 15:27:28', '2007-08-20 19:16:58', 'est congue elementum in');
insert into PurchaseOrder (OrderID, SupplierID, OrderDate, TotalAmount, Status, PaymentMethod, PaymentStatus, ExpectedDeliveryDate, ActualDeliveryDate, Comments) values (362, 3, '2003-10-05 04:25:32', 145850, 'Processing', null, 'Partially Paid', '2000-09-15 12:07:04', '2010-09-02 16:17:34', 'sagittis nam congue risus');
insert into PurchaseOrder (OrderID, SupplierID, OrderDate, TotalAmount, Status, PaymentMethod, PaymentStatus, ExpectedDeliveryDate, ActualDeliveryDate, Comments) values (363, 2, '2016-06-07 09:16:27', 39039, 'Pending', 'PayPal', 'Overdue', '2019-07-09 11:23:33', '2021-05-11 02:39:39', 'vulputate elementum');
insert into PurchaseOrder (OrderID, SupplierID, OrderDate, TotalAmount, Status, PaymentMethod, PaymentStatus, ExpectedDeliveryDate, ActualDeliveryDate, Comments) values (364, 10, '2005-04-05 14:20:09', 110471, 'Cancelled', 'Credit Card', 'Overdue', '2010-05-12 15:15:21', '2022-05-06 03:22:03', 'nibh in');
insert into PurchaseOrder (OrderID, SupplierID, OrderDate, TotalAmount, Status, PaymentMethod, PaymentStatus, ExpectedDeliveryDate, ActualDeliveryDate, Comments) values (365, 7, '2006-06-29 05:00:48', 123064, 'Delivered', 'Credit Card', 'Partially Paid', '2017-10-10 11:43:04', '2017-05-11 12:16:06', 'pellentesque eget');
insert into PurchaseOrder (OrderID, SupplierID, OrderDate, TotalAmount, Status, PaymentMethod, PaymentStatus, ExpectedDeliveryDate, ActualDeliveryDate, Comments) values (366, 2, '2020-10-21 13:04:36', 12461, 'Cancelled', 'Bank Transfer', 'Unpaid', '2015-01-27 14:30:02', '2017-01-28 10:12:44', null);
insert into PurchaseOrder (OrderID, SupplierID, OrderDate, TotalAmount, Status, PaymentMethod, PaymentStatus, ExpectedDeliveryDate, ActualDeliveryDate, Comments) values (367, 10, '2021-05-13 19:03:57', 138155, 'Delivered', 'Credit Card', 'Overdue', '2017-11-02 18:42:37', '2020-12-15 23:23:39', 'quis turpis sed');
insert into PurchaseOrder (OrderID, SupplierID, OrderDate, TotalAmount, Status, PaymentMethod, PaymentStatus, ExpectedDeliveryDate, ActualDeliveryDate, Comments) values (368, 2, '2016-11-05 20:10:49', 141865, 'Delivered', 'Credit Card', 'Partially Paid', '2007-03-29 04:48:31', '2005-06-11 21:20:49', 'vitae consectetuer eget');
insert into PurchaseOrder (OrderID, SupplierID, OrderDate, TotalAmount, Status, PaymentMethod, PaymentStatus, ExpectedDeliveryDate, ActualDeliveryDate, Comments) values (369, 10, '2018-03-05 17:06:34', 126349, 'Delivered', 'Debit Card', 'Partially Paid', '2009-11-02 02:17:51', '2016-12-28 00:33:36', 'dis parturient montes nascetur');
insert into PurchaseOrder (OrderID, SupplierID, OrderDate, TotalAmount, Status, PaymentMethod, PaymentStatus, ExpectedDeliveryDate, ActualDeliveryDate, Comments) values (370, 1, '2011-10-12 07:46:22', 35828, 'Shipped', 'Debit Card', 'Overdue', '2008-03-31 04:09:27', '2017-10-18 12:25:29', 'lacus curabitur at');
insert into PurchaseOrder (OrderID, SupplierID, OrderDate, TotalAmount, Status, PaymentMethod, PaymentStatus, ExpectedDeliveryDate, ActualDeliveryDate, Comments) values (371, 9, '2007-04-02 10:13:10', 152726, 'Delivered', 'Bank Transfer', 'Overdue', '2011-11-01 06:48:02', '2018-09-10 15:45:46', 'cursus id turpis integer');
insert into PurchaseOrder (OrderID, SupplierID, OrderDate, TotalAmount, Status, PaymentMethod, PaymentStatus, ExpectedDeliveryDate, ActualDeliveryDate, Comments) values (372, 2, '2010-08-20 05:43:37', 164588, 'Shipped', null, 'Partially Paid', '2014-04-08 21:28:01', '2002-01-02 17:26:00', 'nisi venenatis tristique');
insert into PurchaseOrder (OrderID, SupplierID, OrderDate, TotalAmount, Status, PaymentMethod, PaymentStatus, ExpectedDeliveryDate, ActualDeliveryDate, Comments) values (373, 8, '2003-09-06 15:03:59', 108004, 'Processing', 'Credit Card', 'Unpaid', '2015-04-11 11:03:32', '2009-07-27 08:42:21', 'tellus nisi eu');
insert into PurchaseOrder (OrderID, SupplierID, OrderDate, TotalAmount, Status, PaymentMethod, PaymentStatus, ExpectedDeliveryDate, ActualDeliveryDate, Comments) values (374, 7, '2006-12-31 21:55:17', 104080, 'Delivered', 'PayPal', 'Unpaid', '2012-07-26 21:28:14', '2015-11-18 09:26:06', 'aliquam lacus');
insert into PurchaseOrder (OrderID, SupplierID, OrderDate, TotalAmount, Status, PaymentMethod, PaymentStatus, ExpectedDeliveryDate, ActualDeliveryDate, Comments) values (375, 8, '2008-05-31 19:57:01', 138218, 'Processing', 'Credit Card', 'Overdue', '2022-07-04 12:49:45', null, 'nulla justo aliquam');
insert into PurchaseOrder (OrderID, SupplierID, OrderDate, TotalAmount, Status, PaymentMethod, PaymentStatus, ExpectedDeliveryDate, ActualDeliveryDate, Comments) values (376, 3, '2005-02-27 09:29:18', 148173, 'Shipped', 'PayPal', 'Paid', '2004-05-25 08:14:45', '2015-03-11 03:12:10', 'congue eget semper rutrum');
insert into PurchaseOrder (OrderID, SupplierID, OrderDate, TotalAmount, Status, PaymentMethod, PaymentStatus, ExpectedDeliveryDate, ActualDeliveryDate, Comments) values (377, 3, '2006-08-04 13:24:07', 71161, 'Processing', 'Credit Card', 'Overdue', '2022-01-20 10:53:40', '2016-12-19 05:34:13', 'tellus nisi');
insert into PurchaseOrder (OrderID, SupplierID, OrderDate, TotalAmount, Status, PaymentMethod, PaymentStatus, ExpectedDeliveryDate, ActualDeliveryDate, Comments) values (378, 7, '2013-06-30 16:03:10', 26789, 'Cancelled', 'PayPal', 'Unpaid', '2004-10-18 12:14:49', '2004-11-02 13:48:25', 'ultrices posuere cubilia curae');
insert into PurchaseOrder (OrderID, SupplierID, OrderDate, TotalAmount, Status, PaymentMethod, PaymentStatus, ExpectedDeliveryDate, ActualDeliveryDate, Comments) values (379, 4, '2021-05-25 08:19:45', 162101, 'Shipped', 'Bank Transfer', 'Paid', '2013-08-13 20:50:23', '2021-09-07 22:54:09', 'amet nulla');
insert into PurchaseOrder (OrderID, SupplierID, OrderDate, TotalAmount, Status, PaymentMethod, PaymentStatus, ExpectedDeliveryDate, ActualDeliveryDate, Comments) values (380, 5, '2020-03-07 01:12:37', 119631, 'Delivered', 'Debit Card', 'Paid', '2017-02-19 14:24:36', '2022-12-10 14:20:29', 'vehicula consequat morbi');
insert into PurchaseOrder (OrderID, SupplierID, OrderDate, TotalAmount, Status, PaymentMethod, PaymentStatus, ExpectedDeliveryDate, ActualDeliveryDate, Comments) values (381, 10, '2012-02-21 14:08:17', 110263, 'Pending', 'PayPal', 'Unpaid', '2005-11-09 08:03:52', '2016-09-29 19:43:29', 'interdum in ante vestibulum');
insert into PurchaseOrder (OrderID, SupplierID, OrderDate, TotalAmount, Status, PaymentMethod, PaymentStatus, ExpectedDeliveryDate, ActualDeliveryDate, Comments) values (382, 9, '2008-12-06 05:24:44', 127546, 'Shipped', 'Cash', 'Unpaid', '2020-05-16 07:47:33', '2011-11-30 11:55:23', 'integer pede justo');
insert into PurchaseOrder (OrderID, SupplierID, OrderDate, TotalAmount, Status, PaymentMethod, PaymentStatus, ExpectedDeliveryDate, ActualDeliveryDate, Comments) values (383, 5, '2014-09-08 12:21:08', 90907, 'Pending', 'PayPal', 'Partially Paid', '2022-05-30 19:31:02', '2004-01-26 10:42:31', 'amet consectetuer adipiscing');
insert into PurchaseOrder (OrderID, SupplierID, OrderDate, TotalAmount, Status, PaymentMethod, PaymentStatus, ExpectedDeliveryDate, ActualDeliveryDate, Comments) values (384, 3, '2012-11-07 11:46:45', 138005, 'Delivered', 'Bank Transfer', 'Partially Paid', '2022-03-06 14:38:35', '2018-01-26 14:24:40', 'platea dictumst');
insert into PurchaseOrder (OrderID, SupplierID, OrderDate, TotalAmount, Status, PaymentMethod, PaymentStatus, ExpectedDeliveryDate, ActualDeliveryDate, Comments) values (385, 10, '2011-08-31 11:25:27', 118946, 'Shipped', 'Credit Card', 'Paid', '2012-01-19 06:29:45', '2010-03-30 15:48:40', 'id ligula');
insert into PurchaseOrder (OrderID, SupplierID, OrderDate, TotalAmount, Status, PaymentMethod, PaymentStatus, ExpectedDeliveryDate, ActualDeliveryDate, Comments) values (386, 7, '2008-07-09 19:31:20', 103362, 'Delivered', 'Credit Card', 'Unpaid', '2017-04-25 15:16:48', '2007-05-12 00:35:33', 'phasellus sit amet erat');
insert into PurchaseOrder (OrderID, SupplierID, OrderDate, TotalAmount, Status, PaymentMethod, PaymentStatus, ExpectedDeliveryDate, ActualDeliveryDate, Comments) values (387, 4, '2004-04-09 08:43:34', 188859, 'Processing', null, 'Paid', '2007-06-19 02:30:11', '2018-09-28 21:24:36', 'volutpat eleifend donec');
insert into PurchaseOrder (OrderID, SupplierID, OrderDate, TotalAmount, Status, PaymentMethod, PaymentStatus, ExpectedDeliveryDate, ActualDeliveryDate, Comments) values (388, 1, '2019-01-29 12:24:36', 25089, 'Processing', 'Cash', 'Paid', '2008-03-31 04:24:44', '2001-01-12 12:46:07', 'rutrum nulla tellus');
insert into PurchaseOrder (OrderID, SupplierID, OrderDate, TotalAmount, Status, PaymentMethod, PaymentStatus, ExpectedDeliveryDate, ActualDeliveryDate, Comments) values (389, 9, '2010-02-03 12:43:12', 65193, 'Pending', 'Bank Transfer', 'Paid', '2006-06-19 15:23:39', '2007-06-25 22:46:47', 'placerat ante nulla');
insert into PurchaseOrder (OrderID, SupplierID, OrderDate, TotalAmount, Status, PaymentMethod, PaymentStatus, ExpectedDeliveryDate, ActualDeliveryDate, Comments) values (390, 7, '2005-10-28 08:33:42', 44367, 'Cancelled', 'Debit Card', 'Overdue', '2021-10-20 09:14:19', '2016-09-03 08:01:58', 'iaculis justo in');
insert into PurchaseOrder (OrderID, SupplierID, OrderDate, TotalAmount, Status, PaymentMethod, PaymentStatus, ExpectedDeliveryDate, ActualDeliveryDate, Comments) values (391, 9, '2006-04-24 01:42:17', 73166, 'Delivered', 'Credit Card', 'Partially Paid', '2019-10-25 13:46:46', '2014-10-28 01:58:07', 'tellus nulla');
insert into PurchaseOrder (OrderID, SupplierID, OrderDate, TotalAmount, Status, PaymentMethod, PaymentStatus, ExpectedDeliveryDate, ActualDeliveryDate, Comments) values (392, 4, '2009-02-09 10:15:10', 170859, 'Cancelled', 'PayPal', 'Partially Paid', '2021-05-21 07:13:10', '2010-03-12 12:52:01', 'nulla mollis molestie');
insert into PurchaseOrder (OrderID, SupplierID, OrderDate, TotalAmount, Status, PaymentMethod, PaymentStatus, ExpectedDeliveryDate, ActualDeliveryDate, Comments) values (393, 10, '2019-07-14 01:28:04', 161372, 'Pending', 'Credit Card', 'Unpaid', '2002-10-28 08:31:57', '2017-02-13 05:12:48', 'blandit non interdum in');
insert into PurchaseOrder (OrderID, SupplierID, OrderDate, TotalAmount, Status, PaymentMethod, PaymentStatus, ExpectedDeliveryDate, ActualDeliveryDate, Comments) values (394, 5, '2001-02-23 04:39:15', 101446, 'Cancelled', 'Cash', 'Partially Paid', '2017-12-16 04:23:25', '2014-08-03 07:18:12', 'suscipit ligula in');
insert into PurchaseOrder (OrderID, SupplierID, OrderDate, TotalAmount, Status, PaymentMethod, PaymentStatus, ExpectedDeliveryDate, ActualDeliveryDate, Comments) values (395, 1, '2013-09-04 13:59:30', 167815, 'Processing', 'Bank Transfer', 'Unpaid', '2004-11-17 22:00:26', '2011-07-01 08:11:42', 'integer pede justo lacinia');
insert into PurchaseOrder (OrderID, SupplierID, OrderDate, TotalAmount, Status, PaymentMethod, PaymentStatus, ExpectedDeliveryDate, ActualDeliveryDate, Comments) values (396, 7, '2014-08-07 19:30:05', 3268, 'Pending', 'Cash', 'Partially Paid', '2014-12-01 16:24:18', '2017-09-30 17:44:47', 'mauris non ligula pellentesque');
insert into PurchaseOrder (OrderID, SupplierID, OrderDate, TotalAmount, Status, PaymentMethod, PaymentStatus, ExpectedDeliveryDate, ActualDeliveryDate, Comments) values (397, 1, '2004-02-03 22:07:28', 83576, 'Processing', 'Cash', 'Overdue', '2017-07-23 07:44:18', '2006-05-01 13:06:49', 'sapien dignissim vestibulum');
insert into PurchaseOrder (OrderID, SupplierID, OrderDate, TotalAmount, Status, PaymentMethod, PaymentStatus, ExpectedDeliveryDate, ActualDeliveryDate, Comments) values (398, 2, '2009-05-12 07:27:55', 145281, 'Cancelled', 'Bank Transfer', 'Partially Paid', '2007-04-15 02:14:35', '2017-08-08 21:53:08', 'id justo sit amet');
insert into PurchaseOrder (OrderID, SupplierID, OrderDate, TotalAmount, Status, PaymentMethod, PaymentStatus, ExpectedDeliveryDate, ActualDeliveryDate, Comments) values (399, 4, '2012-10-13 23:31:58', 91383, 'Pending', 'Bank Transfer', 'Unpaid', '2011-01-26 18:39:52', null, 'enim blandit mi');
insert into PurchaseOrder (OrderID, SupplierID, OrderDate, TotalAmount, Status, PaymentMethod, PaymentStatus, ExpectedDeliveryDate, ActualDeliveryDate, Comments) values (400, 3, '2020-02-09 14:34:03', 77282, 'Delivered', null, 'Partially Paid', '2005-01-31 15:45:24', '2002-09-09 21:10:28', 'libero quis orci');
insert into PurchaseOrder (OrderID, SupplierID, OrderDate, TotalAmount, Status, PaymentMethod, PaymentStatus, ExpectedDeliveryDate, ActualDeliveryDate, Comments) values (401, 9, '2008-06-03 16:42:41', 19260, 'Pending', 'PayPal', 'Paid', '2016-12-01 19:17:18', '2001-02-21 00:07:33', null);
insert into PurchaseOrder (OrderID, SupplierID, OrderDate, TotalAmount, Status, PaymentMethod, PaymentStatus, ExpectedDeliveryDate, ActualDeliveryDate, Comments) values (402, 2, '2003-05-08 05:49:29', 54144, 'Processing', 'PayPal', 'Paid', '2015-03-26 14:42:10', '2008-12-24 20:31:49', 'lobortis convallis tortor');
insert into PurchaseOrder (OrderID, SupplierID, OrderDate, TotalAmount, Status, PaymentMethod, PaymentStatus, ExpectedDeliveryDate, ActualDeliveryDate, Comments) values (403, 9, '2007-09-22 06:50:06', 92228, 'Cancelled', 'Debit Card', 'Partially Paid', '2010-04-17 16:53:59', '2013-10-07 04:22:36', 'pretium iaculis');
insert into PurchaseOrder (OrderID, SupplierID, OrderDate, TotalAmount, Status, PaymentMethod, PaymentStatus, ExpectedDeliveryDate, ActualDeliveryDate, Comments) values (404, 8, '2011-11-18 01:44:35', 49526, 'Shipped', 'Bank Transfer', 'Overdue', '2016-09-04 02:01:42', '2019-11-14 18:30:05', null);
insert into PurchaseOrder (OrderID, SupplierID, OrderDate, TotalAmount, Status, PaymentMethod, PaymentStatus, ExpectedDeliveryDate, ActualDeliveryDate, Comments) values (405, 5, '2018-12-05 13:04:32', 21463, 'Pending', 'Bank Transfer', 'Overdue', '2014-10-22 05:16:48', '2022-06-19 15:42:56', 'turpis integer aliquet massa');
insert into PurchaseOrder (OrderID, SupplierID, OrderDate, TotalAmount, Status, PaymentMethod, PaymentStatus, ExpectedDeliveryDate, ActualDeliveryDate, Comments) values (406, 9, '2017-08-30 18:19:25', 158745, 'Processing', 'Credit Card', 'Overdue', '2016-04-20 08:20:24', '2015-12-13 05:37:42', 'vestibulum ante');
insert into PurchaseOrder (OrderID, SupplierID, OrderDate, TotalAmount, Status, PaymentMethod, PaymentStatus, ExpectedDeliveryDate, ActualDeliveryDate, Comments) values (407, 4, '2005-11-01 01:58:18', 19204, 'Shipped', 'Debit Card', 'Paid', '2013-10-05 14:59:13', '2009-06-19 17:42:22', 'erat id');
insert into PurchaseOrder (OrderID, SupplierID, OrderDate, TotalAmount, Status, PaymentMethod, PaymentStatus, ExpectedDeliveryDate, ActualDeliveryDate, Comments) values (408, 3, '2018-11-25 01:10:48', 76684, 'Cancelled', 'Cash', 'Partially Paid', '2005-03-28 22:48:10', '2013-07-05 21:03:36', 'at velit eu');
insert into PurchaseOrder (OrderID, SupplierID, OrderDate, TotalAmount, Status, PaymentMethod, PaymentStatus, ExpectedDeliveryDate, ActualDeliveryDate, Comments) values (409, 8, '2001-12-29 08:16:40', 185439, 'Pending', 'Debit Card', 'Unpaid', '2005-01-09 15:23:35', '2021-01-24 13:11:42', 'sollicitudin ut suscipit a');
insert into PurchaseOrder (OrderID, SupplierID, OrderDate, TotalAmount, Status, PaymentMethod, PaymentStatus, ExpectedDeliveryDate, ActualDeliveryDate, Comments) values (410, 9, '2011-06-22 13:50:23', 49634, 'Cancelled', 'Cash', 'Partially Paid', '2022-10-18 06:14:39', '2011-12-31 01:57:30', 'sagittis dui vel');
insert into PurchaseOrder (OrderID, SupplierID, OrderDate, TotalAmount, Status, PaymentMethod, PaymentStatus, ExpectedDeliveryDate, ActualDeliveryDate, Comments) values (411, 9, '2022-05-17 00:52:26', 43342, 'Delivered', 'Cash', 'Partially Paid', '2017-11-21 03:43:59', '2005-09-28 11:53:11', 'enim in');
insert into PurchaseOrder (OrderID, SupplierID, OrderDate, TotalAmount, Status, PaymentMethod, PaymentStatus, ExpectedDeliveryDate, ActualDeliveryDate, Comments) values (412, 7, '2017-05-19 16:46:51', 31305, 'Pending', null, 'Overdue', '2004-06-15 17:26:39', '2019-01-21 03:41:10', 'gravida nisi at nibh');
insert into PurchaseOrder (OrderID, SupplierID, OrderDate, TotalAmount, Status, PaymentMethod, PaymentStatus, ExpectedDeliveryDate, ActualDeliveryDate, Comments) values (413, 6, '2006-01-04 12:44:12', 164623, 'Pending', 'Debit Card', 'Unpaid', '2007-03-29 18:19:21', '2013-07-18 14:59:25', 'congue diam id ornare');
insert into PurchaseOrder (OrderID, SupplierID, OrderDate, TotalAmount, Status, PaymentMethod, PaymentStatus, ExpectedDeliveryDate, ActualDeliveryDate, Comments) values (414, 1, '2008-02-24 18:07:52', 66784, 'Processing', 'PayPal', 'Partially Paid', '2015-06-08 18:25:49', '2017-06-28 19:52:48', 'justo maecenas rhoncus');
insert into PurchaseOrder (OrderID, SupplierID, OrderDate, TotalAmount, Status, PaymentMethod, PaymentStatus, ExpectedDeliveryDate, ActualDeliveryDate, Comments) values (415, 5, '2010-05-15 06:24:24', 176723, 'Delivered', 'Credit Card', 'Unpaid', '2007-05-22 03:53:05', '2001-12-22 08:27:00', 'orci luctus et');
insert into PurchaseOrder (OrderID, SupplierID, OrderDate, TotalAmount, Status, PaymentMethod, PaymentStatus, ExpectedDeliveryDate, ActualDeliveryDate, Comments) values (416, 5, '2017-11-26 15:35:48', 21882, 'Processing', 'PayPal', 'Unpaid', '2022-02-10 20:46:59', '2010-03-17 12:31:04', 'varius ut');
insert into PurchaseOrder (OrderID, SupplierID, OrderDate, TotalAmount, Status, PaymentMethod, PaymentStatus, ExpectedDeliveryDate, ActualDeliveryDate, Comments) values (417, 5, '2013-04-27 08:53:45', 172303, 'Cancelled', 'Credit Card', 'Partially Paid', '2011-11-05 19:56:56', '2017-09-20 22:00:40', 'posuere nonummy integer');
insert into PurchaseOrder (OrderID, SupplierID, OrderDate, TotalAmount, Status, PaymentMethod, PaymentStatus, ExpectedDeliveryDate, ActualDeliveryDate, Comments) values (418, 8, '2007-04-21 13:19:15', 129339, 'Shipped', 'Credit Card', 'Partially Paid', '2009-07-11 03:31:18', '2013-05-30 13:54:36', 'scelerisque mauris sit');
insert into PurchaseOrder (OrderID, SupplierID, OrderDate, TotalAmount, Status, PaymentMethod, PaymentStatus, ExpectedDeliveryDate, ActualDeliveryDate, Comments) values (419, 8, '2002-10-03 20:36:00', 88425, 'Processing', 'PayPal', 'Partially Paid', '2008-07-08 18:27:47', '2009-11-08 07:45:52', 'quis justo');
insert into PurchaseOrder (OrderID, SupplierID, OrderDate, TotalAmount, Status, PaymentMethod, PaymentStatus, ExpectedDeliveryDate, ActualDeliveryDate, Comments) values (420, 8, '2014-03-26 04:23:02', 108043, 'Cancelled', 'Debit Card', 'Partially Paid', '2000-01-06 04:35:08', '2018-06-16 22:29:44', 'lacus morbi sem mauris');
insert into PurchaseOrder (OrderID, SupplierID, OrderDate, TotalAmount, Status, PaymentMethod, PaymentStatus, ExpectedDeliveryDate, ActualDeliveryDate, Comments) values (421, 9, '2017-03-06 07:21:18', 846, 'Cancelled', 'PayPal', 'Overdue', '2017-02-04 07:35:14', '2011-03-06 12:22:34', 'magnis dis parturient');
insert into PurchaseOrder (OrderID, SupplierID, OrderDate, TotalAmount, Status, PaymentMethod, PaymentStatus, ExpectedDeliveryDate, ActualDeliveryDate, Comments) values (422, 1, '2013-10-03 18:45:19', 13746, 'Shipped', 'PayPal', 'Paid', '2018-10-03 07:10:44', '2015-01-17 00:13:04', 'sollicitudin vitae');
insert into PurchaseOrder (OrderID, SupplierID, OrderDate, TotalAmount, Status, PaymentMethod, PaymentStatus, ExpectedDeliveryDate, ActualDeliveryDate, Comments) values (423, 3, '2011-02-28 05:52:22', 183477, 'Cancelled', 'Bank Transfer', 'Unpaid', '2018-05-26 00:43:17', '2007-01-20 19:40:30', 'lacus morbi sem mauris');
insert into PurchaseOrder (OrderID, SupplierID, OrderDate, TotalAmount, Status, PaymentMethod, PaymentStatus, ExpectedDeliveryDate, ActualDeliveryDate, Comments) values (424, 8, '2000-04-18 17:32:54', 6830, 'Delivered', 'PayPal', 'Unpaid', '2005-02-19 14:39:33', '2003-12-13 18:40:40', 'molestie hendrerit at vulputate');
insert into PurchaseOrder (OrderID, SupplierID, OrderDate, TotalAmount, Status, PaymentMethod, PaymentStatus, ExpectedDeliveryDate, ActualDeliveryDate, Comments) values (425, 6, '2005-06-03 16:00:10', 39677, 'Processing', 'PayPal', 'Overdue', '2011-06-24 17:56:10', '2020-05-04 08:48:11', 'maecenas tristique est');
insert into PurchaseOrder (OrderID, SupplierID, OrderDate, TotalAmount, Status, PaymentMethod, PaymentStatus, ExpectedDeliveryDate, ActualDeliveryDate, Comments) values (426, 8, '2018-11-09 18:46:01', 151231, 'Delivered', 'Debit Card', 'Partially Paid', '2008-01-14 09:16:53', '2018-12-31 22:27:57', 'proin leo');
insert into PurchaseOrder (OrderID, SupplierID, OrderDate, TotalAmount, Status, PaymentMethod, PaymentStatus, ExpectedDeliveryDate, ActualDeliveryDate, Comments) values (427, 6, '2017-04-27 00:01:56', 195978, 'Delivered', 'Credit Card', 'Overdue', '2015-01-01 18:46:21', '2018-10-30 01:04:02', 'et magnis dis parturient');
insert into PurchaseOrder (OrderID, SupplierID, OrderDate, TotalAmount, Status, PaymentMethod, PaymentStatus, ExpectedDeliveryDate, ActualDeliveryDate, Comments) values (428, 5, '2018-11-05 09:20:30', 52417, 'Processing', 'PayPal', 'Partially Paid', '2008-12-19 23:54:18', '2022-02-06 05:16:24', 'ut massa');
insert into PurchaseOrder (OrderID, SupplierID, OrderDate, TotalAmount, Status, PaymentMethod, PaymentStatus, ExpectedDeliveryDate, ActualDeliveryDate, Comments) values (429, 1, '2006-11-25 21:10:30', 108946, 'Cancelled', 'Debit Card', 'Partially Paid', '2000-11-04 00:02:50', '2010-07-14 07:17:51', 'ligula pellentesque ultrices');
insert into PurchaseOrder (OrderID, SupplierID, OrderDate, TotalAmount, Status, PaymentMethod, PaymentStatus, ExpectedDeliveryDate, ActualDeliveryDate, Comments) values (430, 6, '2008-02-29 10:37:39', 67192, 'Delivered', null, 'Paid', '2008-01-19 09:23:04', '2007-06-09 17:45:47', 'massa id lobortis convallis');
insert into PurchaseOrder (OrderID, SupplierID, OrderDate, TotalAmount, Status, PaymentMethod, PaymentStatus, ExpectedDeliveryDate, ActualDeliveryDate, Comments) values (431, 4, '2017-02-23 02:37:35', 62448, 'Delivered', 'PayPal', 'Unpaid', '2013-12-12 10:49:21', '2000-07-17 22:03:34', 'sed nisl nunc rhoncus');
insert into PurchaseOrder (OrderID, SupplierID, OrderDate, TotalAmount, Status, PaymentMethod, PaymentStatus, ExpectedDeliveryDate, ActualDeliveryDate, Comments) values (432, 10, '2012-11-23 05:55:53', 85836, 'Delivered', 'Cash', 'Paid', '2017-01-18 13:46:51', '2008-05-12 15:49:20', 'ac diam');
insert into PurchaseOrder (OrderID, SupplierID, OrderDate, TotalAmount, Status, PaymentMethod, PaymentStatus, ExpectedDeliveryDate, ActualDeliveryDate, Comments) values (433, 1, '2014-09-16 06:38:08', 158714, 'Delivered', 'PayPal', 'Partially Paid', '2011-06-09 00:20:11', '2016-05-19 05:51:03', 'erat curabitur');
insert into PurchaseOrder (OrderID, SupplierID, OrderDate, TotalAmount, Status, PaymentMethod, PaymentStatus, ExpectedDeliveryDate, ActualDeliveryDate, Comments) values (434, 7, '2014-07-29 18:56:33', 45801, 'Shipped', 'Bank Transfer', 'Unpaid', '2007-03-30 11:22:14', '2018-04-05 04:32:19', 'urna ut tellus nulla');
insert into PurchaseOrder (OrderID, SupplierID, OrderDate, TotalAmount, Status, PaymentMethod, PaymentStatus, ExpectedDeliveryDate, ActualDeliveryDate, Comments) values (435, 9, '2007-01-07 22:28:05', 118351, 'Pending', 'Debit Card', 'Overdue', '2018-08-15 19:51:33', '2004-01-30 01:23:34', 'hac habitasse platea dictumst');
insert into PurchaseOrder (OrderID, SupplierID, OrderDate, TotalAmount, Status, PaymentMethod, PaymentStatus, ExpectedDeliveryDate, ActualDeliveryDate, Comments) values (436, 2, '2007-04-19 18:07:28', 167194, 'Pending', 'Debit Card', 'Partially Paid', '2022-03-06 10:21:26', '2013-06-20 10:13:13', 'adipiscing elit');
insert into PurchaseOrder (OrderID, SupplierID, OrderDate, TotalAmount, Status, PaymentMethod, PaymentStatus, ExpectedDeliveryDate, ActualDeliveryDate, Comments) values (437, 7, '2020-03-22 03:20:39', 186551, 'Cancelled', 'Debit Card', 'Unpaid', '2015-05-29 01:04:54', '2016-10-03 05:10:08', 'quis orci eget');
insert into PurchaseOrder (OrderID, SupplierID, OrderDate, TotalAmount, Status, PaymentMethod, PaymentStatus, ExpectedDeliveryDate, ActualDeliveryDate, Comments) values (438, 9, '2011-01-03 23:58:48', 163671, 'Processing', 'Debit Card', 'Overdue', '2001-12-31 09:24:42', '2002-07-19 00:54:57', 'habitasse platea');
insert into PurchaseOrder (OrderID, SupplierID, OrderDate, TotalAmount, Status, PaymentMethod, PaymentStatus, ExpectedDeliveryDate, ActualDeliveryDate, Comments) values (439, 7, '2016-08-18 19:27:25', 20354, 'Delivered', 'PayPal', 'Unpaid', '2016-05-25 14:50:29', '2001-03-24 01:35:35', 'vivamus metus arcu adipiscing');
insert into PurchaseOrder (OrderID, SupplierID, OrderDate, TotalAmount, Status, PaymentMethod, PaymentStatus, ExpectedDeliveryDate, ActualDeliveryDate, Comments) values (440, 8, '2006-04-29 08:25:39', 150562, 'Processing', null, 'Unpaid', '2000-11-14 09:51:19', '2015-12-07 22:19:15', 'nibh in lectus');
insert into PurchaseOrder (OrderID, SupplierID, OrderDate, TotalAmount, Status, PaymentMethod, PaymentStatus, ExpectedDeliveryDate, ActualDeliveryDate, Comments) values (441, 1, '2012-03-22 06:24:57', 37096, 'Pending', 'Cash', 'Paid', '2018-09-27 06:19:05', '2002-11-29 06:55:46', 'potenti cras in purus');
insert into PurchaseOrder (OrderID, SupplierID, OrderDate, TotalAmount, Status, PaymentMethod, PaymentStatus, ExpectedDeliveryDate, ActualDeliveryDate, Comments) values (442, 5, '2006-02-27 17:47:26', 70990, 'Pending', null, 'Unpaid', '2020-03-10 01:44:06', null, 'ultrices posuere cubilia');
insert into PurchaseOrder (OrderID, SupplierID, OrderDate, TotalAmount, Status, PaymentMethod, PaymentStatus, ExpectedDeliveryDate, ActualDeliveryDate, Comments) values (443, 2, '2018-03-21 18:32:05', 72758, 'Processing', 'Credit Card', 'Paid', '2021-06-23 02:40:48', '2017-07-25 11:54:31', 'tincidunt nulla mollis molestie');
insert into PurchaseOrder (OrderID, SupplierID, OrderDate, TotalAmount, Status, PaymentMethod, PaymentStatus, ExpectedDeliveryDate, ActualDeliveryDate, Comments) values (444, 9, '2008-06-09 14:58:32', 32075, 'Delivered', 'Debit Card', 'Unpaid', '2000-03-29 04:41:11', '2005-07-23 15:42:45', 'eu tincidunt in leo');
insert into PurchaseOrder (OrderID, SupplierID, OrderDate, TotalAmount, Status, PaymentMethod, PaymentStatus, ExpectedDeliveryDate, ActualDeliveryDate, Comments) values (445, 7, '2021-09-19 20:39:59', 56835, 'Pending', null, 'Overdue', '2019-06-08 14:40:50', '2018-02-05 01:11:34', 'justo morbi ut odio');
insert into PurchaseOrder (OrderID, SupplierID, OrderDate, TotalAmount, Status, PaymentMethod, PaymentStatus, ExpectedDeliveryDate, ActualDeliveryDate, Comments) values (446, 6, '2017-08-21 01:22:48', 97966, 'Shipped', 'Debit Card', 'Overdue', '2021-03-21 03:03:43', '2009-06-18 10:21:48', 'luctus ultricies');
insert into PurchaseOrder (OrderID, SupplierID, OrderDate, TotalAmount, Status, PaymentMethod, PaymentStatus, ExpectedDeliveryDate, ActualDeliveryDate, Comments) values (447, 6, '2014-11-26 06:26:00', 178511, 'Pending', 'Cash', 'Unpaid', '2009-04-11 06:42:18', '2009-04-23 09:58:18', 'molestie hendrerit at vulputate');
insert into PurchaseOrder (OrderID, SupplierID, OrderDate, TotalAmount, Status, PaymentMethod, PaymentStatus, ExpectedDeliveryDate, ActualDeliveryDate, Comments) values (448, 5, '2011-09-11 16:16:47', 38153, 'Cancelled', 'PayPal', 'Paid', '2006-03-07 01:13:40', '2002-12-01 16:09:13', 'libero rutrum ac');
insert into PurchaseOrder (OrderID, SupplierID, OrderDate, TotalAmount, Status, PaymentMethod, PaymentStatus, ExpectedDeliveryDate, ActualDeliveryDate, Comments) values (449, 4, '2019-11-17 14:31:51', 158363, 'Cancelled', null, 'Unpaid', '2010-09-12 14:49:46', '2020-06-30 15:54:29', 'lectus pellentesque eget nunc');
insert into PurchaseOrder (OrderID, SupplierID, OrderDate, TotalAmount, Status, PaymentMethod, PaymentStatus, ExpectedDeliveryDate, ActualDeliveryDate, Comments) values (450, 10, '2000-12-31 00:00:29', 30297, 'Pending', 'Debit Card', 'Overdue', '2006-06-11 05:54:24', '2000-10-16 09:04:55', 'phasellus sit amet erat');
insert into PurchaseOrder (OrderID, SupplierID, OrderDate, TotalAmount, Status, PaymentMethod, PaymentStatus, ExpectedDeliveryDate, ActualDeliveryDate, Comments) values (451, 6, '2009-05-21 18:17:53', 7341, 'Cancelled', 'Credit Card', 'Overdue', '2010-12-11 10:03:12', '2011-01-29 23:10:56', 'integer tincidunt ante');
insert into PurchaseOrder (OrderID, SupplierID, OrderDate, TotalAmount, Status, PaymentMethod, PaymentStatus, ExpectedDeliveryDate, ActualDeliveryDate, Comments) values (452, 7, '2021-02-16 14:13:08', 23318, 'Cancelled', 'PayPal', 'Unpaid', '2000-10-02 02:44:12', '2019-10-27 17:46:40', 'vestibulum velit id pretium');
insert into PurchaseOrder (OrderID, SupplierID, OrderDate, TotalAmount, Status, PaymentMethod, PaymentStatus, ExpectedDeliveryDate, ActualDeliveryDate, Comments) values (453, 8, '2007-10-21 04:41:44', 174041, 'Processing', 'Credit Card', 'Overdue', '2008-12-13 23:00:08', '2001-08-23 03:37:09', 'phasellus sit amet');
insert into PurchaseOrder (OrderID, SupplierID, OrderDate, TotalAmount, Status, PaymentMethod, PaymentStatus, ExpectedDeliveryDate, ActualDeliveryDate, Comments) values (454, 9, '2003-10-11 18:41:09', 46022, 'Processing', 'Credit Card', 'Paid', '2019-05-22 00:25:02', '2008-08-06 11:44:53', 'sit amet nulla quisque');
insert into PurchaseOrder (OrderID, SupplierID, OrderDate, TotalAmount, Status, PaymentMethod, PaymentStatus, ExpectedDeliveryDate, ActualDeliveryDate, Comments) values (455, 2, '2006-03-09 20:54:59', 115541, 'Delivered', 'Debit Card', 'Paid', '2000-04-06 19:10:12', '2016-10-16 05:07:18', 'eros suspendisse accumsan tortor');
insert into PurchaseOrder (OrderID, SupplierID, OrderDate, TotalAmount, Status, PaymentMethod, PaymentStatus, ExpectedDeliveryDate, ActualDeliveryDate, Comments) values (456, 3, '2009-06-08 14:24:51', 143946, 'Shipped', 'Credit Card', 'Unpaid', '2000-11-23 09:21:15', '2001-08-28 01:16:49', 'pretium nisl ut volutpat');
insert into PurchaseOrder (OrderID, SupplierID, OrderDate, TotalAmount, Status, PaymentMethod, PaymentStatus, ExpectedDeliveryDate, ActualDeliveryDate, Comments) values (457, 10, '2018-06-06 09:05:38', 83520, 'Delivered', 'Bank Transfer', 'Overdue', '2020-04-09 18:57:07', '2020-03-27 20:05:15', 'interdum venenatis turpis enim');
insert into PurchaseOrder (OrderID, SupplierID, OrderDate, TotalAmount, Status, PaymentMethod, PaymentStatus, ExpectedDeliveryDate, ActualDeliveryDate, Comments) values (458, 6, '2019-11-29 09:17:02', 124430, 'Delivered', 'Credit Card', 'Unpaid', '2020-04-10 17:27:26', '2004-08-01 15:38:11', 'non lectus aliquam');
insert into PurchaseOrder (OrderID, SupplierID, OrderDate, TotalAmount, Status, PaymentMethod, PaymentStatus, ExpectedDeliveryDate, ActualDeliveryDate, Comments) values (459, 2, '2018-09-11 09:44:43', 46186, 'Pending', null, 'Unpaid', '2020-09-04 17:35:14', '2021-05-12 19:56:36', 'nulla sed accumsan');
insert into PurchaseOrder (OrderID, SupplierID, OrderDate, TotalAmount, Status, PaymentMethod, PaymentStatus, ExpectedDeliveryDate, ActualDeliveryDate, Comments) values (460, 7, '2010-12-24 19:27:50', 44311, 'Shipped', 'Bank Transfer', 'Unpaid', '2020-08-30 01:03:52', null, 'sapien urna pretium nisl');
insert into PurchaseOrder (OrderID, SupplierID, OrderDate, TotalAmount, Status, PaymentMethod, PaymentStatus, ExpectedDeliveryDate, ActualDeliveryDate, Comments) values (461, 2, '2009-01-08 20:15:23', 145983, 'Shipped', 'Debit Card', 'Paid', '2005-07-13 10:51:23', '2022-02-25 19:39:05', 'et commodo vulputate');
insert into PurchaseOrder (OrderID, SupplierID, OrderDate, TotalAmount, Status, PaymentMethod, PaymentStatus, ExpectedDeliveryDate, ActualDeliveryDate, Comments) values (462, 6, '2011-09-17 20:15:53', 188355, 'Delivered', 'Debit Card', 'Unpaid', '2015-06-16 21:54:47', '2001-08-20 08:15:57', 'viverra pede ac');
insert into PurchaseOrder (OrderID, SupplierID, OrderDate, TotalAmount, Status, PaymentMethod, PaymentStatus, ExpectedDeliveryDate, ActualDeliveryDate, Comments) values (463, 10, '2012-02-07 13:34:55', 147941, 'Pending', 'PayPal', 'Partially Paid', '2011-06-18 08:55:43', '2009-03-08 04:05:46', 'in congue etiam');
insert into PurchaseOrder (OrderID, SupplierID, OrderDate, TotalAmount, Status, PaymentMethod, PaymentStatus, ExpectedDeliveryDate, ActualDeliveryDate, Comments) values (464, 8, '2022-08-20 02:22:11', 47607, 'Cancelled', 'Cash', 'Partially Paid', '2003-01-28 14:27:24', '2013-04-10 01:03:15', 'habitasse platea');
insert into PurchaseOrder (OrderID, SupplierID, OrderDate, TotalAmount, Status, PaymentMethod, PaymentStatus, ExpectedDeliveryDate, ActualDeliveryDate, Comments) values (465, 6, '2021-08-18 11:05:11', 72771, 'Shipped', 'Debit Card', 'Overdue', '2020-08-10 02:20:40', '2003-03-06 09:12:52', 'quam pharetra magna ac');
insert into PurchaseOrder (OrderID, SupplierID, OrderDate, TotalAmount, Status, PaymentMethod, PaymentStatus, ExpectedDeliveryDate, ActualDeliveryDate, Comments) values (466, 6, '2015-11-18 22:07:35', 43842, 'Delivered', 'PayPal', 'Overdue', '2011-10-28 12:41:24', '2006-11-13 07:33:06', null);
insert into PurchaseOrder (OrderID, SupplierID, OrderDate, TotalAmount, Status, PaymentMethod, PaymentStatus, ExpectedDeliveryDate, ActualDeliveryDate, Comments) values (467, 8, '2012-02-09 07:18:13', 29218, 'Processing', 'PayPal', 'Unpaid', '2002-11-13 00:16:42', '2022-12-11 18:30:50', 'ante ipsum primis in');
insert into PurchaseOrder (OrderID, SupplierID, OrderDate, TotalAmount, Status, PaymentMethod, PaymentStatus, ExpectedDeliveryDate, ActualDeliveryDate, Comments) values (468, 5, '2006-09-19 23:24:55', 122085, 'Processing', 'Debit Card', 'Unpaid', '2004-09-05 17:08:26', '2018-01-26 03:52:20', 'ipsum primis in faucibus');
insert into PurchaseOrder (OrderID, SupplierID, OrderDate, TotalAmount, Status, PaymentMethod, PaymentStatus, ExpectedDeliveryDate, ActualDeliveryDate, Comments) values (469, 5, '2008-06-17 11:16:31', 32743, 'Cancelled', null, 'Overdue', '2022-09-12 16:22:48', '2016-09-12 15:28:20', 'lacinia eget');
insert into PurchaseOrder (OrderID, SupplierID, OrderDate, TotalAmount, Status, PaymentMethod, PaymentStatus, ExpectedDeliveryDate, ActualDeliveryDate, Comments) values (470, 9, '2015-02-26 16:20:23', 149610, 'Delivered', 'Cash', 'Overdue', '2017-09-04 00:11:35', '2007-01-15 13:45:41', 'amet lobortis sapien');
insert into PurchaseOrder (OrderID, SupplierID, OrderDate, TotalAmount, Status, PaymentMethod, PaymentStatus, ExpectedDeliveryDate, ActualDeliveryDate, Comments) values (471, 6, '2020-01-26 08:17:00', 58876, 'Cancelled', 'PayPal', 'Partially Paid', '2010-12-08 20:39:36', '2015-08-17 16:44:35', 'dolor sit amet consectetuer');
insert into PurchaseOrder (OrderID, SupplierID, OrderDate, TotalAmount, Status, PaymentMethod, PaymentStatus, ExpectedDeliveryDate, ActualDeliveryDate, Comments) values (472, 5, '2012-06-14 18:27:19', 134885, 'Delivered', 'Cash', 'Paid', '2002-03-02 21:31:44', '2009-03-15 14:27:28', 'malesuada in imperdiet');
insert into PurchaseOrder (OrderID, SupplierID, OrderDate, TotalAmount, Status, PaymentMethod, PaymentStatus, ExpectedDeliveryDate, ActualDeliveryDate, Comments) values (473, 3, '2018-05-26 10:13:10', 94094, 'Cancelled', 'PayPal', 'Partially Paid', '2004-06-20 12:27:03', '2003-11-02 09:01:37', 'platea dictumst');
insert into PurchaseOrder (OrderID, SupplierID, OrderDate, TotalAmount, Status, PaymentMethod, PaymentStatus, ExpectedDeliveryDate, ActualDeliveryDate, Comments) values (474, 1, '2012-10-07 15:19:57', 126681, 'Processing', 'Credit Card', 'Paid', '2007-03-06 20:42:51', '2017-07-19 08:02:39', 'nunc viverra dapibus');
insert into PurchaseOrder (OrderID, SupplierID, OrderDate, TotalAmount, Status, PaymentMethod, PaymentStatus, ExpectedDeliveryDate, ActualDeliveryDate, Comments) values (475, 1, '2015-03-15 21:00:55', 49166, 'Delivered', 'Debit Card', 'Unpaid', '2000-10-23 09:26:08', '2015-06-23 05:17:27', 'eu magna');
insert into PurchaseOrder (OrderID, SupplierID, OrderDate, TotalAmount, Status, PaymentMethod, PaymentStatus, ExpectedDeliveryDate, ActualDeliveryDate, Comments) values (476, 8, '2001-03-26 12:01:04', 156056, 'Pending', null, 'Unpaid', '2003-01-24 09:27:03', '2013-05-08 02:38:10', 'donec pharetra magna vestibulum');
insert into PurchaseOrder (OrderID, SupplierID, OrderDate, TotalAmount, Status, PaymentMethod, PaymentStatus, ExpectedDeliveryDate, ActualDeliveryDate, Comments) values (477, 1, '2014-08-29 20:37:57', 80660, 'Processing', 'Bank Transfer', 'Partially Paid', '2009-09-02 07:43:28', '2020-04-27 01:25:31', 'duis ac');
insert into PurchaseOrder (OrderID, SupplierID, OrderDate, TotalAmount, Status, PaymentMethod, PaymentStatus, ExpectedDeliveryDate, ActualDeliveryDate, Comments) values (478, 8, '2019-04-08 10:37:50', 37710, 'Pending', 'PayPal', 'Overdue', '2017-11-04 00:31:00', '2013-05-15 01:19:41', 'eget tempus');
insert into PurchaseOrder (OrderID, SupplierID, OrderDate, TotalAmount, Status, PaymentMethod, PaymentStatus, ExpectedDeliveryDate, ActualDeliveryDate, Comments) values (479, 4, '2022-08-08 09:45:47', 182941, 'Pending', 'Bank Transfer', 'Partially Paid', '2017-08-28 11:48:28', '2022-03-25 02:49:22', 'sit amet');
insert into PurchaseOrder (OrderID, SupplierID, OrderDate, TotalAmount, Status, PaymentMethod, PaymentStatus, ExpectedDeliveryDate, ActualDeliveryDate, Comments) values (480, 10, '2010-11-16 23:06:39', 146787, 'Delivered', 'Bank Transfer', 'Paid', '2001-11-25 11:21:35', '2015-03-12 04:24:34', 'phasellus in felis');
insert into PurchaseOrder (OrderID, SupplierID, OrderDate, TotalAmount, Status, PaymentMethod, PaymentStatus, ExpectedDeliveryDate, ActualDeliveryDate, Comments) values (481, 10, '2001-05-28 07:17:28', 10585, 'Processing', 'Cash', 'Unpaid', '2003-09-13 18:04:11', '2020-01-11 12:12:14', 'tincidunt ante vel ipsum');
insert into PurchaseOrder (OrderID, SupplierID, OrderDate, TotalAmount, Status, PaymentMethod, PaymentStatus, ExpectedDeliveryDate, ActualDeliveryDate, Comments) values (482, 3, '2008-06-13 03:22:23', 168641, 'Cancelled', null, 'Unpaid', '2017-12-31 21:28:17', '2017-04-17 00:13:30', 'volutpat in congue etiam');
insert into PurchaseOrder (OrderID, SupplierID, OrderDate, TotalAmount, Status, PaymentMethod, PaymentStatus, ExpectedDeliveryDate, ActualDeliveryDate, Comments) values (483, 8, '2016-05-18 04:20:55', 125200, 'Pending', 'Bank Transfer', 'Paid', '2002-09-18 09:42:08', '2005-04-27 14:30:28', 'ut nunc vestibulum ante');
insert into PurchaseOrder (OrderID, SupplierID, OrderDate, TotalAmount, Status, PaymentMethod, PaymentStatus, ExpectedDeliveryDate, ActualDeliveryDate, Comments) values (484, 4, '2020-04-15 19:31:01', 8893, 'Shipped', 'Bank Transfer', 'Overdue', '2001-04-19 17:41:11', '2021-10-14 08:58:09', null);
insert into PurchaseOrder (OrderID, SupplierID, OrderDate, TotalAmount, Status, PaymentMethod, PaymentStatus, ExpectedDeliveryDate, ActualDeliveryDate, Comments) values (485, 3, '2015-03-10 20:02:17', 109667, 'Cancelled', 'Bank Transfer', 'Paid', '2004-06-22 18:38:45', '2007-05-14 04:16:32', 'ipsum primis in');
insert into PurchaseOrder (OrderID, SupplierID, OrderDate, TotalAmount, Status, PaymentMethod, PaymentStatus, ExpectedDeliveryDate, ActualDeliveryDate, Comments) values (486, 10, '2017-05-18 06:00:05', 33205, 'Delivered', 'Cash', 'Unpaid', '2014-06-03 15:06:29', '2014-06-14 20:56:47', 'elementum ligula');
insert into PurchaseOrder (OrderID, SupplierID, OrderDate, TotalAmount, Status, PaymentMethod, PaymentStatus, ExpectedDeliveryDate, ActualDeliveryDate, Comments) values (487, 10, '2003-09-10 16:35:31', 82667, 'Cancelled', 'Credit Card', 'Unpaid', '2015-11-14 05:45:40', '2022-06-16 02:11:08', 'varius integer');
insert into PurchaseOrder (OrderID, SupplierID, OrderDate, TotalAmount, Status, PaymentMethod, PaymentStatus, ExpectedDeliveryDate, ActualDeliveryDate, Comments) values (488, 1, '2001-02-23 22:56:04', 37135, 'Cancelled', 'Bank Transfer', 'Paid', '2011-03-30 08:38:57', '2020-03-23 02:48:06', 'tortor quis turpis');
insert into PurchaseOrder (OrderID, SupplierID, OrderDate, TotalAmount, Status, PaymentMethod, PaymentStatus, ExpectedDeliveryDate, ActualDeliveryDate, Comments) values (489, 5, '2020-03-10 06:24:20', 28722, 'Pending', 'Credit Card', 'Paid', '2007-12-06 00:03:30', '2007-09-09 08:53:48', 'felis fusce posuere');
insert into PurchaseOrder (OrderID, SupplierID, OrderDate, TotalAmount, Status, PaymentMethod, PaymentStatus, ExpectedDeliveryDate, ActualDeliveryDate, Comments) values (490, 6, '2005-12-29 02:40:32', 82764, 'Pending', 'Bank Transfer', 'Paid', '2020-07-27 05:59:03', '2004-02-18 18:31:38', 'donec ut');
insert into PurchaseOrder (OrderID, SupplierID, OrderDate, TotalAmount, Status, PaymentMethod, PaymentStatus, ExpectedDeliveryDate, ActualDeliveryDate, Comments) values (491, 5, '2003-08-31 14:05:34', 13928, 'Cancelled', 'Bank Transfer', 'Partially Paid', '2012-09-23 09:15:46', '2014-02-06 09:32:17', 'velit vivamus');
insert into PurchaseOrder (OrderID, SupplierID, OrderDate, TotalAmount, Status, PaymentMethod, PaymentStatus, ExpectedDeliveryDate, ActualDeliveryDate, Comments) values (492, 10, '2022-10-25 11:12:10', 114148, 'Cancelled', 'Debit Card', 'Overdue', '2011-03-17 19:04:48', '2021-11-06 08:27:21', 'sit amet');
insert into PurchaseOrder (OrderID, SupplierID, OrderDate, TotalAmount, Status, PaymentMethod, PaymentStatus, ExpectedDeliveryDate, ActualDeliveryDate, Comments) values (493, 10, '2006-04-26 08:01:08', 67528, 'Delivered', null, 'Overdue', '2001-10-02 00:26:26', '2003-04-28 18:43:30', 'ut odio cras');
insert into PurchaseOrder (OrderID, SupplierID, OrderDate, TotalAmount, Status, PaymentMethod, PaymentStatus, ExpectedDeliveryDate, ActualDeliveryDate, Comments) values (494, 3, '2022-12-06 13:22:27', 194929, 'Delivered', 'PayPal', 'Unpaid', '2018-05-17 05:59:21', '2000-04-16 10:00:54', 'dui vel sem sed');
insert into PurchaseOrder (OrderID, SupplierID, OrderDate, TotalAmount, Status, PaymentMethod, PaymentStatus, ExpectedDeliveryDate, ActualDeliveryDate, Comments) values (495, 6, '2009-05-14 07:37:51', 82856, 'Pending', 'Debit Card', 'Overdue', '2017-01-02 10:20:40', '2021-06-05 03:21:35', 'pede lobortis ligula');
insert into PurchaseOrder (OrderID, SupplierID, OrderDate, TotalAmount, Status, PaymentMethod, PaymentStatus, ExpectedDeliveryDate, ActualDeliveryDate, Comments) values (496, 8, '2022-07-13 16:31:06', 119127, 'Delivered', 'Debit Card', 'Paid', '2021-09-23 02:37:31', '2016-04-22 07:25:36', 'bibendum felis sed interdum');
insert into PurchaseOrder (OrderID, SupplierID, OrderDate, TotalAmount, Status, PaymentMethod, PaymentStatus, ExpectedDeliveryDate, ActualDeliveryDate, Comments) values (497, 2, '2006-10-18 19:06:23', 45527, 'Pending', 'Bank Transfer', 'Unpaid', '2022-06-30 20:00:16', '2014-12-19 00:51:08', null);
insert into PurchaseOrder (OrderID, SupplierID, OrderDate, TotalAmount, Status, PaymentMethod, PaymentStatus, ExpectedDeliveryDate, ActualDeliveryDate, Comments) values (498, 10, '2012-02-15 14:48:57', 179195, 'Pending', 'Credit Card', 'Unpaid', '2017-09-05 03:02:03', '2020-02-18 06:47:51', 'habitasse platea dictumst');
insert into PurchaseOrder (OrderID, SupplierID, OrderDate, TotalAmount, Status, PaymentMethod, PaymentStatus, ExpectedDeliveryDate, ActualDeliveryDate, Comments) values (499, 6, '2006-02-10 23:22:56', 114265, 'Shipped', null, 'Paid', '2015-01-21 08:48:56', '2001-05-26 13:35:30', 'nisi at nibh in');
insert into PurchaseOrder (OrderID, SupplierID, OrderDate, TotalAmount, Status, PaymentMethod, PaymentStatus, ExpectedDeliveryDate, ActualDeliveryDate, Comments) values (500, 6, '2021-07-02 06:19:42', 119716, 'Pending', 'Bank Transfer', 'Unpaid', '2008-03-30 09:16:14', '2002-09-27 11:05:19', 'elementum in hac');


-- Manufacturer
insert into Manufacturer (ManufacturerID, Name, ContactInfo, Address, Country, Email, Phone) values (1, 'Cogibox', '828-582-7825', '5 Dorton Circle', 'Brazil', 'mbedford0@discuz.net', '440-814-9645');
insert into Manufacturer (ManufacturerID, Name, ContactInfo, Address, Country, Email, Phone) values (2, 'Cogilith', '105-491-1231', '552 Hudson Crossing', 'Brazil', 'mnise1@upenn.edu', '618-150-7132');
insert into Manufacturer (ManufacturerID, Name, ContactInfo, Address, Country, Email, Phone) values (3, 'Topdrive', '334-735-0868', '937 Sugar Hill', 'Philippines', 'slatliff2@a8.net', '399-190-1670');
insert into Manufacturer (ManufacturerID, Name, ContactInfo, Address, Country, Email, Phone) values (4, 'Fanoodle', '977-952-9329', '3 Monica Way', 'Brazil', 'madan3@shinystat.com', '392-325-7189');
insert into Manufacturer (ManufacturerID, Name, ContactInfo, Address, Country, Email, Phone) values (5, 'Mymm', '326-551-0080', '32448 Pleasure Point', 'Iraq', 'lmaffione4@skyrock.com', '375-748-6594');
insert into Manufacturer (ManufacturerID, Name, ContactInfo, Address, Country, Email, Phone) values (6, 'Tazz', '841-477-9388', '51 Linden Center', 'Russia', 'hpounder5@state.gov', '723-434-3537');
insert into Manufacturer (ManufacturerID, Name, ContactInfo, Address, Country, Email, Phone) values (7, 'Mita', '707-519-1391', '6 Cambridge Crossing', 'China', 'mbedlington6@zimbio.com', '850-314-0979');
insert into Manufacturer (ManufacturerID, Name, ContactInfo, Address, Country, Email, Phone) values (8, 'Twinder', '402-200-2700', '702 Burning Wood Plaza', 'United States', 'cchrystie7@yale.edu', '722-963-8728');
insert into Manufacturer (ManufacturerID, Name, ContactInfo, Address, Country, Email, Phone) values (9, 'Flipstorm', null, '4 Forest Run Point', 'France', 'wlydiate8@virginia.edu', '356-645-9045');
insert into Manufacturer (ManufacturerID, Name, ContactInfo, Address, Country, Email, Phone) values (10, 'Blogtags', '545-324-1759', '4053 Dexter Alley', 'Netherlands', 'ahumbee9@washingtonpost.com', '629-500-4640');

-- Category
insert into Category (CategoryID, Name, Description) values (1, 'Wall Protection', 'pellentesque at nulla suspendisse potenti cras');
insert into Category (CategoryID, Name, Description) values (2, 'Landscaping & Irrigation', 'at dolor quis odio consequat varius integer ac leo');
insert into Category (CategoryID, Name, Description) values (3, 'Framing (Wood)', 'dui vel nisl duis ac nibh fusce lacus purus');
insert into Category (CategoryID, Name, Description) values (4, 'Painting & Vinyl Wall Covering', 'nec nisi volutpat eleifend donec ut dolor morbi vel lectus');
insert into Category (CategoryID, Name, Description) values (5, 'Soft Flooring and Base', null);
insert into Category (CategoryID, Name, Description) values (6, 'Electrical and Fire Alarm', 'quisque ut erat curabitur gravida nisi at nibh in hac');
insert into Category (CategoryID, Name, Description) values (7, 'Fire Protection', 'magna vestibulum aliquet ultrices erat');
insert into Category (CategoryID, Name, Description) values (8, 'HVAC', 'vitae nisl aenean lectus pellentesque eget nunc donec quis orci');
insert into Category (CategoryID, Name, Description) values (9, 'Termite Control', 'quis turpis eget elit sodales scelerisque mauris sit amet eros');
insert into Category (CategoryID, Name, Description) values (10, 'Exterior Signage', 'tincidunt in leo maecenas pulvinar lobortis est phasellus sit amet');
insert into Category (CategoryID, Name, Description) values (11, 'Framing (Wood)', 'nisi nam ultrices libero non mattis pulvinar nulla pede');
insert into Category (CategoryID, Name, Description) values (12, 'Asphalt Paving', 'nunc donec quis orci eget orci');
insert into Category (CategoryID, Name, Description) values (13, null, 'faucibus accumsan odio curabitur convallis duis consequat dui');
insert into Category (CategoryID, Name, Description) values (14, 'Glass & Glazing', 'mattis egestas metus aenean fermentum donec ut mauris');
insert into Category (CategoryID, Name, Description) values (15, 'Hard Tile & Stone', 'ac enim in tempor turpis nec euismod scelerisque quam turpis');
insert into Category (CategoryID, Name, Description) values (16, 'Elevator', 'consequat varius integer ac leo pellentesque');
insert into Category (CategoryID, Name, Description) values (17, 'Termite Control', 'eros elementum pellentesque quisque porta volutpat');
insert into Category (CategoryID, Name, Description) values (18, 'Wall Protection', 'augue a suscipit nulla elit ac nulla sed vel enim');
insert into Category (CategoryID, Name, Description) values (19, 'Epoxy Flooring', 'lorem quisque ut erat curabitur gravida');
insert into Category (CategoryID, Name, Description) values (20, 'Hard Tile & Stone', 'volutpat convallis morbi odio odio elementum eu interdum');


-- Product
insert into Product (ProductID, Name, Description, Price, CategoryID, ManufacturerID, StockLevel, ReorderLevel, Discontinued) values (1, 'Butalbital, Acetaminophen and Caffeine', 'Nulla tellus.', 85.95, 20, 10, 759, 600, true);
insert into Product (ProductID, Name, Description, Price, CategoryID, ManufacturerID, StockLevel, ReorderLevel, Discontinued) values (2, 'SHISEIDO ADVANCED HYDRO-LIQUID COMPACT (REFILL)', 'Vestibulum quam sapien, varius ut, blandit non, interdum in, ante.', 833.29, 19, 9, 369, 873, false);
insert into Product (ProductID, Name, Description, Price, CategoryID, ManufacturerID, StockLevel, ReorderLevel, Discontinued) values (3, 'Sertraline Hydrochloride', 'Nulla ut erat id mauris vulputate elementum.', 2896.17, 16, 8, 1517, null, true);
insert into Product (ProductID, Name, Description, Price, CategoryID, ManufacturerID, StockLevel, ReorderLevel, Discontinued) values (4, 'SohMed Cold Relief', 'Etiam faucibus cursus urna.', 2813.71, 17, 5, 1835, 301, true);
insert into Product (ProductID, Name, Description, Price, CategoryID, ManufacturerID, StockLevel, ReorderLevel, Discontinued) values (5, 'Promethazine Hydrochloride', 'In hac habitasse platea dictumst.', 906.71, 3, 7, 494, 648, true);
insert into Product (ProductID, Name, Description, Price, CategoryID, ManufacturerID, StockLevel, ReorderLevel, Discontinued) values (6, 'Ondansetron', 'Suspendisse potenti.', 140.8, 15, 6, 1594, 780, false);
insert into Product (ProductID, Name, Description, Price, CategoryID, ManufacturerID, StockLevel, ReorderLevel, Discontinued) values (7, 'TopCare Antacid Calcium', 'Quisque arcu libero, rutrum ac, lobortis vel, dapibus at, diam.', 2465.32, 9, 1, 1379, 873, false);
insert into Product (ProductID, Name, Description, Price, CategoryID, ManufacturerID, StockLevel, ReorderLevel, Discontinued) values (8, 'Maximum Strength', 'Morbi sem mauris, laoreet ut, rhoncus aliquet, pulvinar sed, nisl.', 1290.36, 3, 4, 991, 686, false);
insert into Product (ProductID, Name, Description, Price, CategoryID, ManufacturerID, StockLevel, ReorderLevel, Discontinued) values (9, 'Secura Moisturizing Cleanser', 'Fusce posuere felis sed lacus.', 2627.59, 9, 10, 716, 265, true);
insert into Product (ProductID, Name, Description, Price, CategoryID, ManufacturerID, StockLevel, ReorderLevel, Discontinued) values (10, 'SALSOLA KALI POLLEN', 'Vestibulum ante ipsum primis in faucibus orci luctus et ultrices posuere cubilia Curae; Duis faucibus accumsan odio.', 948.27, 7, 4, 1781, 397, true);
insert into Product (ProductID, Name, Description, Price, CategoryID, ManufacturerID, StockLevel, ReorderLevel, Discontinued) values (11, 'Extra Strength Mapap', 'Fusce congue, diam id ornare imperdiet, sapien urna pretium nisl, ut volutpat sapien arcu sed augue.', 2651.82, 14, 8, 1380, 875, true);
insert into Product (ProductID, Name, Description, Price, CategoryID, ManufacturerID, StockLevel, ReorderLevel, Discontinued) values (12, 'Oral Analgesic', 'Proin at turpis a pede posuere nonummy.', 2980.75, 7, 6, 859, null, false);
insert into Product (ProductID, Name, Description, Price, CategoryID, ManufacturerID, StockLevel, ReorderLevel, Discontinued) values (13, 'Focalin', 'Aliquam quis turpis eget elit sodales scelerisque.', 2455.81, 4, 8, 1010, 958, true);
insert into Product (ProductID, Name, Description, Price, CategoryID, ManufacturerID, StockLevel, ReorderLevel, Discontinued) values (14, 'Natural Cherry Honey Herb Throat Drops', 'Integer tincidunt ante vel ipsum.', 2502.47, 18, 3, 365, 233, true);
insert into Product (ProductID, Name, Description, Price, CategoryID, ManufacturerID, StockLevel, ReorderLevel, Discontinued) values (15, 'Flecainide Acetate', 'Cras non velit nec nisi vulputate nonummy.', 2325.87, 10, 7, 1194, 750, false);
insert into Product (ProductID, Name, Description, Price, CategoryID, ManufacturerID, StockLevel, ReorderLevel, Discontinued) values (16, 'Sinus Relief PE', 'Etiam vel augue.', 1447.17, 14, 2, 1447, 790, false);
insert into Product (ProductID, Name, Description, Price, CategoryID, ManufacturerID, StockLevel, ReorderLevel, Discontinued) values (17, 'Folet One', 'In tempor, turpis nec euismod scelerisque, quam turpis adipiscing lorem, vitae mattis nibh ligula nec sem.', 1786.86, 10, 6, 562, 825, false);
insert into Product (ProductID, Name, Description, Price, CategoryID, ManufacturerID, StockLevel, ReorderLevel, Discontinued) values (18, 'Fluoxetine', 'Suspendisse potenti.', 726.23, 6, 1, 1081, 752, true);
insert into Product (ProductID, Name, Description, Price, CategoryID, ManufacturerID, StockLevel, ReorderLevel, Discontinued) values (19, 'Granisetron Hydrochloride', 'Fusce lacus purus, aliquet at, feugiat non, pretium quis, lectus.', 1940.66, 7, 1, 1750, 683, true);
insert into Product (ProductID, Name, Description, Price, CategoryID, ManufacturerID, StockLevel, ReorderLevel, Discontinued) values (20, 'Antibacterial Foaming Hand Sanitizer', 'Suspendisse potenti.', 1647.64, 7, 4, 793, 596, false);
insert into Product (ProductID, Name, Description, Price, CategoryID, ManufacturerID, StockLevel, ReorderLevel, Discontinued) values (21, 'Metformin Hydrochloride', 'In eleifend quam a odio.', 1283.94, 17, 7, 201, 398, true);
insert into Product (ProductID, Name, Description, Price, CategoryID, ManufacturerID, StockLevel, ReorderLevel, Discontinued) values (22, 'SSD Cream', 'Duis bibendum, felis sed interdum venenatis, turpis enim blandit mi, in porttitor pede justo eu massa.', 1841.69, 10, 7, 662, 688, true);
insert into Product (ProductID, Name, Description, Price, CategoryID, ManufacturerID, StockLevel, ReorderLevel, Discontinued) values (23, 'Conju Princess UV Sun Block', 'Praesent lectus.', 1753.69, 17, 3, 1038, 273, true);
insert into Product (ProductID, Name, Description, Price, CategoryID, ManufacturerID, StockLevel, ReorderLevel, Discontinued) values (24, 'Perphenazine', 'Aliquam augue quam, sollicitudin vitae, consectetuer eget, rutrum at, lorem.', 352.02, 5, 3, 1530, 687, false);
insert into Product (ProductID, Name, Description, Price, CategoryID, ManufacturerID, StockLevel, ReorderLevel, Discontinued) values (25, 'Isopropyl Alcohol Surgical Scrub', 'Proin at turpis a pede posuere nonummy.', 2554.94, 5, 9, 1288, 211, true);
insert into Product (ProductID, Name, Description, Price, CategoryID, ManufacturerID, StockLevel, ReorderLevel, Discontinued) values (26, 'KIDS CHOICE', 'Aliquam sit amet diam in magna bibendum imperdiet.', 1527.06, 5, 8, 745, 318, false);
insert into Product (ProductID, Name, Description, Price, CategoryID, ManufacturerID, StockLevel, ReorderLevel, Discontinued) values (27, 'Icy Hot Back and Large Areas', 'Maecenas tincidunt lacus at velit.', 1818.9, 12, 10, 623, 148, false);
insert into Product (ProductID, Name, Description, Price, CategoryID, ManufacturerID, StockLevel, ReorderLevel, Discontinued) values (28, 'COMETRIQ', 'Suspendisse accumsan tortor quis turpis.', 2778.36, 13, 2, 649, 899, false);
insert into Product (ProductID, Name, Description, Price, CategoryID, ManufacturerID, StockLevel, ReorderLevel, Discontinued) values (29, 'Midol Complete', 'Morbi odio odio, elementum eu, interdum eu, tincidunt in, leo.', 2431.54, 9, 5, 548, 356, false);
insert into Product (ProductID, Name, Description, Price, CategoryID, ManufacturerID, StockLevel, ReorderLevel, Discontinued) values (30, 'Acetylcysteine', 'Lorem ipsum dolor sit amet, consectetuer adipiscing elit.', 240.05, 13, 2, 1523, 688, true);
insert into Product (ProductID, Name, Description, Price, CategoryID, ManufacturerID, StockLevel, ReorderLevel, Discontinued) values (31, 'PASPALUM NOTATUM POLLEN', 'Praesent blandit.', 1810.17, 14, 3, 1453, 288, false);
insert into Product (ProductID, Name, Description, Price, CategoryID, ManufacturerID, StockLevel, ReorderLevel, Discontinued) values (32, 'ILLUMINATING DAILY MOISTURIZER', 'Curabitur in libero ut massa volutpat convallis.', 2437.99, 3, 9, 1223, 804, null);
insert into Product (ProductID, Name, Description, Price, CategoryID, ManufacturerID, StockLevel, ReorderLevel, Discontinued) values (33, 'Entex T', 'Proin at turpis a pede posuere nonummy.', 2012.38, 19, 5, 1469, 409, false);
insert into Product (ProductID, Name, Description, Price, CategoryID, ManufacturerID, StockLevel, ReorderLevel, Discontinued) values (34, 'Betapace AF', 'Suspendisse potenti.', 1543.64, 2, 6, 710, 478, true);
insert into Product (ProductID, Name, Description, Price, CategoryID, ManufacturerID, StockLevel, ReorderLevel, Discontinued) values (35, 'Quetiapine Fumarate', 'Quisque id justo sit amet sapien dignissim vestibulum.', 1831.84, 15, 2, 1080, 104, false);
insert into Product (ProductID, Name, Description, Price, CategoryID, ManufacturerID, StockLevel, ReorderLevel, Discontinued) values (36, 'Acetaminophen PM', 'Fusce lacus purus, aliquet at, feugiat non, pretium quis, lectus.', 2677.44, 12, 3, 964, 624, true);
insert into Product (ProductID, Name, Description, Price, CategoryID, ManufacturerID, StockLevel, ReorderLevel, Discontinued) values (37, 'Ondansetron Hydrochloride', null, 733.98, 9, 3, 838, 805, false);
insert into Product (ProductID, Name, Description, Price, CategoryID, ManufacturerID, StockLevel, ReorderLevel, Discontinued) values (38, 'Losartan Potassium', 'In hac habitasse platea dictumst.', 2749.2, 14, 8, 735, 114, true);
insert into Product (ProductID, Name, Description, Price, CategoryID, ManufacturerID, StockLevel, ReorderLevel, Discontinued) values (39, 'AntiBac Foam Wash', null, 2215.8, 7, 9, 223, 159, true);
insert into Product (ProductID, Name, Description, Price, CategoryID, ManufacturerID, StockLevel, ReorderLevel, Discontinued) values (40, 'Dexamethasone', 'Vivamus in felis eu sapien cursus vestibulum.', 805.41, 2, 1, 1786, 451, true);

-- PurchaseOrderDetail
insert into PurchaseOrderDetail (OrderID, ProductID, Quantity, UnitPrice, Discount, Tax, TotalAmount) values (1, 18, 23, 779.2, 25.28, 27.36, 2036.74);
insert into PurchaseOrderDetail (OrderID, ProductID, Quantity, UnitPrice, Discount, Tax, TotalAmount) values (2, 40, 11, 1919.23, 22.13, 21.19, 7149.44);
insert into PurchaseOrderDetail (OrderID, ProductID, Quantity, UnitPrice, Discount, Tax, TotalAmount) values (3, 3, 8, 1777.16, 24.06, 29.73, 8402.1);
insert into PurchaseOrderDetail (OrderID, ProductID, Quantity, UnitPrice, Discount, Tax, TotalAmount) values (4, 10, 87, 2494.73, 27.34, 27.93, 6369.22);
insert into PurchaseOrderDetail (OrderID, ProductID, Quantity, UnitPrice, Discount, Tax, TotalAmount) values (5, 28, 56, 1844.18, 24.47, 23.29, 4739.44);
insert into PurchaseOrderDetail (OrderID, ProductID, Quantity, UnitPrice, Discount, Tax, TotalAmount) values (6, 10, 55, 2390.1, 24.27, 25.39, 6564.38);
insert into PurchaseOrderDetail (OrderID, ProductID, Quantity, UnitPrice, Discount, Tax, TotalAmount) values (7, 25, 91, 304.24, 20.73, 24.23, 5078.05);
insert into PurchaseOrderDetail (OrderID, ProductID, Quantity, UnitPrice, Discount, Tax, TotalAmount) values (8, 4, 78, 2846.24, 22.06, 29.23, 9315.74);
insert into PurchaseOrderDetail (OrderID, ProductID, Quantity, UnitPrice, Discount, Tax, TotalAmount) values (9, 36, 86, 268.37, 26.83, 26.85, 5995.91);
insert into PurchaseOrderDetail (OrderID, ProductID, Quantity, UnitPrice, Discount, Tax, TotalAmount) values (10, 27, 97, 1440.83, 25.65, 22.56, 1825.96);
insert into PurchaseOrderDetail (OrderID, ProductID, Quantity, UnitPrice, Discount, Tax, TotalAmount) values (11, 3, 27, 933.55, 27.73, 24.95, 960.46);
insert into PurchaseOrderDetail (OrderID, ProductID, Quantity, UnitPrice, Discount, Tax, TotalAmount) values (12, 19, 42, 721.77, 24.68, 28.1, 8387.22);
insert into PurchaseOrderDetail (OrderID, ProductID, Quantity, UnitPrice, Discount, Tax, TotalAmount) values (13, 37, 68, 624.68, 20.71, 24.17, 7240.87);
insert into PurchaseOrderDetail (OrderID, ProductID, Quantity, UnitPrice, Discount, Tax, TotalAmount) values (14, 32, 78, 2782.14, 22.27, 27.37, 2288.5);
insert into PurchaseOrderDetail (OrderID, ProductID, Quantity, UnitPrice, Discount, Tax, TotalAmount) values (15, 6, 17, 1901.58, 20.34, 20.1, 4162.05);
insert into PurchaseOrderDetail (OrderID, ProductID, Quantity, UnitPrice, Discount, Tax, TotalAmount) values (16, 18, 40, 1901.45, 21.76, 21.09, 7854.41);
insert into PurchaseOrderDetail (OrderID, ProductID, Quantity, UnitPrice, Discount, Tax, TotalAmount) values (17, 4, 45, 1742.13, 29.59, 25.92, 351.97);
insert into PurchaseOrderDetail (OrderID, ProductID, Quantity, UnitPrice, Discount, Tax, TotalAmount) values (18, 4, 12, 1147.94, 26.56, 29.54, 2078.77);
insert into PurchaseOrderDetail (OrderID, ProductID, Quantity, UnitPrice, Discount, Tax, TotalAmount) values (19, 29, 11, 539.02, 21.83, 26.59, 2273.96);
insert into PurchaseOrderDetail (OrderID, ProductID, Quantity, UnitPrice, Discount, Tax, TotalAmount) values (20, 10, 78, 1179.35, 25.61, 20.43, 6724.04);
insert into PurchaseOrderDetail (OrderID, ProductID, Quantity, UnitPrice, Discount, Tax, TotalAmount) values (21, 29, 97, 194.59, 27.89, 23.47, 4715.59);
insert into PurchaseOrderDetail (OrderID, ProductID, Quantity, UnitPrice, Discount, Tax, TotalAmount) values (22, 2, 37, 635.47, 28.46, 20.35, 6372.32);
insert into PurchaseOrderDetail (OrderID, ProductID, Quantity, UnitPrice, Discount, Tax, TotalAmount) values (23, 13, 14, 2069.33, 25.21, 27.99, 7565.04);
insert into PurchaseOrderDetail (OrderID, ProductID, Quantity, UnitPrice, Discount, Tax, TotalAmount) values (24, 26, 54, 2043.5, 21.76, 28.6, 8923.76);
insert into PurchaseOrderDetail (OrderID, ProductID, Quantity, UnitPrice, Discount, Tax, TotalAmount) values (25, 15, 25, 2581.22, 22.94, 20.59, 8927.76);
insert into PurchaseOrderDetail (OrderID, ProductID, Quantity, UnitPrice, Discount, Tax, TotalAmount) values (26, 29, 73, 2457.4, 25.9, 27.08, 6505.41);
insert into PurchaseOrderDetail (OrderID, ProductID, Quantity, UnitPrice, Discount, Tax, TotalAmount) values (27, 4, 2, 742.85, 25.31, 27.49, 1814.83);
insert into PurchaseOrderDetail (OrderID, ProductID, Quantity, UnitPrice, Discount, Tax, TotalAmount) values (28, 4, 42, 920.42, 22.37, 29.13, 261.39);
insert into PurchaseOrderDetail (OrderID, ProductID, Quantity, UnitPrice, Discount, Tax, TotalAmount) values (29, 35, 49, 836.15, 22.5, 29.22, 4883.56);
insert into PurchaseOrderDetail (OrderID, ProductID, Quantity, UnitPrice, Discount, Tax, TotalAmount) values (30, 29, 63, 360.67, 29.38, 24.24, 6548.37);
insert into PurchaseOrderDetail (OrderID, ProductID, Quantity, UnitPrice, Discount, Tax, TotalAmount) values (31, 11, 1, 2841.01, 20.62, 23.07, 4940.51);
insert into PurchaseOrderDetail (OrderID, ProductID, Quantity, UnitPrice, Discount, Tax, TotalAmount) values (32, 29, 23, 2170.14, 20.58, 23.15, 3599.82);
insert into PurchaseOrderDetail (OrderID, ProductID, Quantity, UnitPrice, Discount, Tax, TotalAmount) values (33, 18, 84, 1551.96, 29.49, 25.97, 1342.04);
insert into PurchaseOrderDetail (OrderID, ProductID, Quantity, UnitPrice, Discount, Tax, TotalAmount) values (34, 21, 4, 815.81, 29.65, 27.7, 7868.35);
insert into PurchaseOrderDetail (OrderID, ProductID, Quantity, UnitPrice, Discount, Tax, TotalAmount) values (35, 15, 4, 2022.06, 27.37, 21.02, 4521.35);
insert into PurchaseOrderDetail (OrderID, ProductID, Quantity, UnitPrice, Discount, Tax, TotalAmount) values (36, 1, 88, 384.33, 29.8, 21.09, 2991.75);
insert into PurchaseOrderDetail (OrderID, ProductID, Quantity, UnitPrice, Discount, Tax, TotalAmount) values (37, 33, 42, 803.79, 25.62, 25.52, 8690.67);
insert into PurchaseOrderDetail (OrderID, ProductID, Quantity, UnitPrice, Discount, Tax, TotalAmount) values (38, 38, 17, 1136.11, 23.83, 21.15, 3891.68);
insert into PurchaseOrderDetail (OrderID, ProductID, Quantity, UnitPrice, Discount, Tax, TotalAmount) values (39, 20, 40, 603.97, 25.38, 24.78, 2991.95);
insert into PurchaseOrderDetail (OrderID, ProductID, Quantity, UnitPrice, Discount, Tax, TotalAmount) values (40, 22, 2, 2588.87, 22.38, 21.83, 7793.34);
insert into PurchaseOrderDetail (OrderID, ProductID, Quantity, UnitPrice, Discount, Tax, TotalAmount) values (41, 26, 26, 1067.7, 23.63, 24.97, 8420.35);
insert into PurchaseOrderDetail (OrderID, ProductID, Quantity, UnitPrice, Discount, Tax, TotalAmount) values (42, 18, 49, 2057.51, 25.56, 25.52, 5620.97);
insert into PurchaseOrderDetail (OrderID, ProductID, Quantity, UnitPrice, Discount, Tax, TotalAmount) values (43, 37, 95, 341.17, 21.8, 29.59, 8560.15);
insert into PurchaseOrderDetail (OrderID, ProductID, Quantity, UnitPrice, Discount, Tax, TotalAmount) values (44, 13, 33, 1833.99, 24.86, 29.34, 1993.26);
insert into PurchaseOrderDetail (OrderID, ProductID, Quantity, UnitPrice, Discount, Tax, TotalAmount) values (45, 10, 98, 789.08, 22.52, 29.61, 8853.42);
insert into PurchaseOrderDetail (OrderID, ProductID, Quantity, UnitPrice, Discount, Tax, TotalAmount) values (46, 32, 83, 2454.54, 21.48, 29.83, 3805.11);
insert into PurchaseOrderDetail (OrderID, ProductID, Quantity, UnitPrice, Discount, Tax, TotalAmount) values (47, 32, 67, 787.37, 21.57, 25.4, 5232.75);
insert into PurchaseOrderDetail (OrderID, ProductID, Quantity, UnitPrice, Discount, Tax, TotalAmount) values (48, 3, 52, 1433.13, 28.21, 24.43, 6327.54);
insert into PurchaseOrderDetail (OrderID, ProductID, Quantity, UnitPrice, Discount, Tax, TotalAmount) values (49, 10, 88, 1932.13, 29.34, 29.31, 3204.55);
insert into PurchaseOrderDetail (OrderID, ProductID, Quantity, UnitPrice, Discount, Tax, TotalAmount) values (50, 13, 74, 2461.58, 28.24, 23.94, 7791.09);
insert into PurchaseOrderDetail (OrderID, ProductID, Quantity, UnitPrice, Discount, Tax, TotalAmount) values (51, 19, 12, 2858.34, 24.59, 24.43, 7670.35);
insert into PurchaseOrderDetail (OrderID, ProductID, Quantity, UnitPrice, Discount, Tax, TotalAmount) values (52, 11, 83, 2508.88, 20.93, 21.37, 2325.19);
insert into PurchaseOrderDetail (OrderID, ProductID, Quantity, UnitPrice, Discount, Tax, TotalAmount) values (53, 29, 90, 1160.23, 22.05, 22.88, 600.78);
insert into PurchaseOrderDetail (OrderID, ProductID, Quantity, UnitPrice, Discount, Tax, TotalAmount) values (54, 13, 64, 1827.34, 29.59, 22.26, 2617.43);
insert into PurchaseOrderDetail (OrderID, ProductID, Quantity, UnitPrice, Discount, Tax, TotalAmount) values (55, 21, 61, 1392.46, 25.81, 23.54, 7285.91);
insert into PurchaseOrderDetail (OrderID, ProductID, Quantity, UnitPrice, Discount, Tax, TotalAmount) values (56, 25, 89, 1041.71, 29.13, 29.64, 4852.32);
insert into PurchaseOrderDetail (OrderID, ProductID, Quantity, UnitPrice, Discount, Tax, TotalAmount) values (57, 4, 69, 2008.9, 23.24, 23.07, 780.84);
insert into PurchaseOrderDetail (OrderID, ProductID, Quantity, UnitPrice, Discount, Tax, TotalAmount) values (58, 7, 99, 1994.54, 25.17, 24.44, 8135.19);
insert into PurchaseOrderDetail (OrderID, ProductID, Quantity, UnitPrice, Discount, Tax, TotalAmount) values (59, 31, 1, 2483.37, 29.21, 25.39, 4701.08);
insert into PurchaseOrderDetail (OrderID, ProductID, Quantity, UnitPrice, Discount, Tax, TotalAmount) values (60, 12, 31, 1267.47, 22.25, 22.58, 9511.52);
insert into PurchaseOrderDetail (OrderID, ProductID, Quantity, UnitPrice, Discount, Tax, TotalAmount) values (61, 5, 89, 793.67, 24.25, 29.2, 9177.75);
insert into PurchaseOrderDetail (OrderID, ProductID, Quantity, UnitPrice, Discount, Tax, TotalAmount) values (62, 3, 10, 523.2, 22.15, 28.3, 843.54);
insert into PurchaseOrderDetail (OrderID, ProductID, Quantity, UnitPrice, Discount, Tax, TotalAmount) values (63, 21, 66, 2816.04, 27.91, 25.98, 3394.19);
insert into PurchaseOrderDetail (OrderID, ProductID, Quantity, UnitPrice, Discount, Tax, TotalAmount) values (64, 29, 30, 2136.21, 20.67, 24.33, 8632.31);
insert into PurchaseOrderDetail (OrderID, ProductID, Quantity, UnitPrice, Discount, Tax, TotalAmount) values (65, 3, 46, 1096.26, 29.17, 25.75, 5656.5);
insert into PurchaseOrderDetail (OrderID, ProductID, Quantity, UnitPrice, Discount, Tax, TotalAmount) values (66, 6, 5, 2220.63, 22.48, 23.58, 3606.82);
insert into PurchaseOrderDetail (OrderID, ProductID, Quantity, UnitPrice, Discount, Tax, TotalAmount) values (67, 26, 57, 1092.94, 29.88, 24.58, 5161.41);
insert into PurchaseOrderDetail (OrderID, ProductID, Quantity, UnitPrice, Discount, Tax, TotalAmount) values (68, 8, 30, 158.81, 22.91, 27.79, 2480.44);
insert into PurchaseOrderDetail (OrderID, ProductID, Quantity, UnitPrice, Discount, Tax, TotalAmount) values (69, 36, 37, 2795.33, 22.46, 23.06, 2385.51);
insert into PurchaseOrderDetail (OrderID, ProductID, Quantity, UnitPrice, Discount, Tax, TotalAmount) values (70, 7, 34, 2660.31, 20.41, 22.96, 898.95);
insert into PurchaseOrderDetail (OrderID, ProductID, Quantity, UnitPrice, Discount, Tax, TotalAmount) values (71, 27, 25, 2091.37, 25.28, 29.27, 8297.92);
insert into PurchaseOrderDetail (OrderID, ProductID, Quantity, UnitPrice, Discount, Tax, TotalAmount) values (72, 33, 12, 1996.61, 20.43, 27.32, 9364.88);
insert into PurchaseOrderDetail (OrderID, ProductID, Quantity, UnitPrice, Discount, Tax, TotalAmount) values (73, 21, 87, 746.71, 24.84, 29.16, 2433.32);
insert into PurchaseOrderDetail (OrderID, ProductID, Quantity, UnitPrice, Discount, Tax, TotalAmount) values (74, 37, 32, 773.42, 25.39, 21.09, 5033.98);
insert into PurchaseOrderDetail (OrderID, ProductID, Quantity, UnitPrice, Discount, Tax, TotalAmount) values (75, 37, 16, 846.17, 20.51, 25.63, 4694.18);
insert into PurchaseOrderDetail (OrderID, ProductID, Quantity, UnitPrice, Discount, Tax, TotalAmount) values (76, 40, 8, 2388.78, 26.2, 24.03, 3508.43);
insert into PurchaseOrderDetail (OrderID, ProductID, Quantity, UnitPrice, Discount, Tax, TotalAmount) values (77, 23, 43, 2793.31, 22.62, 20.58, 2557.52);
insert into PurchaseOrderDetail (OrderID, ProductID, Quantity, UnitPrice, Discount, Tax, TotalAmount) values (78, 10, 4, 2691.31, 20.21, 22.93, 3555.84);
insert into PurchaseOrderDetail (OrderID, ProductID, Quantity, UnitPrice, Discount, Tax, TotalAmount) values (79, 4, 47, 573.1, 25.38, 29.22, 2868.74);
insert into PurchaseOrderDetail (OrderID, ProductID, Quantity, UnitPrice, Discount, Tax, TotalAmount) values (80, 16, 45, 2413.5, 20.86, 21.22, 9767.72);
insert into PurchaseOrderDetail (OrderID, ProductID, Quantity, UnitPrice, Discount, Tax, TotalAmount) values (81, 9, 36, 404.72, 20.3, 25.91, 415.06);
insert into PurchaseOrderDetail (OrderID, ProductID, Quantity, UnitPrice, Discount, Tax, TotalAmount) values (82, 32, 63, 2749.63, 27.58, 25.2, 4718.22);
insert into PurchaseOrderDetail (OrderID, ProductID, Quantity, UnitPrice, Discount, Tax, TotalAmount) values (83, 13, 96, 830.23, 25.23, 25.24, 2533.06);
insert into PurchaseOrderDetail (OrderID, ProductID, Quantity, UnitPrice, Discount, Tax, TotalAmount) values (84, 22, 18, 1925.86, 21.82, 24.19, 5876.95);
insert into PurchaseOrderDetail (OrderID, ProductID, Quantity, UnitPrice, Discount, Tax, TotalAmount) values (85, 10, 38, 1227.39, 27.43, 29.82, 6143.18);
insert into PurchaseOrderDetail (OrderID, ProductID, Quantity, UnitPrice, Discount, Tax, TotalAmount) values (86, 21, 61, 2765.41, 23.79, 27.45, 8033.05);
insert into PurchaseOrderDetail (OrderID, ProductID, Quantity, UnitPrice, Discount, Tax, TotalAmount) values (87, 17, 22, 514.45, 27.28, 27.12, 5891.28);
insert into PurchaseOrderDetail (OrderID, ProductID, Quantity, UnitPrice, Discount, Tax, TotalAmount) values (88, 12, 8, 1959.26, 29.43, 28.56, 2074.72);
insert into PurchaseOrderDetail (OrderID, ProductID, Quantity, UnitPrice, Discount, Tax, TotalAmount) values (89, 40, 56, 299.39, 29.43, 22.31, 4780.84);
insert into PurchaseOrderDetail (OrderID, ProductID, Quantity, UnitPrice, Discount, Tax, TotalAmount) values (90, 32, 53, 336.75, 27.76, 22.2, 2735.83);
insert into PurchaseOrderDetail (OrderID, ProductID, Quantity, UnitPrice, Discount, Tax, TotalAmount) values (91, 27, 80, 1475.59, 24.59, 23.78, 563.3);
insert into PurchaseOrderDetail (OrderID, ProductID, Quantity, UnitPrice, Discount, Tax, TotalAmount) values (92, 19, 28, 733.55, 20.72, 21.6, 8852.54);
insert into PurchaseOrderDetail (OrderID, ProductID, Quantity, UnitPrice, Discount, Tax, TotalAmount) values (93, 14, 64, 1958.71, 27.46, 22.78, 1510.84);
insert into PurchaseOrderDetail (OrderID, ProductID, Quantity, UnitPrice, Discount, Tax, TotalAmount) values (94, 24, 96, 876.55, 29.54, 24.76, 727.55);
insert into PurchaseOrderDetail (OrderID, ProductID, Quantity, UnitPrice, Discount, Tax, TotalAmount) values (95, 4, 87, 2357.87, 20.58, 21.05, 8153.71);
insert into PurchaseOrderDetail (OrderID, ProductID, Quantity, UnitPrice, Discount, Tax, TotalAmount) values (96, 3, 4, 1053.47, 25.33, 21.39, 4818.99);
insert into PurchaseOrderDetail (OrderID, ProductID, Quantity, UnitPrice, Discount, Tax, TotalAmount) values (97, 24, 97, 794.72, 22.4, 21.66, 8743.47);
insert into PurchaseOrderDetail (OrderID, ProductID, Quantity, UnitPrice, Discount, Tax, TotalAmount) values (98, 39, 79, 433.43, 24.65, 28.61, 6470.45);
insert into PurchaseOrderDetail (OrderID, ProductID, Quantity, UnitPrice, Discount, Tax, TotalAmount) values (99, 23, 22, 947.73, 22.58, 26.12, 7988.14);
insert into PurchaseOrderDetail (OrderID, ProductID, Quantity, UnitPrice, Discount, Tax, TotalAmount) values (100, 39, 51, 2945.67, 28.25, 20.77, 3138.58);
insert into PurchaseOrderDetail (OrderID, ProductID, Quantity, UnitPrice, Discount, Tax, TotalAmount) values (101, 22, 46, 1797.97, 22.96, 25.73, 6755.33);
insert into PurchaseOrderDetail (OrderID, ProductID, Quantity, UnitPrice, Discount, Tax, TotalAmount) values (102, 40, 98, 1314.57, 29.87, 21.81, 7858.61);
insert into PurchaseOrderDetail (OrderID, ProductID, Quantity, UnitPrice, Discount, Tax, TotalAmount) values (103, 23, 85, 2189.56, 28.76, 21.52, 8819.72);
insert into PurchaseOrderDetail (OrderID, ProductID, Quantity, UnitPrice, Discount, Tax, TotalAmount) values (104, 32, 93, 2071.37, 22.23, 28.5, 7078.82);
insert into PurchaseOrderDetail (OrderID, ProductID, Quantity, UnitPrice, Discount, Tax, TotalAmount) values (105, 10, 7, 1653.71, 26.58, 27.18, 2565.96);
insert into PurchaseOrderDetail (OrderID, ProductID, Quantity, UnitPrice, Discount, Tax, TotalAmount) values (106, 17, 49, 2018.35, 28.17, 21.33, 6758.61);
insert into PurchaseOrderDetail (OrderID, ProductID, Quantity, UnitPrice, Discount, Tax, TotalAmount) values (107, 31, 24, 2705.86, 23.2, 22.72, 5493.85);
insert into PurchaseOrderDetail (OrderID, ProductID, Quantity, UnitPrice, Discount, Tax, TotalAmount) values (108, 11, 80, 1184.06, 29.96, 27.04, 4765.82);
insert into PurchaseOrderDetail (OrderID, ProductID, Quantity, UnitPrice, Discount, Tax, TotalAmount) values (109, 15, 98, 2827.25, 21.89, 24.06, 9341.96);
insert into PurchaseOrderDetail (OrderID, ProductID, Quantity, UnitPrice, Discount, Tax, TotalAmount) values (110, 28, 91, 337.0, 27.38, 20.62, 2082.64);
insert into PurchaseOrderDetail (OrderID, ProductID, Quantity, UnitPrice, Discount, Tax, TotalAmount) values (111, 21, 40, 124.08, 22.16, 24.89, 4108.62);
insert into PurchaseOrderDetail (OrderID, ProductID, Quantity, UnitPrice, Discount, Tax, TotalAmount) values (112, 36, 21, 1457.48, 25.16, 26.64, 9116.17);
insert into PurchaseOrderDetail (OrderID, ProductID, Quantity, UnitPrice, Discount, Tax, TotalAmount) values (113, 18, 56, 1303.59, 25.29, 29.2, 7173.19);
insert into PurchaseOrderDetail (OrderID, ProductID, Quantity, UnitPrice, Discount, Tax, TotalAmount) values (114, 36, 90, 1978.56, 26.19, 29.18, 9067.2);
insert into PurchaseOrderDetail (OrderID, ProductID, Quantity, UnitPrice, Discount, Tax, TotalAmount) values (115, 18, 29, 568.5, 26.98, 22.17, 1172.01);
insert into PurchaseOrderDetail (OrderID, ProductID, Quantity, UnitPrice, Discount, Tax, TotalAmount) values (116, 26, 76, 988.66, 20.89, 20.79, 608.56);
insert into PurchaseOrderDetail (OrderID, ProductID, Quantity, UnitPrice, Discount, Tax, TotalAmount) values (117, 4, 39, 295.54, 26.04, 24.18, 4780.15);
insert into PurchaseOrderDetail (OrderID, ProductID, Quantity, UnitPrice, Discount, Tax, TotalAmount) values (118, 16, 49, 2057.42, 25.38, 25.81, 1386.47);
insert into PurchaseOrderDetail (OrderID, ProductID, Quantity, UnitPrice, Discount, Tax, TotalAmount) values (119, 37, 78, 202.89, 27.48, 23.23, 1276.82);
insert into PurchaseOrderDetail (OrderID, ProductID, Quantity, UnitPrice, Discount, Tax, TotalAmount) values (120, 17, 7, 2353.52, 20.95, 26.73, 8668.32);
insert into PurchaseOrderDetail (OrderID, ProductID, Quantity, UnitPrice, Discount, Tax, TotalAmount) values (121, 1, 85, 785.84, 25.81, 24.77, 4709.19);
insert into PurchaseOrderDetail (OrderID, ProductID, Quantity, UnitPrice, Discount, Tax, TotalAmount) values (122, 37, 14, 1713.92, 22.91, 21.45, 5053.95);
insert into PurchaseOrderDetail (OrderID, ProductID, Quantity, UnitPrice, Discount, Tax, TotalAmount) values (123, 25, 87, 2887.82, 24.41, 27.15, 4867.29);
insert into PurchaseOrderDetail (OrderID, ProductID, Quantity, UnitPrice, Discount, Tax, TotalAmount) values (124, 3, 43, 364.79, 25.36, 25.31, 9022.54);
insert into PurchaseOrderDetail (OrderID, ProductID, Quantity, UnitPrice, Discount, Tax, TotalAmount) values (125, 25, 100, 1351.14, 23.66, 24.2, 5033.19);
insert into PurchaseOrderDetail (OrderID, ProductID, Quantity, UnitPrice, Discount, Tax, TotalAmount) values (126, 2, 74, 2000.18, 25.79, 26.28, 5385.51);
insert into PurchaseOrderDetail (OrderID, ProductID, Quantity, UnitPrice, Discount, Tax, TotalAmount) values (127, 30, 15, 168.57, 29.94, 26.01, 3061.0);
insert into PurchaseOrderDetail (OrderID, ProductID, Quantity, UnitPrice, Discount, Tax, TotalAmount) values (128, 40, 14, 2359.88, 28.46, 27.74, 3461.03);
insert into PurchaseOrderDetail (OrderID, ProductID, Quantity, UnitPrice, Discount, Tax, TotalAmount) values (129, 38, 66, 2101.19, 20.79, 26.65, 6409.41);
insert into PurchaseOrderDetail (OrderID, ProductID, Quantity, UnitPrice, Discount, Tax, TotalAmount) values (130, 3, 8, 2591.56, 20.97, 22.56, 5740.52);
insert into PurchaseOrderDetail (OrderID, ProductID, Quantity, UnitPrice, Discount, Tax, TotalAmount) values (131, 32, 60, 784.08, 21.94, 20.94, 1106.78);
insert into PurchaseOrderDetail (OrderID, ProductID, Quantity, UnitPrice, Discount, Tax, TotalAmount) values (132, 25, 11, 118.97, 21.25, 23.99, 2143.49);
insert into PurchaseOrderDetail (OrderID, ProductID, Quantity, UnitPrice, Discount, Tax, TotalAmount) values (133, 10, 62, 1653.5, 21.74, 22.5, 9695.75);
insert into PurchaseOrderDetail (OrderID, ProductID, Quantity, UnitPrice, Discount, Tax, TotalAmount) values (134, 28, 25, 1150.82, 26.43, 20.58, 2680.96);
insert into PurchaseOrderDetail (OrderID, ProductID, Quantity, UnitPrice, Discount, Tax, TotalAmount) values (135, 29, 28, 2289.63, 26.22, 22.14, 1519.8);
insert into PurchaseOrderDetail (OrderID, ProductID, Quantity, UnitPrice, Discount, Tax, TotalAmount) values (136, 36, 50, 1056.15, 21.11, 27.94, 9198.76);
insert into PurchaseOrderDetail (OrderID, ProductID, Quantity, UnitPrice, Discount, Tax, TotalAmount) values (137, 1, 13, 993.83, 26.78, 25.14, 7926.82);
insert into PurchaseOrderDetail (OrderID, ProductID, Quantity, UnitPrice, Discount, Tax, TotalAmount) values (138, 10, 24, 2236.58, 26.01, 25.14, 7860.02);
insert into PurchaseOrderDetail (OrderID, ProductID, Quantity, UnitPrice, Discount, Tax, TotalAmount) values (139, 19, 33, 2299.73, 20.31, 20.44, 1125.64);
insert into PurchaseOrderDetail (OrderID, ProductID, Quantity, UnitPrice, Discount, Tax, TotalAmount) values (140, 28, 76, 1265.9, 20.55, 26.46, 3638.19);
insert into PurchaseOrderDetail (OrderID, ProductID, Quantity, UnitPrice, Discount, Tax, TotalAmount) values (141, 2, 41, 2565.42, 21.37, 24.58, 2330.62);
insert into PurchaseOrderDetail (OrderID, ProductID, Quantity, UnitPrice, Discount, Tax, TotalAmount) values (142, 11, 35, 1499.26, 22.33, 28.77, 1372.57);
insert into PurchaseOrderDetail (OrderID, ProductID, Quantity, UnitPrice, Discount, Tax, TotalAmount) values (143, 40, 40, 1822.64, 21.49, 22.2, 6673.23);
insert into PurchaseOrderDetail (OrderID, ProductID, Quantity, UnitPrice, Discount, Tax, TotalAmount) values (144, 17, 9, 1098.87, 28.32, 28.37, 6235.42);
insert into PurchaseOrderDetail (OrderID, ProductID, Quantity, UnitPrice, Discount, Tax, TotalAmount) values (145, 28, 83, 2033.78, 24.47, 24.05, 9823.39);
insert into PurchaseOrderDetail (OrderID, ProductID, Quantity, UnitPrice, Discount, Tax, TotalAmount) values (146, 2, 81, 409.73, 27.03, 21.89, 3443.47);
insert into PurchaseOrderDetail (OrderID, ProductID, Quantity, UnitPrice, Discount, Tax, TotalAmount) values (147, 19, 71, 2139.9, 25.08, 26.58, 9530.29);
insert into PurchaseOrderDetail (OrderID, ProductID, Quantity, UnitPrice, Discount, Tax, TotalAmount) values (148, 37, 10, 1997.31, 22.51, 28.14, 5365.94);
insert into PurchaseOrderDetail (OrderID, ProductID, Quantity, UnitPrice, Discount, Tax, TotalAmount) values (149, 21, 18, 1136.06, 26.3, 22.17, 2475.87);
insert into PurchaseOrderDetail (OrderID, ProductID, Quantity, UnitPrice, Discount, Tax, TotalAmount) values (150, 40, 38, 2032.74, 22.43, 23.49, 1065.67);
insert into PurchaseOrderDetail (OrderID, ProductID, Quantity, UnitPrice, Discount, Tax, TotalAmount) values (151, 32, 57, 2574.94, 23.34, 23.75, 3626.71);
insert into PurchaseOrderDetail (OrderID, ProductID, Quantity, UnitPrice, Discount, Tax, TotalAmount) values (152, 4, 1, 1444.28, 29.46, 29.72, 8057.3);
insert into PurchaseOrderDetail (OrderID, ProductID, Quantity, UnitPrice, Discount, Tax, TotalAmount) values (153, 17, 27, 1936.29, 23.76, 27.47, 697.07);
insert into PurchaseOrderDetail (OrderID, ProductID, Quantity, UnitPrice, Discount, Tax, TotalAmount) values (154, 17, 81, 1523.28, 27.48, 22.31, 1462.63);
insert into PurchaseOrderDetail (OrderID, ProductID, Quantity, UnitPrice, Discount, Tax, TotalAmount) values (155, 12, 80, 900.81, 27.37, 23.24, 2062.12);
insert into PurchaseOrderDetail (OrderID, ProductID, Quantity, UnitPrice, Discount, Tax, TotalAmount) values (156, 16, 69, 1484.17, 29.87, 27.12, 1831.12);
insert into PurchaseOrderDetail (OrderID, ProductID, Quantity, UnitPrice, Discount, Tax, TotalAmount) values (157, 23, 23, 413.94, 25.79, 28.01, 7351.03);
insert into PurchaseOrderDetail (OrderID, ProductID, Quantity, UnitPrice, Discount, Tax, TotalAmount) values (158, 19, 84, 1132.92, 24.35, 22.05, 3517.73);
insert into PurchaseOrderDetail (OrderID, ProductID, Quantity, UnitPrice, Discount, Tax, TotalAmount) values (159, 3, 95, 2542.2, 29.57, 21.74, 3415.66);
insert into PurchaseOrderDetail (OrderID, ProductID, Quantity, UnitPrice, Discount, Tax, TotalAmount) values (160, 20, 66, 2964.75, 25.18, 20.3, 4118.31);
insert into PurchaseOrderDetail (OrderID, ProductID, Quantity, UnitPrice, Discount, Tax, TotalAmount) values (161, 38, 80, 897.53, 23.25, 20.16, 4986.14);
insert into PurchaseOrderDetail (OrderID, ProductID, Quantity, UnitPrice, Discount, Tax, TotalAmount) values (162, 39, 31, 1920.34, 24.05, 27.81, 7273.82);
insert into PurchaseOrderDetail (OrderID, ProductID, Quantity, UnitPrice, Discount, Tax, TotalAmount) values (163, 18, 65, 1983.01, 27.49, 26.54, 3182.89);
insert into PurchaseOrderDetail (OrderID, ProductID, Quantity, UnitPrice, Discount, Tax, TotalAmount) values (164, 7, 71, 2295.95, 29.96, 28.88, 9528.98);
insert into PurchaseOrderDetail (OrderID, ProductID, Quantity, UnitPrice, Discount, Tax, TotalAmount) values (165, 5, 47, 2638.34, 20.69, 26.84, 4295.5);
insert into PurchaseOrderDetail (OrderID, ProductID, Quantity, UnitPrice, Discount, Tax, TotalAmount) values (166, 4, 90, 2210.35, 27.62, 25.34, 1091.85);
insert into PurchaseOrderDetail (OrderID, ProductID, Quantity, UnitPrice, Discount, Tax, TotalAmount) values (167, 15, 12, 1457.49, 21.58, 22.67, 2541.57);
insert into PurchaseOrderDetail (OrderID, ProductID, Quantity, UnitPrice, Discount, Tax, TotalAmount) values (168, 4, 47, 1984.69, 23.02, 22.18, 504.39);
insert into PurchaseOrderDetail (OrderID, ProductID, Quantity, UnitPrice, Discount, Tax, TotalAmount) values (169, 38, 3, 435.27, 25.76, 20.27, 4132.51);
insert into PurchaseOrderDetail (OrderID, ProductID, Quantity, UnitPrice, Discount, Tax, TotalAmount) values (170, 7, 58, 1043.82, 23.18, 20.3, 2360.14);
insert into PurchaseOrderDetail (OrderID, ProductID, Quantity, UnitPrice, Discount, Tax, TotalAmount) values (171, 29, 98, 2051.64, 23.01, 28.21, 244.28);
insert into PurchaseOrderDetail (OrderID, ProductID, Quantity, UnitPrice, Discount, Tax, TotalAmount) values (172, 12, 92, 1401.98, 22.22, 27.67, 6016.93);
insert into PurchaseOrderDetail (OrderID, ProductID, Quantity, UnitPrice, Discount, Tax, TotalAmount) values (173, 15, 56, 2726.85, 20.26, 23.08, 534.96);
insert into PurchaseOrderDetail (OrderID, ProductID, Quantity, UnitPrice, Discount, Tax, TotalAmount) values (174, 31, 70, 377.13, 23.21, 27.06, 786.69);
insert into PurchaseOrderDetail (OrderID, ProductID, Quantity, UnitPrice, Discount, Tax, TotalAmount) values (175, 39, 85, 2007.52, 20.6, 22.65, 4017.89);
insert into PurchaseOrderDetail (OrderID, ProductID, Quantity, UnitPrice, Discount, Tax, TotalAmount) values (176, 23, 11, 1136.29, 22.84, 21.63, 2613.77);
insert into PurchaseOrderDetail (OrderID, ProductID, Quantity, UnitPrice, Discount, Tax, TotalAmount) values (177, 37, 74, 1986.66, 27.17, 27.87, 6487.36);
insert into PurchaseOrderDetail (OrderID, ProductID, Quantity, UnitPrice, Discount, Tax, TotalAmount) values (178, 4, 45, 2625.84, 28.7, 25.22, 9377.53);
insert into PurchaseOrderDetail (OrderID, ProductID, Quantity, UnitPrice, Discount, Tax, TotalAmount) values (179, 13, 34, 1863.87, 24.92, 27.28, 2340.06);
insert into PurchaseOrderDetail (OrderID, ProductID, Quantity, UnitPrice, Discount, Tax, TotalAmount) values (180, 25, 91, 1546.01, 25.93, 26.45, 3555.87);
insert into PurchaseOrderDetail (OrderID, ProductID, Quantity, UnitPrice, Discount, Tax, TotalAmount) values (181, 30, 90, 2710.4, 22.59, 29.15, 4011.76);
insert into PurchaseOrderDetail (OrderID, ProductID, Quantity, UnitPrice, Discount, Tax, TotalAmount) values (182, 18, 28, 1263.34, 21.12, 22.75, 3896.18);
insert into PurchaseOrderDetail (OrderID, ProductID, Quantity, UnitPrice, Discount, Tax, TotalAmount) values (183, 9, 64, 2604.58, 20.61, 21.24, 4320.51);
insert into PurchaseOrderDetail (OrderID, ProductID, Quantity, UnitPrice, Discount, Tax, TotalAmount) values (184, 40, 3, 988.3, 25.93, 25.61, 2237.72);
insert into PurchaseOrderDetail (OrderID, ProductID, Quantity, UnitPrice, Discount, Tax, TotalAmount) values (185, 1, 78, 2204.81, 23.03, 28.47, 6088.89);
insert into PurchaseOrderDetail (OrderID, ProductID, Quantity, UnitPrice, Discount, Tax, TotalAmount) values (186, 27, 50, 1074.27, 25.69, 21.93, 660.86);
insert into PurchaseOrderDetail (OrderID, ProductID, Quantity, UnitPrice, Discount, Tax, TotalAmount) values (187, 26, 13, 826.76, 24.64, 29.37, 5063.48);
insert into PurchaseOrderDetail (OrderID, ProductID, Quantity, UnitPrice, Discount, Tax, TotalAmount) values (188, 24, 39, 2410.06, 29.49, 25.6, 9746.94);
insert into PurchaseOrderDetail (OrderID, ProductID, Quantity, UnitPrice, Discount, Tax, TotalAmount) values (189, 35, 39, 162.87, 23.11, 25.2, 8835.24);
insert into PurchaseOrderDetail (OrderID, ProductID, Quantity, UnitPrice, Discount, Tax, TotalAmount) values (190, 29, 82, 1971.34, 24.4, 25.81, 3465.76);
insert into PurchaseOrderDetail (OrderID, ProductID, Quantity, UnitPrice, Discount, Tax, TotalAmount) values (191, 26, 18, 835.89, 26.54, 28.5, 1018.09);
insert into PurchaseOrderDetail (OrderID, ProductID, Quantity, UnitPrice, Discount, Tax, TotalAmount) values (192, 33, 44, 1832.09, 27.92, 26.53, 9289.12);
insert into PurchaseOrderDetail (OrderID, ProductID, Quantity, UnitPrice, Discount, Tax, TotalAmount) values (193, 8, 75, 2706.22, 26.81, 27.95, 2256.56);
insert into PurchaseOrderDetail (OrderID, ProductID, Quantity, UnitPrice, Discount, Tax, TotalAmount) values (194, 6, 12, 251.89, 23.94, 22.21, 2082.44);
insert into PurchaseOrderDetail (OrderID, ProductID, Quantity, UnitPrice, Discount, Tax, TotalAmount) values (195, 3, 79, 1612.06, 27.39, 29.31, 1998.4);
insert into PurchaseOrderDetail (OrderID, ProductID, Quantity, UnitPrice, Discount, Tax, TotalAmount) values (196, 18, 52, 2954.78, 27.98, 28.23, 6451.42);
insert into PurchaseOrderDetail (OrderID, ProductID, Quantity, UnitPrice, Discount, Tax, TotalAmount) values (197, 4, 70, 2234.27, 21.19, 24.37, 4739.17);
insert into PurchaseOrderDetail (OrderID, ProductID, Quantity, UnitPrice, Discount, Tax, TotalAmount) values (198, 21, 19, 80.61, 22.4, 20.96, 6888.45);
insert into PurchaseOrderDetail (OrderID, ProductID, Quantity, UnitPrice, Discount, Tax, TotalAmount) values (199, 24, 84, 2791.28, 26.94, 28.56, 1540.25);
insert into PurchaseOrderDetail (OrderID, ProductID, Quantity, UnitPrice, Discount, Tax, TotalAmount) values (200, 34, 9, 535.14, 25.41, 20.71, 9603.69);
insert into PurchaseOrderDetail (OrderID, ProductID, Quantity, UnitPrice, Discount, Tax, TotalAmount) values (201, 39, 82, 140.35, 22.86, 25.15, 2605.99);
insert into PurchaseOrderDetail (OrderID, ProductID, Quantity, UnitPrice, Discount, Tax, TotalAmount) values (202, 24, 1, 676.27, 27.41, 20.98, 3714.81);
insert into PurchaseOrderDetail (OrderID, ProductID, Quantity, UnitPrice, Discount, Tax, TotalAmount) values (203, 18, 35, 1549.6, 21.47, 26.27, 7690.53);
insert into PurchaseOrderDetail (OrderID, ProductID, Quantity, UnitPrice, Discount, Tax, TotalAmount) values (204, 13, 14, 2307.57, 29.92, 28.32, 5094.07);
insert into PurchaseOrderDetail (OrderID, ProductID, Quantity, UnitPrice, Discount, Tax, TotalAmount) values (205, 15, 26, 1552.67, 28.58, 24.0, 2202.49);
insert into PurchaseOrderDetail (OrderID, ProductID, Quantity, UnitPrice, Discount, Tax, TotalAmount) values (206, 39, 44, 361.87, 24.98, 27.41, 8085.74);
insert into PurchaseOrderDetail (OrderID, ProductID, Quantity, UnitPrice, Discount, Tax, TotalAmount) values (207, 31, 54, 2961.47, 22.81, 28.01, 9429.18);
insert into PurchaseOrderDetail (OrderID, ProductID, Quantity, UnitPrice, Discount, Tax, TotalAmount) values (208, 28, 79, 2824.57, 20.36, 27.18, 1521.34);
insert into PurchaseOrderDetail (OrderID, ProductID, Quantity, UnitPrice, Discount, Tax, TotalAmount) values (209, 26, 51, 1530.87, 22.98, 27.41, 587.83);
insert into PurchaseOrderDetail (OrderID, ProductID, Quantity, UnitPrice, Discount, Tax, TotalAmount) values (210, 14, 43, 1225.59, 25.49, 29.77, 6059.73);
insert into PurchaseOrderDetail (OrderID, ProductID, Quantity, UnitPrice, Discount, Tax, TotalAmount) values (211, 10, 92, 1628.08, 25.35, 25.36, 8566.61);
insert into PurchaseOrderDetail (OrderID, ProductID, Quantity, UnitPrice, Discount, Tax, TotalAmount) values (212, 11, 22, 2938.47, 22.12, 29.52, 221.89);
insert into PurchaseOrderDetail (OrderID, ProductID, Quantity, UnitPrice, Discount, Tax, TotalAmount) values (213, 29, 100, 1697.64, 27.0, 27.1, 6425.52);
insert into PurchaseOrderDetail (OrderID, ProductID, Quantity, UnitPrice, Discount, Tax, TotalAmount) values (214, 31, 6, 2692.7, 24.99, 28.81, 464.37);
insert into PurchaseOrderDetail (OrderID, ProductID, Quantity, UnitPrice, Discount, Tax, TotalAmount) values (215, 12, 51, 2369.1, 20.07, 23.35, 6314.27);
insert into PurchaseOrderDetail (OrderID, ProductID, Quantity, UnitPrice, Discount, Tax, TotalAmount) values (216, 20, 26, 44.41, 25.88, 22.04, 8223.25);
insert into PurchaseOrderDetail (OrderID, ProductID, Quantity, UnitPrice, Discount, Tax, TotalAmount) values (217, 30, 47, 614.13, 24.16, 29.36, 4538.95);
insert into PurchaseOrderDetail (OrderID, ProductID, Quantity, UnitPrice, Discount, Tax, TotalAmount) values (218, 13, 56, 2993.39, 26.34, 21.58, 8633.26);
insert into PurchaseOrderDetail (OrderID, ProductID, Quantity, UnitPrice, Discount, Tax, TotalAmount) values (219, 32, 76, 702.94, 23.38, 22.23, 572.19);
insert into PurchaseOrderDetail (OrderID, ProductID, Quantity, UnitPrice, Discount, Tax, TotalAmount) values (220, 12, 16, 2893.5, 28.31, 24.25, 3647.94);
insert into PurchaseOrderDetail (OrderID, ProductID, Quantity, UnitPrice, Discount, Tax, TotalAmount) values (221, 13, 76, 2577.81, 22.63, 23.5, 7581.07);
insert into PurchaseOrderDetail (OrderID, ProductID, Quantity, UnitPrice, Discount, Tax, TotalAmount) values (222, 10, 25, 2890.99, 26.89, 29.75, 1724.34);
insert into PurchaseOrderDetail (OrderID, ProductID, Quantity, UnitPrice, Discount, Tax, TotalAmount) values (223, 29, 76, 938.88, 29.52, 27.44, 1469.64);
insert into PurchaseOrderDetail (OrderID, ProductID, Quantity, UnitPrice, Discount, Tax, TotalAmount) values (224, 4, 15, 2758.57, 21.7, 24.87, 5231.81);
insert into PurchaseOrderDetail (OrderID, ProductID, Quantity, UnitPrice, Discount, Tax, TotalAmount) values (225, 23, 78, 190.28, 26.4, 25.74, 8956.15);
insert into PurchaseOrderDetail (OrderID, ProductID, Quantity, UnitPrice, Discount, Tax, TotalAmount) values (226, 5, 20, 163.21, 24.94, 29.66, 3297.74);
insert into PurchaseOrderDetail (OrderID, ProductID, Quantity, UnitPrice, Discount, Tax, TotalAmount) values (227, 3, 57, 2226.93, 25.43, 29.49, 6730.04);
insert into PurchaseOrderDetail (OrderID, ProductID, Quantity, UnitPrice, Discount, Tax, TotalAmount) values (228, 3, 59, 1581.76, 22.09, 25.59, 4572.4);
insert into PurchaseOrderDetail (OrderID, ProductID, Quantity, UnitPrice, Discount, Tax, TotalAmount) values (229, 14, 33, 2435.65, 25.5, 29.29, 7234.21);
insert into PurchaseOrderDetail (OrderID, ProductID, Quantity, UnitPrice, Discount, Tax, TotalAmount) values (230, 36, 13, 699.94, 26.01, 24.27, 3369.73);
insert into PurchaseOrderDetail (OrderID, ProductID, Quantity, UnitPrice, Discount, Tax, TotalAmount) values (231, 28, 36, 2140.7, 29.98, 29.68, 5502.94);
insert into PurchaseOrderDetail (OrderID, ProductID, Quantity, UnitPrice, Discount, Tax, TotalAmount) values (232, 33, 90, 2880.53, 20.72, 20.47, 5793.54);
insert into PurchaseOrderDetail (OrderID, ProductID, Quantity, UnitPrice, Discount, Tax, TotalAmount) values (233, 28, 55, 515.03, 25.96, 23.23, 1521.64);
insert into PurchaseOrderDetail (OrderID, ProductID, Quantity, UnitPrice, Discount, Tax, TotalAmount) values (234, 30, 49, 2818.48, 29.61, 27.49, 4917.72);
insert into PurchaseOrderDetail (OrderID, ProductID, Quantity, UnitPrice, Discount, Tax, TotalAmount) values (235, 40, 40, 1135.42, 26.88, 20.38, 8189.46);
insert into PurchaseOrderDetail (OrderID, ProductID, Quantity, UnitPrice, Discount, Tax, TotalAmount) values (236, 25, 58, 1129.59, 25.18, 29.71, 3425.68);
insert into PurchaseOrderDetail (OrderID, ProductID, Quantity, UnitPrice, Discount, Tax, TotalAmount) values (237, 8, 10, 2787.84, 28.32, 25.29, 287.37);
insert into PurchaseOrderDetail (OrderID, ProductID, Quantity, UnitPrice, Discount, Tax, TotalAmount) values (238, 15, 50, 1101.4, 28.6, 27.0, 941.34);
insert into PurchaseOrderDetail (OrderID, ProductID, Quantity, UnitPrice, Discount, Tax, TotalAmount) values (239, 31, 91, 540.4, 22.05, 20.05, 5464.88);
insert into PurchaseOrderDetail (OrderID, ProductID, Quantity, UnitPrice, Discount, Tax, TotalAmount) values (240, 38, 32, 2130.94, 21.91, 20.74, 4401.69);
insert into PurchaseOrderDetail (OrderID, ProductID, Quantity, UnitPrice, Discount, Tax, TotalAmount) values (241, 4, 48, 1270.54, 22.85, 24.69, 7802.07);
insert into PurchaseOrderDetail (OrderID, ProductID, Quantity, UnitPrice, Discount, Tax, TotalAmount) values (242, 8, 28, 1884.42, 23.59, 27.7, 4987.33);
insert into PurchaseOrderDetail (OrderID, ProductID, Quantity, UnitPrice, Discount, Tax, TotalAmount) values (243, 39, 43, 2038.73, 21.93, 20.86, 1579.82);
insert into PurchaseOrderDetail (OrderID, ProductID, Quantity, UnitPrice, Discount, Tax, TotalAmount) values (244, 40, 69, 2229.17, 23.74, 20.21, 9039.78);
insert into PurchaseOrderDetail (OrderID, ProductID, Quantity, UnitPrice, Discount, Tax, TotalAmount) values (245, 17, 41, 2690.45, 27.83, 22.68, 1309.84);
insert into PurchaseOrderDetail (OrderID, ProductID, Quantity, UnitPrice, Discount, Tax, TotalAmount) values (246, 39, 76, 786.58, 28.16, 20.5, 8680.49);
insert into PurchaseOrderDetail (OrderID, ProductID, Quantity, UnitPrice, Discount, Tax, TotalAmount) values (247, 23, 16, 1813.85, 24.92, 22.38, 7013.81);
insert into PurchaseOrderDetail (OrderID, ProductID, Quantity, UnitPrice, Discount, Tax, TotalAmount) values (248, 13, 88, 1533.39, 27.52, 24.16, 2309.92);
insert into PurchaseOrderDetail (OrderID, ProductID, Quantity, UnitPrice, Discount, Tax, TotalAmount) values (249, 2, 22, 2278.42, 24.45, 29.6, 997.52);
insert into PurchaseOrderDetail (OrderID, ProductID, Quantity, UnitPrice, Discount, Tax, TotalAmount) values (250, 36, 70, 465.35, 28.33, 20.09, 5905.64);
insert into PurchaseOrderDetail (OrderID, ProductID, Quantity, UnitPrice, Discount, Tax, TotalAmount) values (251, 10, 87, 2966.86, 20.66, 28.97, 5631.36);
insert into PurchaseOrderDetail (OrderID, ProductID, Quantity, UnitPrice, Discount, Tax, TotalAmount) values (252, 11, 74, 2387.06, 20.05, 24.87, 9022.81);
insert into PurchaseOrderDetail (OrderID, ProductID, Quantity, UnitPrice, Discount, Tax, TotalAmount) values (253, 33, 32, 2504.39, 27.23, 28.29, 8309.23);
insert into PurchaseOrderDetail (OrderID, ProductID, Quantity, UnitPrice, Discount, Tax, TotalAmount) values (254, 36, 97, 2070.11, 23.26, 26.73, 4681.98);
insert into PurchaseOrderDetail (OrderID, ProductID, Quantity, UnitPrice, Discount, Tax, TotalAmount) values (255, 30, 46, 1157.86, 24.65, 21.34, 551.63);
insert into PurchaseOrderDetail (OrderID, ProductID, Quantity, UnitPrice, Discount, Tax, TotalAmount) values (256, 33, 29, 1139.3, 29.53, 20.94, 4781.01);
insert into PurchaseOrderDetail (OrderID, ProductID, Quantity, UnitPrice, Discount, Tax, TotalAmount) values (257, 4, 44, 2101.97, 21.79, 20.48, 3117.99);
insert into PurchaseOrderDetail (OrderID, ProductID, Quantity, UnitPrice, Discount, Tax, TotalAmount) values (258, 7, 13, 1045.45, 21.36, 21.43, 1135.6);
insert into PurchaseOrderDetail (OrderID, ProductID, Quantity, UnitPrice, Discount, Tax, TotalAmount) values (259, 2, 57, 2836.36, 26.31, 21.63, 8408.84);
insert into PurchaseOrderDetail (OrderID, ProductID, Quantity, UnitPrice, Discount, Tax, TotalAmount) values (260, 25, 33, 1246.92, 27.51, 24.47, 8854.78);
insert into PurchaseOrderDetail (OrderID, ProductID, Quantity, UnitPrice, Discount, Tax, TotalAmount) values (261, 4, 58, 604.88, 20.17, 24.69, 9522.2);
insert into PurchaseOrderDetail (OrderID, ProductID, Quantity, UnitPrice, Discount, Tax, TotalAmount) values (262, 33, 65, 2651.97, 22.75, 24.54, 2182.94);
insert into PurchaseOrderDetail (OrderID, ProductID, Quantity, UnitPrice, Discount, Tax, TotalAmount) values (263, 26, 36, 530.47, 23.96, 26.41, 662.36);
insert into PurchaseOrderDetail (OrderID, ProductID, Quantity, UnitPrice, Discount, Tax, TotalAmount) values (264, 25, 90, 2510.14, 22.97, 21.65, 4169.43);
insert into PurchaseOrderDetail (OrderID, ProductID, Quantity, UnitPrice, Discount, Tax, TotalAmount) values (265, 15, 79, 1175.87, 24.93, 24.24, 4235.22);
insert into PurchaseOrderDetail (OrderID, ProductID, Quantity, UnitPrice, Discount, Tax, TotalAmount) values (266, 21, 24, 963.34, 23.85, 21.89, 6563.84);
insert into PurchaseOrderDetail (OrderID, ProductID, Quantity, UnitPrice, Discount, Tax, TotalAmount) values (267, 25, 53, 2471.9, 20.15, 20.79, 1067.11);
insert into PurchaseOrderDetail (OrderID, ProductID, Quantity, UnitPrice, Discount, Tax, TotalAmount) values (268, 37, 58, 2656.4, 29.1, 23.66, 4430.23);
insert into PurchaseOrderDetail (OrderID, ProductID, Quantity, UnitPrice, Discount, Tax, TotalAmount) values (269, 3, 28, 197.33, 26.22, 29.37, 5098.22);
insert into PurchaseOrderDetail (OrderID, ProductID, Quantity, UnitPrice, Discount, Tax, TotalAmount) values (270, 28, 88, 1895.96, 22.21, 25.99, 6361.89);
insert into PurchaseOrderDetail (OrderID, ProductID, Quantity, UnitPrice, Discount, Tax, TotalAmount) values (271, 11, 99, 316.83, 23.93, 26.02, 7294.2);
insert into PurchaseOrderDetail (OrderID, ProductID, Quantity, UnitPrice, Discount, Tax, TotalAmount) values (272, 39, 16, 835.55, 20.19, 21.46, 9892.27);
insert into PurchaseOrderDetail (OrderID, ProductID, Quantity, UnitPrice, Discount, Tax, TotalAmount) values (273, 39, 44, 215.78, 27.57, 24.75, 8496.37);
insert into PurchaseOrderDetail (OrderID, ProductID, Quantity, UnitPrice, Discount, Tax, TotalAmount) values (274, 37, 50, 2827.2, 24.79, 22.66, 1336.93);
insert into PurchaseOrderDetail (OrderID, ProductID, Quantity, UnitPrice, Discount, Tax, TotalAmount) values (275, 27, 62, 1156.37, 21.45, 28.27, 5055.89);
insert into PurchaseOrderDetail (OrderID, ProductID, Quantity, UnitPrice, Discount, Tax, TotalAmount) values (276, 28, 95, 2360.76, 27.02, 23.81, 362.44);
insert into PurchaseOrderDetail (OrderID, ProductID, Quantity, UnitPrice, Discount, Tax, TotalAmount) values (277, 11, 55, 711.49, 20.34, 21.78, 9065.5);
insert into PurchaseOrderDetail (OrderID, ProductID, Quantity, UnitPrice, Discount, Tax, TotalAmount) values (278, 33, 51, 1073.08, 21.72, 25.79, 4755.38);
insert into PurchaseOrderDetail (OrderID, ProductID, Quantity, UnitPrice, Discount, Tax, TotalAmount) values (279, 5, 44, 1411.7, 29.99, 20.59, 3734.01);
insert into PurchaseOrderDetail (OrderID, ProductID, Quantity, UnitPrice, Discount, Tax, TotalAmount) values (280, 28, 58, 1513.09, 20.66, 24.34, 6174.65);
insert into PurchaseOrderDetail (OrderID, ProductID, Quantity, UnitPrice, Discount, Tax, TotalAmount) values (281, 5, 34, 1351.78, 28.26, 22.45, 3992.9);
insert into PurchaseOrderDetail (OrderID, ProductID, Quantity, UnitPrice, Discount, Tax, TotalAmount) values (282, 6, 11, 2563.75, 27.04, 27.29, 7557.27);
insert into PurchaseOrderDetail (OrderID, ProductID, Quantity, UnitPrice, Discount, Tax, TotalAmount) values (283, 1, 97, 1845.39, 22.85, 24.77, 227.58);
insert into PurchaseOrderDetail (OrderID, ProductID, Quantity, UnitPrice, Discount, Tax, TotalAmount) values (284, 21, 11, 1940.85, 23.85, 28.81, 5730.73);
insert into PurchaseOrderDetail (OrderID, ProductID, Quantity, UnitPrice, Discount, Tax, TotalAmount) values (285, 3, 94, 1485.04, 24.8, 29.51, 1299.31);
insert into PurchaseOrderDetail (OrderID, ProductID, Quantity, UnitPrice, Discount, Tax, TotalAmount) values (286, 14, 97, 1190.86, 27.01, 23.88, 6283.35);
insert into PurchaseOrderDetail (OrderID, ProductID, Quantity, UnitPrice, Discount, Tax, TotalAmount) values (287, 19, 40, 2544.74, 22.11, 29.65, 3223.19);
insert into PurchaseOrderDetail (OrderID, ProductID, Quantity, UnitPrice, Discount, Tax, TotalAmount) values (288, 29, 8, 2609.46, 20.82, 23.24, 8994.14);
insert into PurchaseOrderDetail (OrderID, ProductID, Quantity, UnitPrice, Discount, Tax, TotalAmount) values (289, 33, 92, 1057.78, 29.11, 28.95, 8469.42);
insert into PurchaseOrderDetail (OrderID, ProductID, Quantity, UnitPrice, Discount, Tax, TotalAmount) values (290, 4, 37, 199.4, 26.76, 26.74, 9063.97);
insert into PurchaseOrderDetail (OrderID, ProductID, Quantity, UnitPrice, Discount, Tax, TotalAmount) values (291, 5, 59, 949.92, 27.89, 22.26, 1040.86);
insert into PurchaseOrderDetail (OrderID, ProductID, Quantity, UnitPrice, Discount, Tax, TotalAmount) values (292, 10, 5, 1210.62, 26.18, 20.93, 6330.45);
insert into PurchaseOrderDetail (OrderID, ProductID, Quantity, UnitPrice, Discount, Tax, TotalAmount) values (293, 27, 40, 1411.44, 25.67, 25.87, 9775.0);
insert into PurchaseOrderDetail (OrderID, ProductID, Quantity, UnitPrice, Discount, Tax, TotalAmount) values (294, 30, 66, 487.55, 23.0, 24.76, 9863.94);
insert into PurchaseOrderDetail (OrderID, ProductID, Quantity, UnitPrice, Discount, Tax, TotalAmount) values (295, 13, 98, 2763.06, 28.56, 24.67, 5681.31);
insert into PurchaseOrderDetail (OrderID, ProductID, Quantity, UnitPrice, Discount, Tax, TotalAmount) values (296, 27, 34, 863.39, 27.56, 28.8, 5562.61);
insert into PurchaseOrderDetail (OrderID, ProductID, Quantity, UnitPrice, Discount, Tax, TotalAmount) values (297, 14, 5, 1767.86, 21.0, 24.8, 2426.17);
insert into PurchaseOrderDetail (OrderID, ProductID, Quantity, UnitPrice, Discount, Tax, TotalAmount) values (298, 26, 40, 828.05, 26.77, 26.89, 7479.19);
insert into PurchaseOrderDetail (OrderID, ProductID, Quantity, UnitPrice, Discount, Tax, TotalAmount) values (299, 8, 56, 1686.41, 28.66, 21.76, 1660.01);
insert into PurchaseOrderDetail (OrderID, ProductID, Quantity, UnitPrice, Discount, Tax, TotalAmount) values (300, 32, 79, 1544.02, 23.27, 26.38, 5969.64);
insert into PurchaseOrderDetail (OrderID, ProductID, Quantity, UnitPrice, Discount, Tax, TotalAmount) values (301, 39, 33, 958.16, 20.34, 21.68, 7081.08);
insert into PurchaseOrderDetail (OrderID, ProductID, Quantity, UnitPrice, Discount, Tax, TotalAmount) values (302, 15, 10, 2538.31, 25.28, 26.19, 7389.92);
insert into PurchaseOrderDetail (OrderID, ProductID, Quantity, UnitPrice, Discount, Tax, TotalAmount) values (303, 32, 80, 1081.81, 23.49, 20.9, 650.41);
insert into PurchaseOrderDetail (OrderID, ProductID, Quantity, UnitPrice, Discount, Tax, TotalAmount) values (304, 36, 69, 2903.36, 23.63, 25.8, 2372.2);
insert into PurchaseOrderDetail (OrderID, ProductID, Quantity, UnitPrice, Discount, Tax, TotalAmount) values (305, 40, 100, 1671.88, 28.7, 22.59, 8935.44);
insert into PurchaseOrderDetail (OrderID, ProductID, Quantity, UnitPrice, Discount, Tax, TotalAmount) values (306, 7, 44, 2651.39, 28.5, 25.24, 7224.41);
insert into PurchaseOrderDetail (OrderID, ProductID, Quantity, UnitPrice, Discount, Tax, TotalAmount) values (307, 21, 55, 447.19, 23.07, 24.8, 3137.44);
insert into PurchaseOrderDetail (OrderID, ProductID, Quantity, UnitPrice, Discount, Tax, TotalAmount) values (308, 10, 66, 2033.86, 27.25, 23.48, 5763.77);
insert into PurchaseOrderDetail (OrderID, ProductID, Quantity, UnitPrice, Discount, Tax, TotalAmount) values (309, 35, 65, 1515.57, 22.92, 27.57, 8639.56);
insert into PurchaseOrderDetail (OrderID, ProductID, Quantity, UnitPrice, Discount, Tax, TotalAmount) values (310, 37, 95, 975.4, 25.09, 28.92, 7416.29);
insert into PurchaseOrderDetail (OrderID, ProductID, Quantity, UnitPrice, Discount, Tax, TotalAmount) values (311, 4, 53, 1545.12, 20.64, 22.55, 6162.52);
insert into PurchaseOrderDetail (OrderID, ProductID, Quantity, UnitPrice, Discount, Tax, TotalAmount) values (312, 32, 1, 439.39, 26.26, 21.9, 9034.16);
insert into PurchaseOrderDetail (OrderID, ProductID, Quantity, UnitPrice, Discount, Tax, TotalAmount) values (313, 35, 64, 1339.99, 23.37, 28.3, 6582.36);
insert into PurchaseOrderDetail (OrderID, ProductID, Quantity, UnitPrice, Discount, Tax, TotalAmount) values (314, 16, 63, 1466.33, 23.42, 23.77, 3914.39);
insert into PurchaseOrderDetail (OrderID, ProductID, Quantity, UnitPrice, Discount, Tax, TotalAmount) values (315, 22, 72, 282.15, 29.26, 24.21, 9672.87);
insert into PurchaseOrderDetail (OrderID, ProductID, Quantity, UnitPrice, Discount, Tax, TotalAmount) values (316, 28, 7, 2487.04, 22.2, 24.18, 8447.2);
insert into PurchaseOrderDetail (OrderID, ProductID, Quantity, UnitPrice, Discount, Tax, TotalAmount) values (317, 24, 99, 1501.14, 25.03, 22.79, 3671.86);
insert into PurchaseOrderDetail (OrderID, ProductID, Quantity, UnitPrice, Discount, Tax, TotalAmount) values (318, 21, 63, 2957.62, 26.31, 25.23, 7337.23);
insert into PurchaseOrderDetail (OrderID, ProductID, Quantity, UnitPrice, Discount, Tax, TotalAmount) values (319, 18, 50, 1754.26, 24.2, 24.52, 6068.93);
insert into PurchaseOrderDetail (OrderID, ProductID, Quantity, UnitPrice, Discount, Tax, TotalAmount) values (320, 35, 32, 509.47, 26.97, 29.31, 2559.35);
insert into PurchaseOrderDetail (OrderID, ProductID, Quantity, UnitPrice, Discount, Tax, TotalAmount) values (321, 34, 16, 2812.15, 25.86, 21.78, 267.48);
insert into PurchaseOrderDetail (OrderID, ProductID, Quantity, UnitPrice, Discount, Tax, TotalAmount) values (322, 27, 33, 1040.61, 22.04, 27.97, 5494.55);
insert into PurchaseOrderDetail (OrderID, ProductID, Quantity, UnitPrice, Discount, Tax, TotalAmount) values (323, 27, 69, 171.52, 21.34, 25.41, 5141.24);
insert into PurchaseOrderDetail (OrderID, ProductID, Quantity, UnitPrice, Discount, Tax, TotalAmount) values (324, 21, 8, 1463.01, 23.66, 27.15, 3463.22);
insert into PurchaseOrderDetail (OrderID, ProductID, Quantity, UnitPrice, Discount, Tax, TotalAmount) values (325, 23, 92, 539.02, 23.36, 24.85, 1595.56);
insert into PurchaseOrderDetail (OrderID, ProductID, Quantity, UnitPrice, Discount, Tax, TotalAmount) values (326, 14, 29, 902.68, 26.35, 25.45, 5922.79);
insert into PurchaseOrderDetail (OrderID, ProductID, Quantity, UnitPrice, Discount, Tax, TotalAmount) values (327, 19, 13, 1090.93, 25.58, 22.15, 7249.47);
insert into PurchaseOrderDetail (OrderID, ProductID, Quantity, UnitPrice, Discount, Tax, TotalAmount) values (328, 2, 90, 2264.43, 27.06, 27.37, 4397.95);
insert into PurchaseOrderDetail (OrderID, ProductID, Quantity, UnitPrice, Discount, Tax, TotalAmount) values (329, 24, 53, 1359.46, 25.54, 26.02, 6222.53);
insert into PurchaseOrderDetail (OrderID, ProductID, Quantity, UnitPrice, Discount, Tax, TotalAmount) values (330, 25, 83, 2751.31, 24.85, 24.67, 3665.7);
insert into PurchaseOrderDetail (OrderID, ProductID, Quantity, UnitPrice, Discount, Tax, TotalAmount) values (331, 22, 100, 1972.02, 20.27, 29.0, 9363.57);
insert into PurchaseOrderDetail (OrderID, ProductID, Quantity, UnitPrice, Discount, Tax, TotalAmount) values (332, 13, 53, 2813.8, 26.61, 21.52, 5665.03);
insert into PurchaseOrderDetail (OrderID, ProductID, Quantity, UnitPrice, Discount, Tax, TotalAmount) values (333, 8, 44, 2483.42, 26.76, 26.32, 4930.4);
insert into PurchaseOrderDetail (OrderID, ProductID, Quantity, UnitPrice, Discount, Tax, TotalAmount) values (334, 31, 22, 2507.59, 24.78, 28.72, 2191.19);
insert into PurchaseOrderDetail (OrderID, ProductID, Quantity, UnitPrice, Discount, Tax, TotalAmount) values (335, 39, 21, 745.04, 28.15, 22.68, 423.09);
insert into PurchaseOrderDetail (OrderID, ProductID, Quantity, UnitPrice, Discount, Tax, TotalAmount) values (336, 4, 73, 1929.38, 27.97, 27.79, 5981.02);
insert into PurchaseOrderDetail (OrderID, ProductID, Quantity, UnitPrice, Discount, Tax, TotalAmount) values (337, 24, 59, 937.28, 21.85, 27.41, 5206.61);
insert into PurchaseOrderDetail (OrderID, ProductID, Quantity, UnitPrice, Discount, Tax, TotalAmount) values (338, 21, 68, 1999.83, 22.71, 27.52, 3227.99);
insert into PurchaseOrderDetail (OrderID, ProductID, Quantity, UnitPrice, Discount, Tax, TotalAmount) values (339, 35, 30, 2189.07, 24.44, 24.69, 8958.33);
insert into PurchaseOrderDetail (OrderID, ProductID, Quantity, UnitPrice, Discount, Tax, TotalAmount) values (340, 21, 67, 1651.88, 23.85, 25.3, 2152.12);
insert into PurchaseOrderDetail (OrderID, ProductID, Quantity, UnitPrice, Discount, Tax, TotalAmount) values (341, 3, 88, 900.86, 26.94, 28.79, 3266.84);
insert into PurchaseOrderDetail (OrderID, ProductID, Quantity, UnitPrice, Discount, Tax, TotalAmount) values (342, 13, 10, 2281.44, 25.4, 22.7, 8759.8);
insert into PurchaseOrderDetail (OrderID, ProductID, Quantity, UnitPrice, Discount, Tax, TotalAmount) values (343, 30, 95, 1363.53, 23.19, 26.35, 3164.81);
insert into PurchaseOrderDetail (OrderID, ProductID, Quantity, UnitPrice, Discount, Tax, TotalAmount) values (344, 29, 43, 2913.1, 21.47, 23.78, 8178.89);
insert into PurchaseOrderDetail (OrderID, ProductID, Quantity, UnitPrice, Discount, Tax, TotalAmount) values (345, 7, 46, 402.55, 26.47, 22.17, 1297.71);
insert into PurchaseOrderDetail (OrderID, ProductID, Quantity, UnitPrice, Discount, Tax, TotalAmount) values (346, 14, 25, 509.91, 28.41, 29.61, 9314.11);
insert into PurchaseOrderDetail (OrderID, ProductID, Quantity, UnitPrice, Discount, Tax, TotalAmount) values (347, 35, 69, 360.92, 29.74, 29.96, 3533.23);
insert into PurchaseOrderDetail (OrderID, ProductID, Quantity, UnitPrice, Discount, Tax, TotalAmount) values (348, 11, 99, 1319.15, 27.35, 26.23, 7208.52);
insert into PurchaseOrderDetail (OrderID, ProductID, Quantity, UnitPrice, Discount, Tax, TotalAmount) values (349, 25, 33, 2343.12, 28.83, 22.66, 8534.58);
insert into PurchaseOrderDetail (OrderID, ProductID, Quantity, UnitPrice, Discount, Tax, TotalAmount) values (350, 23, 76, 180.63, 20.02, 23.08, 7699.99);
insert into PurchaseOrderDetail (OrderID, ProductID, Quantity, UnitPrice, Discount, Tax, TotalAmount) values (351, 3, 1, 371.49, 28.97, 21.44, 8487.83);
insert into PurchaseOrderDetail (OrderID, ProductID, Quantity, UnitPrice, Discount, Tax, TotalAmount) values (352, 32, 78, 2519.68, 26.61, 29.84, 9796.64);
insert into PurchaseOrderDetail (OrderID, ProductID, Quantity, UnitPrice, Discount, Tax, TotalAmount) values (353, 15, 59, 1585.15, 25.86, 22.85, 1649.97);
insert into PurchaseOrderDetail (OrderID, ProductID, Quantity, UnitPrice, Discount, Tax, TotalAmount) values (354, 40, 27, 160.81, 20.12, 22.06, 5974.77);
insert into PurchaseOrderDetail (OrderID, ProductID, Quantity, UnitPrice, Discount, Tax, TotalAmount) values (355, 22, 43, 2161.03, 23.85, 26.33, 7452.13);
insert into PurchaseOrderDetail (OrderID, ProductID, Quantity, UnitPrice, Discount, Tax, TotalAmount) values (356, 1, 88, 2922.52, 21.45, 26.14, 4387.89);
insert into PurchaseOrderDetail (OrderID, ProductID, Quantity, UnitPrice, Discount, Tax, TotalAmount) values (357, 17, 55, 627.3, 20.89, 21.04, 9522.02);
insert into PurchaseOrderDetail (OrderID, ProductID, Quantity, UnitPrice, Discount, Tax, TotalAmount) values (358, 38, 31, 525.69, 21.79, 27.75, 3356.16);
insert into PurchaseOrderDetail (OrderID, ProductID, Quantity, UnitPrice, Discount, Tax, TotalAmount) values (359, 18, 6, 2650.56, 29.22, 24.73, 9022.95);
insert into PurchaseOrderDetail (OrderID, ProductID, Quantity, UnitPrice, Discount, Tax, TotalAmount) values (360, 11, 35, 1531.42, 25.88, 23.77, 8052.33);
insert into PurchaseOrderDetail (OrderID, ProductID, Quantity, UnitPrice, Discount, Tax, TotalAmount) values (361, 26, 56, 2810.84, 28.46, 24.84, 9471.97);
insert into PurchaseOrderDetail (OrderID, ProductID, Quantity, UnitPrice, Discount, Tax, TotalAmount) values (362, 3, 67, 553.22, 26.53, 26.96, 3660.97);
insert into PurchaseOrderDetail (OrderID, ProductID, Quantity, UnitPrice, Discount, Tax, TotalAmount) values (363, 16, 18, 1616.89, 29.44, 22.35, 1432.85);
insert into PurchaseOrderDetail (OrderID, ProductID, Quantity, UnitPrice, Discount, Tax, TotalAmount) values (364, 27, 14, 1171.85, 25.91, 26.01, 9316.95);
insert into PurchaseOrderDetail (OrderID, ProductID, Quantity, UnitPrice, Discount, Tax, TotalAmount) values (365, 26, 3, 1356.8, 27.18, 28.95, 1613.61);
insert into PurchaseOrderDetail (OrderID, ProductID, Quantity, UnitPrice, Discount, Tax, TotalAmount) values (366, 10, 55, 1738.06, 28.76, 23.52, 7631.54);
insert into PurchaseOrderDetail (OrderID, ProductID, Quantity, UnitPrice, Discount, Tax, TotalAmount) values (367, 2, 18, 737.52, 24.7, 28.71, 9934.71);
insert into PurchaseOrderDetail (OrderID, ProductID, Quantity, UnitPrice, Discount, Tax, TotalAmount) values (368, 3, 89, 1738.1, 26.36, 22.68, 3179.41);
insert into PurchaseOrderDetail (OrderID, ProductID, Quantity, UnitPrice, Discount, Tax, TotalAmount) values (369, 32, 14, 403.99, 23.63, 26.07, 8309.05);
insert into PurchaseOrderDetail (OrderID, ProductID, Quantity, UnitPrice, Discount, Tax, TotalAmount) values (370, 35, 29, 359.41, 24.02, 24.84, 3714.98);
insert into PurchaseOrderDetail (OrderID, ProductID, Quantity, UnitPrice, Discount, Tax, TotalAmount) values (371, 14, 10, 650.44, 21.23, 26.69, 4597.2);
insert into PurchaseOrderDetail (OrderID, ProductID, Quantity, UnitPrice, Discount, Tax, TotalAmount) values (372, 36, 63, 2198.22, 23.61, 26.36, 2188.61);
insert into PurchaseOrderDetail (OrderID, ProductID, Quantity, UnitPrice, Discount, Tax, TotalAmount) values (373, 31, 17, 340.57, 24.73, 27.77, 4848.65);
insert into PurchaseOrderDetail (OrderID, ProductID, Quantity, UnitPrice, Discount, Tax, TotalAmount) values (374, 31, 60, 2437.25, 23.72, 25.8, 5074.68);
insert into PurchaseOrderDetail (OrderID, ProductID, Quantity, UnitPrice, Discount, Tax, TotalAmount) values (375, 3, 83, 1309.53, 26.16, 25.0, 8637.92);
insert into PurchaseOrderDetail (OrderID, ProductID, Quantity, UnitPrice, Discount, Tax, TotalAmount) values (376, 39, 66, 2627.4, 27.49, 24.41, 2163.18);
insert into PurchaseOrderDetail (OrderID, ProductID, Quantity, UnitPrice, Discount, Tax, TotalAmount) values (377, 17, 10, 309.09, 22.97, 24.65, 3276.98);
insert into PurchaseOrderDetail (OrderID, ProductID, Quantity, UnitPrice, Discount, Tax, TotalAmount) values (378, 37, 70, 2987.91, 25.54, 26.06, 8144.02);
insert into PurchaseOrderDetail (OrderID, ProductID, Quantity, UnitPrice, Discount, Tax, TotalAmount) values (379, 2, 89, 2749.55, 22.26, 20.83, 9564.63);
insert into PurchaseOrderDetail (OrderID, ProductID, Quantity, UnitPrice, Discount, Tax, TotalAmount) values (380, 26, 26, 2670.24, 29.36, 23.22, 1039.56);
insert into PurchaseOrderDetail (OrderID, ProductID, Quantity, UnitPrice, Discount, Tax, TotalAmount) values (381, 27, 31, 1250.28, 25.71, 22.31, 2117.03);
insert into PurchaseOrderDetail (OrderID, ProductID, Quantity, UnitPrice, Discount, Tax, TotalAmount) values (382, 39, 1, 2080.84, 21.02, 21.22, 2953.42);
insert into PurchaseOrderDetail (OrderID, ProductID, Quantity, UnitPrice, Discount, Tax, TotalAmount) values (383, 3, 59, 2317.23, 20.93, 23.01, 966.29);
insert into PurchaseOrderDetail (OrderID, ProductID, Quantity, UnitPrice, Discount, Tax, TotalAmount) values (384, 25, 80, 2073.7, 20.69, 25.22, 7663.72);
insert into PurchaseOrderDetail (OrderID, ProductID, Quantity, UnitPrice, Discount, Tax, TotalAmount) values (385, 26, 28, 1703.36, 27.06, 23.18, 3030.87);
insert into PurchaseOrderDetail (OrderID, ProductID, Quantity, UnitPrice, Discount, Tax, TotalAmount) values (386, 35, 78, 2081.37, 24.98, 26.93, 4101.75);
insert into PurchaseOrderDetail (OrderID, ProductID, Quantity, UnitPrice, Discount, Tax, TotalAmount) values (387, 16, 12, 2933.88, 28.84, 21.48, 2391.07);
insert into PurchaseOrderDetail (OrderID, ProductID, Quantity, UnitPrice, Discount, Tax, TotalAmount) values (388, 33, 92, 620.09, 23.09, 26.43, 3839.67);
insert into PurchaseOrderDetail (OrderID, ProductID, Quantity, UnitPrice, Discount, Tax, TotalAmount) values (389, 37, 23, 1868.17, 28.17, 23.77, 1122.41);
insert into PurchaseOrderDetail (OrderID, ProductID, Quantity, UnitPrice, Discount, Tax, TotalAmount) values (390, 25, 64, 1739.3, 24.89, 27.72, 3205.42);
insert into PurchaseOrderDetail (OrderID, ProductID, Quantity, UnitPrice, Discount, Tax, TotalAmount) values (391, 13, 83, 936.42, 24.07, 20.84, 5941.04);
insert into PurchaseOrderDetail (OrderID, ProductID, Quantity, UnitPrice, Discount, Tax, TotalAmount) values (392, 27, 24, 1105.03, 21.97, 26.29, 673.57);
insert into PurchaseOrderDetail (OrderID, ProductID, Quantity, UnitPrice, Discount, Tax, TotalAmount) values (393, 22, 33, 2518.42, 28.18, 29.63, 2246.74);
insert into PurchaseOrderDetail (OrderID, ProductID, Quantity, UnitPrice, Discount, Tax, TotalAmount) values (394, 35, 84, 1477.67, 25.51, 27.19, 9666.16);
insert into PurchaseOrderDetail (OrderID, ProductID, Quantity, UnitPrice, Discount, Tax, TotalAmount) values (395, 26, 84, 2308.07, 29.58, 24.21, 8424.14);
insert into PurchaseOrderDetail (OrderID, ProductID, Quantity, UnitPrice, Discount, Tax, TotalAmount) values (396, 37, 12, 1306.07, 21.34, 28.97, 1390.5);
insert into PurchaseOrderDetail (OrderID, ProductID, Quantity, UnitPrice, Discount, Tax, TotalAmount) values (397, 30, 61, 225.97, 26.33, 29.03, 4206.91);
insert into PurchaseOrderDetail (OrderID, ProductID, Quantity, UnitPrice, Discount, Tax, TotalAmount) values (398, 16, 50, 1975.92, 22.66, 26.18, 1860.62);
insert into PurchaseOrderDetail (OrderID, ProductID, Quantity, UnitPrice, Discount, Tax, TotalAmount) values (399, 38, 65, 2535.19, 28.18, 21.61, 4414.1);
insert into PurchaseOrderDetail (OrderID, ProductID, Quantity, UnitPrice, Discount, Tax, TotalAmount) values (400, 6, 53, 1645.04, 20.76, 22.0, 4950.25);
insert into PurchaseOrderDetail (OrderID, ProductID, Quantity, UnitPrice, Discount, Tax, TotalAmount) values (401, 5, 48, 117.62, 26.56, 21.03, 1220.71);
insert into PurchaseOrderDetail (OrderID, ProductID, Quantity, UnitPrice, Discount, Tax, TotalAmount) values (402, 34, 41, 903.49, 20.1, 21.57, 1849.77);
insert into PurchaseOrderDetail (OrderID, ProductID, Quantity, UnitPrice, Discount, Tax, TotalAmount) values (403, 30, 78, 735.88, 29.72, 24.77, 5104.09);
insert into PurchaseOrderDetail (OrderID, ProductID, Quantity, UnitPrice, Discount, Tax, TotalAmount) values (404, 26, 44, 2386.44, 23.37, 29.58, 9213.2);
insert into PurchaseOrderDetail (OrderID, ProductID, Quantity, UnitPrice, Discount, Tax, TotalAmount) values (405, 15, 52, 619.93, 28.36, 20.52, 8037.74);
insert into PurchaseOrderDetail (OrderID, ProductID, Quantity, UnitPrice, Discount, Tax, TotalAmount) values (406, 2, 22, 1330.52, 28.16, 21.12, 7415.05);
insert into PurchaseOrderDetail (OrderID, ProductID, Quantity, UnitPrice, Discount, Tax, TotalAmount) values (407, 9, 88, 1878.31, 22.27, 27.37, 6160.26);
insert into PurchaseOrderDetail (OrderID, ProductID, Quantity, UnitPrice, Discount, Tax, TotalAmount) values (408, 26, 19, 1038.02, 23.43, 27.35, 8502.41);
insert into PurchaseOrderDetail (OrderID, ProductID, Quantity, UnitPrice, Discount, Tax, TotalAmount) values (409, 2, 20, 1020.61, 21.57, 26.28, 5649.28);
insert into PurchaseOrderDetail (OrderID, ProductID, Quantity, UnitPrice, Discount, Tax, TotalAmount) values (410, 16, 17, 2425.65, 25.36, 20.35, 6930.89);
insert into PurchaseOrderDetail (OrderID, ProductID, Quantity, UnitPrice, Discount, Tax, TotalAmount) values (411, 39, 47, 999.86, 29.71, 27.44, 8835.64);
insert into PurchaseOrderDetail (OrderID, ProductID, Quantity, UnitPrice, Discount, Tax, TotalAmount) values (412, 40, 66, 2671.69, 28.26, 29.96, 6889.53);
insert into PurchaseOrderDetail (OrderID, ProductID, Quantity, UnitPrice, Discount, Tax, TotalAmount) values (413, 8, 61, 977.8, 20.98, 24.56, 5248.89);
insert into PurchaseOrderDetail (OrderID, ProductID, Quantity, UnitPrice, Discount, Tax, TotalAmount) values (414, 30, 38, 2257.45, 24.43, 28.41, 1047.36);
insert into PurchaseOrderDetail (OrderID, ProductID, Quantity, UnitPrice, Discount, Tax, TotalAmount) values (415, 19, 22, 830.26, 22.43, 20.82, 2398.25);
insert into PurchaseOrderDetail (OrderID, ProductID, Quantity, UnitPrice, Discount, Tax, TotalAmount) values (416, 15, 74, 2496.4, 23.04, 27.98, 9537.97);
insert into PurchaseOrderDetail (OrderID, ProductID, Quantity, UnitPrice, Discount, Tax, TotalAmount) values (417, 3, 65, 2362.17, 21.43, 22.04, 8127.98);
insert into PurchaseOrderDetail (OrderID, ProductID, Quantity, UnitPrice, Discount, Tax, TotalAmount) values (418, 1, 9, 1147.6, 21.47, 23.42, 8050.4);
insert into PurchaseOrderDetail (OrderID, ProductID, Quantity, UnitPrice, Discount, Tax, TotalAmount) values (419, 24, 97, 2884.51, 20.43, 24.59, 9776.42);
insert into PurchaseOrderDetail (OrderID, ProductID, Quantity, UnitPrice, Discount, Tax, TotalAmount) values (420, 36, 19, 201.43, 28.37, 21.95, 5759.68);
insert into PurchaseOrderDetail (OrderID, ProductID, Quantity, UnitPrice, Discount, Tax, TotalAmount) values (421, 32, 97, 2494.9, 29.16, 29.44, 3446.26);
insert into PurchaseOrderDetail (OrderID, ProductID, Quantity, UnitPrice, Discount, Tax, TotalAmount) values (422, 38, 75, 2785.69, 22.21, 28.27, 7099.73);
insert into PurchaseOrderDetail (OrderID, ProductID, Quantity, UnitPrice, Discount, Tax, TotalAmount) values (423, 21, 95, 462.2, 23.01, 24.79, 7334.11);
insert into PurchaseOrderDetail (OrderID, ProductID, Quantity, UnitPrice, Discount, Tax, TotalAmount) values (424, 24, 79, 1408.92, 28.73, 27.49, 3776.22);
insert into PurchaseOrderDetail (OrderID, ProductID, Quantity, UnitPrice, Discount, Tax, TotalAmount) values (425, 13, 79, 1115.34, 24.09, 24.25, 5686.99);
insert into PurchaseOrderDetail (OrderID, ProductID, Quantity, UnitPrice, Discount, Tax, TotalAmount) values (426, 2, 28, 655.13, 24.42, 26.44, 2715.24);
insert into PurchaseOrderDetail (OrderID, ProductID, Quantity, UnitPrice, Discount, Tax, TotalAmount) values (427, 27, 100, 1568.54, 24.19, 20.94, 1204.71);
insert into PurchaseOrderDetail (OrderID, ProductID, Quantity, UnitPrice, Discount, Tax, TotalAmount) values (428, 35, 100, 471.5, 24.71, 29.5, 5514.58);
insert into PurchaseOrderDetail (OrderID, ProductID, Quantity, UnitPrice, Discount, Tax, TotalAmount) values (429, 30, 20, 744.4, 26.11, 28.05, 9524.47);
insert into PurchaseOrderDetail (OrderID, ProductID, Quantity, UnitPrice, Discount, Tax, TotalAmount) values (430, 10, 99, 1411.02, 26.07, 27.39, 4237.51);
insert into PurchaseOrderDetail (OrderID, ProductID, Quantity, UnitPrice, Discount, Tax, TotalAmount) values (431, 30, 60, 1475.41, 22.3, 29.38, 8047.3);
insert into PurchaseOrderDetail (OrderID, ProductID, Quantity, UnitPrice, Discount, Tax, TotalAmount) values (432, 17, 47, 2817.35, 22.97, 23.94, 361.25);
insert into PurchaseOrderDetail (OrderID, ProductID, Quantity, UnitPrice, Discount, Tax, TotalAmount) values (433, 11, 14, 2057.54, 23.47, 27.72, 687.33);
insert into PurchaseOrderDetail (OrderID, ProductID, Quantity, UnitPrice, Discount, Tax, TotalAmount) values (434, 28, 35, 436.26, 22.8, 24.23, 3866.36);
insert into PurchaseOrderDetail (OrderID, ProductID, Quantity, UnitPrice, Discount, Tax, TotalAmount) values (435, 12, 97, 2888.39, 21.84, 20.47, 9682.94);
insert into PurchaseOrderDetail (OrderID, ProductID, Quantity, UnitPrice, Discount, Tax, TotalAmount) values (436, 2, 59, 2818.08, 28.3, 20.64, 9639.29);
insert into PurchaseOrderDetail (OrderID, ProductID, Quantity, UnitPrice, Discount, Tax, TotalAmount) values (437, 19, 78, 2578.64, 21.96, 22.13, 3492.89);
insert into PurchaseOrderDetail (OrderID, ProductID, Quantity, UnitPrice, Discount, Tax, TotalAmount) values (438, 17, 67, 1416.71, 20.59, 26.06, 2670.85);
insert into PurchaseOrderDetail (OrderID, ProductID, Quantity, UnitPrice, Discount, Tax, TotalAmount) values (439, 35, 9, 2004.76, 26.93, 27.31, 3474.2);
insert into PurchaseOrderDetail (OrderID, ProductID, Quantity, UnitPrice, Discount, Tax, TotalAmount) values (440, 14, 35, 1943.09, 24.73, 23.91, 1367.15);
insert into PurchaseOrderDetail (OrderID, ProductID, Quantity, UnitPrice, Discount, Tax, TotalAmount) values (441, 12, 30, 1859.28, 27.75, 24.06, 4882.18);
insert into PurchaseOrderDetail (OrderID, ProductID, Quantity, UnitPrice, Discount, Tax, TotalAmount) values (442, 26, 15, 2951.74, 21.18, 24.52, 2133.07);
insert into PurchaseOrderDetail (OrderID, ProductID, Quantity, UnitPrice, Discount, Tax, TotalAmount) values (443, 36, 67, 1515.53, 23.17, 29.98, 5681.18);
insert into PurchaseOrderDetail (OrderID, ProductID, Quantity, UnitPrice, Discount, Tax, TotalAmount) values (444, 8, 69, 2045.16, 21.14, 27.4, 2311.02);
insert into PurchaseOrderDetail (OrderID, ProductID, Quantity, UnitPrice, Discount, Tax, TotalAmount) values (445, 7, 54, 694.97, 29.87, 20.73, 5568.52);
insert into PurchaseOrderDetail (OrderID, ProductID, Quantity, UnitPrice, Discount, Tax, TotalAmount) values (446, 16, 68, 668.62, 20.9, 22.38, 9461.21);
insert into PurchaseOrderDetail (OrderID, ProductID, Quantity, UnitPrice, Discount, Tax, TotalAmount) values (447, 21, 2, 1245.3, 26.27, 23.19, 9945.05);
insert into PurchaseOrderDetail (OrderID, ProductID, Quantity, UnitPrice, Discount, Tax, TotalAmount) values (448, 36, 49, 282.57, 28.06, 26.11, 815.17);
insert into PurchaseOrderDetail (OrderID, ProductID, Quantity, UnitPrice, Discount, Tax, TotalAmount) values (449, 39, 69, 2825.33, 28.07, 22.75, 5492.19);
insert into PurchaseOrderDetail (OrderID, ProductID, Quantity, UnitPrice, Discount, Tax, TotalAmount) values (450, 21, 22, 2642.29, 23.71, 23.59, 7048.54);
insert into PurchaseOrderDetail (OrderID, ProductID, Quantity, UnitPrice, Discount, Tax, TotalAmount) values (451, 6, 23, 2087.37, 29.78, 22.73, 1001.08);
insert into PurchaseOrderDetail (OrderID, ProductID, Quantity, UnitPrice, Discount, Tax, TotalAmount) values (452, 2, 62, 86.68, 20.52, 26.96, 5961.38);
insert into PurchaseOrderDetail (OrderID, ProductID, Quantity, UnitPrice, Discount, Tax, TotalAmount) values (453, 29, 54, 2568.91, 21.41, 29.48, 3155.94);
insert into PurchaseOrderDetail (OrderID, ProductID, Quantity, UnitPrice, Discount, Tax, TotalAmount) values (454, 36, 86, 792.21, 26.97, 29.14, 9214.88);
insert into PurchaseOrderDetail (OrderID, ProductID, Quantity, UnitPrice, Discount, Tax, TotalAmount) values (455, 24, 99, 874.31, 28.42, 29.47, 9188.48);
insert into PurchaseOrderDetail (OrderID, ProductID, Quantity, UnitPrice, Discount, Tax, TotalAmount) values (456, 9, 71, 699.24, 21.94, 21.56, 8586.32);
insert into PurchaseOrderDetail (OrderID, ProductID, Quantity, UnitPrice, Discount, Tax, TotalAmount) values (457, 19, 43, 2624.87, 20.88, 24.72, 3243.18);
insert into PurchaseOrderDetail (OrderID, ProductID, Quantity, UnitPrice, Discount, Tax, TotalAmount) values (458, 17, 37, 1615.13, 29.4, 28.64, 3893.63);
insert into PurchaseOrderDetail (OrderID, ProductID, Quantity, UnitPrice, Discount, Tax, TotalAmount) values (459, 16, 31, 1287.25, 29.86, 24.9, 3100.01);
insert into PurchaseOrderDetail (OrderID, ProductID, Quantity, UnitPrice, Discount, Tax, TotalAmount) values (460, 4, 7, 1443.57, 28.85, 29.66, 8606.32);
insert into PurchaseOrderDetail (OrderID, ProductID, Quantity, UnitPrice, Discount, Tax, TotalAmount) values (461, 19, 88, 608.12, 22.72, 22.33, 7402.01);
insert into PurchaseOrderDetail (OrderID, ProductID, Quantity, UnitPrice, Discount, Tax, TotalAmount) values (462, 39, 98, 1396.97, 21.53, 26.89, 2223.94);
insert into PurchaseOrderDetail (OrderID, ProductID, Quantity, UnitPrice, Discount, Tax, TotalAmount) values (463, 32, 17, 2395.51, 28.17, 27.31, 3764.84);
insert into PurchaseOrderDetail (OrderID, ProductID, Quantity, UnitPrice, Discount, Tax, TotalAmount) values (464, 17, 9, 2104.71, 27.81, 23.44, 7905.99);
insert into PurchaseOrderDetail (OrderID, ProductID, Quantity, UnitPrice, Discount, Tax, TotalAmount) values (465, 24, 19, 2814.62, 28.58, 28.23, 2928.44);
insert into PurchaseOrderDetail (OrderID, ProductID, Quantity, UnitPrice, Discount, Tax, TotalAmount) values (466, 32, 64, 478.82, 28.63, 28.31, 9566.06);
insert into PurchaseOrderDetail (OrderID, ProductID, Quantity, UnitPrice, Discount, Tax, TotalAmount) values (467, 20, 74, 160.81, 20.81, 24.94, 449.96);
insert into PurchaseOrderDetail (OrderID, ProductID, Quantity, UnitPrice, Discount, Tax, TotalAmount) values (468, 10, 83, 75.82, 24.89, 23.3, 2746.54);
insert into PurchaseOrderDetail (OrderID, ProductID, Quantity, UnitPrice, Discount, Tax, TotalAmount) values (469, 21, 43, 738.19, 27.95, 25.51, 2548.53);
insert into PurchaseOrderDetail (OrderID, ProductID, Quantity, UnitPrice, Discount, Tax, TotalAmount) values (470, 23, 48, 2050.48, 28.97, 24.17, 5387.81);
insert into PurchaseOrderDetail (OrderID, ProductID, Quantity, UnitPrice, Discount, Tax, TotalAmount) values (471, 8, 88, 277.22, 25.15, 26.28, 1088.89);
insert into PurchaseOrderDetail (OrderID, ProductID, Quantity, UnitPrice, Discount, Tax, TotalAmount) values (472, 36, 71, 494.88, 22.07, 23.67, 4599.86);
insert into PurchaseOrderDetail (OrderID, ProductID, Quantity, UnitPrice, Discount, Tax, TotalAmount) values (473, 27, 75, 1585.78, 26.23, 25.89, 8021.65);
insert into PurchaseOrderDetail (OrderID, ProductID, Quantity, UnitPrice, Discount, Tax, TotalAmount) values (474, 32, 61, 2015.64, 25.87, 24.98, 1852.22);
insert into PurchaseOrderDetail (OrderID, ProductID, Quantity, UnitPrice, Discount, Tax, TotalAmount) values (475, 39, 58, 1191.67, 21.66, 29.05, 768.13);
insert into PurchaseOrderDetail (OrderID, ProductID, Quantity, UnitPrice, Discount, Tax, TotalAmount) values (476, 8, 5, 492.49, 23.18, 29.47, 5325.31);
insert into PurchaseOrderDetail (OrderID, ProductID, Quantity, UnitPrice, Discount, Tax, TotalAmount) values (477, 8, 17, 2375.88, 21.45, 25.11, 2206.72);
insert into PurchaseOrderDetail (OrderID, ProductID, Quantity, UnitPrice, Discount, Tax, TotalAmount) values (478, 20, 84, 729.99, 28.12, 24.52, 4115.81);
insert into PurchaseOrderDetail (OrderID, ProductID, Quantity, UnitPrice, Discount, Tax, TotalAmount) values (479, 35, 83, 1515.43, 24.75, 22.51, 6433.06);
insert into PurchaseOrderDetail (OrderID, ProductID, Quantity, UnitPrice, Discount, Tax, TotalAmount) values (480, 20, 69, 504.55, 24.59, 24.73, 9015.82);
insert into PurchaseOrderDetail (OrderID, ProductID, Quantity, UnitPrice, Discount, Tax, TotalAmount) values (481, 29, 13, 2306.15, 22.15, 27.73, 5120.35);
insert into PurchaseOrderDetail (OrderID, ProductID, Quantity, UnitPrice, Discount, Tax, TotalAmount) values (482, 40, 52, 862.57, 23.48, 22.16, 6699.06);
insert into PurchaseOrderDetail (OrderID, ProductID, Quantity, UnitPrice, Discount, Tax, TotalAmount) values (483, 30, 22, 954.16, 22.35, 28.62, 9759.75);
insert into PurchaseOrderDetail (OrderID, ProductID, Quantity, UnitPrice, Discount, Tax, TotalAmount) values (484, 39, 81, 1843.76, 25.19, 29.18, 5935.71);
insert into PurchaseOrderDetail (OrderID, ProductID, Quantity, UnitPrice, Discount, Tax, TotalAmount) values (485, 13, 91, 723.89, 23.48, 22.6, 9039.38);
insert into PurchaseOrderDetail (OrderID, ProductID, Quantity, UnitPrice, Discount, Tax, TotalAmount) values (486, 40, 97, 1230.84, 28.82, 24.54, 2187.24);
insert into PurchaseOrderDetail (OrderID, ProductID, Quantity, UnitPrice, Discount, Tax, TotalAmount) values (487, 20, 96, 1636.84, 20.64, 20.48, 7863.38);
insert into PurchaseOrderDetail (OrderID, ProductID, Quantity, UnitPrice, Discount, Tax, TotalAmount) values (488, 15, 57, 1451.85, 24.12, 27.25, 3867.9);
insert into PurchaseOrderDetail (OrderID, ProductID, Quantity, UnitPrice, Discount, Tax, TotalAmount) values (489, 36, 28, 1316.15, 28.68, 27.46, 6818.12);
insert into PurchaseOrderDetail (OrderID, ProductID, Quantity, UnitPrice, Discount, Tax, TotalAmount) values (490, 32, 9, 302.44, 26.16, 28.24, 4297.16);
insert into PurchaseOrderDetail (OrderID, ProductID, Quantity, UnitPrice, Discount, Tax, TotalAmount) values (491, 2, 91, 1615.38, 29.07, 25.95, 2260.51);
insert into PurchaseOrderDetail (OrderID, ProductID, Quantity, UnitPrice, Discount, Tax, TotalAmount) values (492, 6, 85, 2935.35, 20.56, 29.33, 1952.86);
insert into PurchaseOrderDetail (OrderID, ProductID, Quantity, UnitPrice, Discount, Tax, TotalAmount) values (493, 37, 77, 1903.58, 26.45, 21.72, 1002.49);
insert into PurchaseOrderDetail (OrderID, ProductID, Quantity, UnitPrice, Discount, Tax, TotalAmount) values (494, 28, 91, 402.45, 28.88, 27.36, 2989.18);
insert into PurchaseOrderDetail (OrderID, ProductID, Quantity, UnitPrice, Discount, Tax, TotalAmount) values (495, 3, 9, 1229.83, 22.34, 29.91, 2452.66);
insert into PurchaseOrderDetail (OrderID, ProductID, Quantity, UnitPrice, Discount, Tax, TotalAmount) values (496, 40, 45, 1831.6, 21.61, 22.79, 6751.11);
insert into PurchaseOrderDetail (OrderID, ProductID, Quantity, UnitPrice, Discount, Tax, TotalAmount) values (497, 18, 38, 1203.5, 28.81, 23.94, 1880.7);
insert into PurchaseOrderDetail (OrderID, ProductID, Quantity, UnitPrice, Discount, Tax, TotalAmount) values (498, 33, 60, 706.74, 20.92, 29.47, 7095.48);
insert into PurchaseOrderDetail (OrderID, ProductID, Quantity, UnitPrice, Discount, Tax, TotalAmount) values (499, 25, 75, 2022.31, 22.32, 28.63, 9805.39);
insert into PurchaseOrderDetail (OrderID, ProductID, Quantity, UnitPrice, Discount, Tax, TotalAmount) values (500, 7, 55, 2936.27, 21.35, 21.84, 6296.96);
	
-- Location
insert into Location (LocationID, Name, Address, PostalCode, Country, Region, City, Latitude, Longitude) values (1, 'Honorable', '34 Ohio Road', '10217', 'Dominican Republic', 'Europe', 'Las Terrenas', 19.2983328, -69.5523252);
insert into Location (LocationID, Name, Address, PostalCode, Country, Region, City, Latitude, Longitude) values (2, 'Rev', '18572 Lunder Hill', null, 'China', 'Asia', 'Henglan', 22.534707, 113.249705);
insert into Location (LocationID, Name, Address, PostalCode, Country, Region, City, Latitude, Longitude) values (3, 'Ms', '4 Gina Court', null, 'Indonesia', 'Africa', 'Malapaubhara', -8.6467, 121.1244);
insert into Location (LocationID, Name, Address, PostalCode, Country, Region, City, Latitude, Longitude) values (4, 'Mrs', '7850 Sage Center', null, 'China', 'Australia', 'Sanxi', 37.2425649, 111.8568586);
insert into Location (LocationID, Name, Address, PostalCode, Country, Region, City, Latitude, Longitude) values (5, 'Mr', '11 Farragut Point', null, 'Indonesia', 'South America', 'Parabon', -6.9098723, 107.1955974);
insert into Location (LocationID, Name, Address, PostalCode, Country, Region, City, Latitude, Longitude) values (6, 'Dr', '8 Lake View Center', null, 'Nigeria', 'Africa', 'Tambawel', 12.4069994, 4.647618);
insert into Location (LocationID, Name, Address, PostalCode, Country, Region, City, Latitude, Longitude) values (7, 'Honorable', '40 Ohio Drive', null, 'China', 'Europe', 'Dawan', 39.917717, 116.418465);
insert into Location (LocationID, Name, Address, PostalCode, Country, Region, City, Latitude, Longitude) values (8, 'Mr', '73639 Dennis Terrace', '93517 CEDEX', 'France', 'Africa', 'Montreuil', 48.8505771, 2.4273906);
insert into Location (LocationID, Name, Address, PostalCode, Country, Region, City, Latitude, Longitude) values (9, 'Mr', '74 Forest Run Street', null, 'China', 'North America', 'Shangmofang', 30.4608895, 114.4052806);
insert into Location (LocationID, Name, Address, PostalCode, Country, Region, City, Latitude, Longitude) values (10, 'Rev', '3495 Mccormick Terrace', '456796', 'Russia', 'Europe', 'Novogornyy', 54.7767925, 56.0399438);

-- Department
insert into Department (DepartmentID, Name, ManagerID, LocationID, Budget) values (1, 'Sales', 10, 7, null);
insert into Department (DepartmentID, Name, ManagerID, LocationID, Budget) values (2, 'Research and Development', 4, 5, 428015);
insert into Department (DepartmentID, Name, ManagerID, LocationID, Budget) values (3, 'Business Development', 1, 4, 866375);
insert into Department (DepartmentID, Name, ManagerID, LocationID, Budget) values (4, 'Research and Development', 8, 4, 975409);
insert into Department (DepartmentID, Name, ManagerID, LocationID, Budget) values (5, 'Business Development', 5, 9, 324372);
insert into Department (DepartmentID, Name, ManagerID, LocationID, Budget) values (6, 'Human Resources', 5, 1, 884517);
insert into Department (DepartmentID, Name, ManagerID, LocationID, Budget) values (7, 'Support', 9, 3, 589160);
insert into Department (DepartmentID, Name, ManagerID, LocationID, Budget) values (8, 'Support', 3, 7, 858680);
insert into Department (DepartmentID, Name, ManagerID, LocationID, Budget) values (9, 'Accounting', 9, 8, 951024);
insert into Department (DepartmentID, Name, ManagerID, LocationID, Budget) values (10, 'Engineering', 3, 5, 971674);

-- Employee
insert into Employee (EmployeeID, Name, ContactInfo, DepartmentID, RoleID, HireDate, Salary, Commission, ManagerID) values (1, 'Rose', null, 7, 8, '2001-02-12 11:54:22', 167709.59, null, 4);
insert into Employee (EmployeeID, Name, ContactInfo, DepartmentID, RoleID, HireDate, Salary, Commission, ManagerID) values (2, 'Ephraim', 'emacquire1@yahoo.com', 10, 10, '2009-05-13 18:09:28', 184219.59, 23.56, 4);
insert into Employee (EmployeeID, Name, ContactInfo, DepartmentID, RoleID, HireDate, Salary, Commission, ManagerID) values (3, 'Fletch', 'ffarthin2@hhs.gov', 3, 6, '2006-05-20 09:57:09', 11487.68, 27.1, 9);
insert into Employee (EmployeeID, Name, ContactInfo, DepartmentID, RoleID, HireDate, Salary, Commission, ManagerID) values (4, 'Jethro', 'jcoopland3@buzzfeed.com', 6, 4, '2009-08-15 10:58:15', 86359.79, 20.64, 3);
insert into Employee (EmployeeID, Name, ContactInfo, DepartmentID, RoleID, HireDate, Salary, Commission, ManagerID) values (5, 'Daloris', null, 8, 7, '2016-12-11 09:25:04', 176636.47, 27.38, 7);
insert into Employee (EmployeeID, Name, ContactInfo, DepartmentID, RoleID, HireDate, Salary, Commission, ManagerID) values (6, 'Basilio', 'bmilbourn5@instagram.com', 1, 8, '2002-09-01 13:15:26', 199840.6, 28.63, 8);
insert into Employee (EmployeeID, Name, ContactInfo, DepartmentID, RoleID, HireDate, Salary, Commission, ManagerID) values (7, 'Aurora', null, 1, 7, '2019-09-16 05:17:09', 58222.67, 24.32, 7);
insert into Employee (EmployeeID, Name, ContactInfo, DepartmentID, RoleID, HireDate, Salary, Commission, ManagerID) values (8, 'Neille', 'ncornew7@github.com', 9, 3, '2020-09-23 04:46:04', 31063.81, null, 6);
insert into Employee (EmployeeID, Name, ContactInfo, DepartmentID, RoleID, HireDate, Salary, Commission, ManagerID) values (9, 'Kaycee', 'kstilliard8@msn.com', 5, 4, '2017-09-27 07:20:23', null, 23.87, 7);
insert into Employee (EmployeeID, Name, ContactInfo, DepartmentID, RoleID, HireDate, Salary, Commission, ManagerID) values (10, 'Reidar', null, 6, 4, '2009-09-01 20:46:53', 58922.97, null, 9);

-- Warehouse
insert into Warehouse (WarehouseID, LocationID, Capacity, ManagerID, OpeningHours, ClosingHours, ContactInfo) values (1, 4, 46808, 1, '11:01 AM', '4:47 PM', '721-205-5531');
insert into Warehouse (WarehouseID, LocationID, Capacity, ManagerID, OpeningHours, ClosingHours, ContactInfo) values (2, 2, 25835, 1, '12:53 PM', '2:29 PM', '591-855-9016');
insert into Warehouse (WarehouseID, LocationID, Capacity, ManagerID, OpeningHours, ClosingHours, ContactInfo) values (3, 5, 92458, 1, '10:58 AM', '12:05 PM', '272-445-0822');
insert into Warehouse (WarehouseID, LocationID, Capacity, ManagerID, OpeningHours, ClosingHours, ContactInfo) values (4, 9, 22548, 7, '2:44 PM', '3:41 PM', '552-599-6354');
insert into Warehouse (WarehouseID, LocationID, Capacity, ManagerID, OpeningHours, ClosingHours, ContactInfo) values (5, 4, 54842, 6, '2:43 PM', '12:13 PM', null);
insert into Warehouse (WarehouseID, LocationID, Capacity, ManagerID, OpeningHours, ClosingHours, ContactInfo) values (6, 9, 97686, 7, '12:30 PM', '4:06 PM', '832-322-6487');
insert into Warehouse (WarehouseID, LocationID, Capacity, ManagerID, OpeningHours, ClosingHours, ContactInfo) values (7, 9, 92228, 8, '10:56 AM', '3:40 PM', '950-185-8453');
insert into Warehouse (WarehouseID, LocationID, Capacity, ManagerID, OpeningHours, ClosingHours, ContactInfo) values (8, 10, 63723, 1, '10:23 AM', '1:59 PM', '216-893-3165');
insert into Warehouse (WarehouseID, LocationID, Capacity, ManagerID, OpeningHours, ClosingHours, ContactInfo) values (9, 3, 22411, 5, '9:03 AM', '12:04 PM', '405-996-9735');
insert into Warehouse (WarehouseID, LocationID, Capacity, ManagerID, OpeningHours, ClosingHours, ContactInfo) values (10, 6, 35612, 10, '9:00 AM', '1:15 PM', '882-669-0679');

-- Inventory
insert into Inventory (ProductID, WarehouseID, Quantity, MinimumStockLevel, MaximumStockLevel, ReorderPoint, LastReorderDate, ExpectedDeliveryDate) values (1, 9, 492, 154, 1184, 287, null, '2010-06-07 01:50:27');
insert into Inventory (ProductID, WarehouseID, Quantity, MinimumStockLevel, MaximumStockLevel, ReorderPoint, LastReorderDate, ExpectedDeliveryDate) values (2, 10, 1803, 141, 1498, 202, '2008-02-14 14:27:58', '2018-11-10 04:45:21');
insert into Inventory (ProductID, WarehouseID, Quantity, MinimumStockLevel, MaximumStockLevel, ReorderPoint, LastReorderDate, ExpectedDeliveryDate) values (3, 2, 527, 123, 1601, 296, '2014-04-16 18:47:01', '2003-03-25 13:43:08');
insert into Inventory (ProductID, WarehouseID, Quantity, MinimumStockLevel, MaximumStockLevel, ReorderPoint, LastReorderDate, ExpectedDeliveryDate) values (4, 5, 1530, 188, 1346, 211, '2017-11-11 03:00:28', '2002-01-13 07:45:44');
insert into Inventory (ProductID, WarehouseID, Quantity, MinimumStockLevel, MaximumStockLevel, ReorderPoint, LastReorderDate, ExpectedDeliveryDate) values (5, 4, 917, 194, 1129, 390, '2017-07-07 16:17:24', '2005-12-19 08:28:25');
insert into Inventory (ProductID, WarehouseID, Quantity, MinimumStockLevel, MaximumStockLevel, ReorderPoint, LastReorderDate, ExpectedDeliveryDate) values (6, 2, 1281, 158, 1392, 357, '2002-03-25 02:40:55', '2021-06-24 05:37:28');
insert into Inventory (ProductID, WarehouseID, Quantity, MinimumStockLevel, MaximumStockLevel, ReorderPoint, LastReorderDate, ExpectedDeliveryDate) values (7, 8, 1650, 141, 1948, 309, '2013-10-04 09:06:39', '2009-10-17 09:46:43');
insert into Inventory (ProductID, WarehouseID, Quantity, MinimumStockLevel, MaximumStockLevel, ReorderPoint, LastReorderDate, ExpectedDeliveryDate) values (8, 3, 1667, 140, 1104, 369, '2007-07-07 18:53:36', '2007-09-17 22:51:30');
insert into Inventory (ProductID, WarehouseID, Quantity, MinimumStockLevel, MaximumStockLevel, ReorderPoint, LastReorderDate, ExpectedDeliveryDate) values (9, 9, 1358, 139, 1187, 267, '2016-06-10 16:36:58', '2018-02-06 10:22:37');
insert into Inventory (ProductID, WarehouseID, Quantity, MinimumStockLevel, MaximumStockLevel, ReorderPoint, LastReorderDate, ExpectedDeliveryDate) values (10, 8, 1260, 181, 1187, 362, '2013-10-25 10:48:41', '2005-07-19 10:02:23');
insert into Inventory (ProductID, WarehouseID, Quantity, MinimumStockLevel, MaximumStockLevel, ReorderPoint, LastReorderDate, ExpectedDeliveryDate) values (11, 9, 1046, 124, 1129, 368, null, '2015-07-13 16:48:19');
insert into Inventory (ProductID, WarehouseID, Quantity, MinimumStockLevel, MaximumStockLevel, ReorderPoint, LastReorderDate, ExpectedDeliveryDate) values (12, 6, 1593, 178, 1101, 210, '2020-11-18 05:29:55', '2009-07-07 21:11:40');
insert into Inventory (ProductID, WarehouseID, Quantity, MinimumStockLevel, MaximumStockLevel, ReorderPoint, LastReorderDate, ExpectedDeliveryDate) values (13, 7, 1028, 178, 1540, 343, '2013-05-12 03:52:14', '2013-03-14 07:33:16');
insert into Inventory (ProductID, WarehouseID, Quantity, MinimumStockLevel, MaximumStockLevel, ReorderPoint, LastReorderDate, ExpectedDeliveryDate) values (14, 9, 1329, 130, 1599, 228, '2019-11-01 15:46:08', '2017-07-28 22:20:14');
insert into Inventory (ProductID, WarehouseID, Quantity, MinimumStockLevel, MaximumStockLevel, ReorderPoint, LastReorderDate, ExpectedDeliveryDate) values (15, 4, 28, 197, 1168, 312, '2010-04-19 16:35:34', '2012-10-27 03:45:42');
insert into Inventory (ProductID, WarehouseID, Quantity, MinimumStockLevel, MaximumStockLevel, ReorderPoint, LastReorderDate, ExpectedDeliveryDate) values (16, 5, 1080, 195, 1171, 373, '2008-10-12 00:02:42', '2019-04-23 07:57:32');
insert into Inventory (ProductID, WarehouseID, Quantity, MinimumStockLevel, MaximumStockLevel, ReorderPoint, LastReorderDate, ExpectedDeliveryDate) values (17, 1, 589, 189, 1317, 284, '2021-03-02 08:55:00', '2014-09-10 19:11:22');
insert into Inventory (ProductID, WarehouseID, Quantity, MinimumStockLevel, MaximumStockLevel, ReorderPoint, LastReorderDate, ExpectedDeliveryDate) values (18, 4, 1042, 138, 1351, 289, null, '2009-06-05 08:16:59');
insert into Inventory (ProductID, WarehouseID, Quantity, MinimumStockLevel, MaximumStockLevel, ReorderPoint, LastReorderDate, ExpectedDeliveryDate) values (19, 1, 23, 131, 1928, 258, '2020-05-21 00:26:41', '2008-11-04 12:00:04');
insert into Inventory (ProductID, WarehouseID, Quantity, MinimumStockLevel, MaximumStockLevel, ReorderPoint, LastReorderDate, ExpectedDeliveryDate) values (20, 10, 1168, 115, 1039, 207, '2011-04-13 16:55:06', '2015-07-11 02:02:07');
insert into Inventory (ProductID, WarehouseID, Quantity, MinimumStockLevel, MaximumStockLevel, ReorderPoint, LastReorderDate, ExpectedDeliveryDate) values (21, 4, 1147, 194, 1806, 311, '2009-07-27 08:59:29', '2002-08-27 03:30:40');
insert into Inventory (ProductID, WarehouseID, Quantity, MinimumStockLevel, MaximumStockLevel, ReorderPoint, LastReorderDate, ExpectedDeliveryDate) values (22, 2, 927, 137, 1667, 366, null, '2008-09-09 04:34:53');
insert into Inventory (ProductID, WarehouseID, Quantity, MinimumStockLevel, MaximumStockLevel, ReorderPoint, LastReorderDate, ExpectedDeliveryDate) values (23, 6, 1120, 194, 1427, 351, '2010-03-12 17:14:40', '2013-12-09 22:56:06');
insert into Inventory (ProductID, WarehouseID, Quantity, MinimumStockLevel, MaximumStockLevel, ReorderPoint, LastReorderDate, ExpectedDeliveryDate) values (24, 1, 440, 120, 1223, 311, '2004-09-22 16:57:18', '2007-06-22 00:35:37');
insert into Inventory (ProductID, WarehouseID, Quantity, MinimumStockLevel, MaximumStockLevel, ReorderPoint, LastReorderDate, ExpectedDeliveryDate) values (25, 5, 843, 110, 1160, 348, '2010-04-04 11:00:27', '2018-03-29 06:04:57');
insert into Inventory (ProductID, WarehouseID, Quantity, MinimumStockLevel, MaximumStockLevel, ReorderPoint, LastReorderDate, ExpectedDeliveryDate) values (26, 4, 370, 156, 1242, 255, '2011-08-13 10:08:21', '2006-10-14 07:25:03');
insert into Inventory (ProductID, WarehouseID, Quantity, MinimumStockLevel, MaximumStockLevel, ReorderPoint, LastReorderDate, ExpectedDeliveryDate) values (27, 8, 1926, 146, 1755, 345, '2017-05-23 10:12:10', '2007-03-08 00:37:16');
insert into Inventory (ProductID, WarehouseID, Quantity, MinimumStockLevel, MaximumStockLevel, ReorderPoint, LastReorderDate, ExpectedDeliveryDate) values (28, 2, 983, 103, 1054, 303, '2018-06-15 00:49:53', '2007-03-31 08:54:15');
insert into Inventory (ProductID, WarehouseID, Quantity, MinimumStockLevel, MaximumStockLevel, ReorderPoint, LastReorderDate, ExpectedDeliveryDate) values (29, 4, 372, 140, 1375, 356, '2018-06-07 12:35:24', '2001-10-04 14:36:31');
insert into Inventory (ProductID, WarehouseID, Quantity, MinimumStockLevel, MaximumStockLevel, ReorderPoint, LastReorderDate, ExpectedDeliveryDate) values (30, 4, 770, 136, 1301, 206, '2019-01-17 17:53:36', '2008-01-16 20:38:49');
insert into Inventory (ProductID, WarehouseID, Quantity, MinimumStockLevel, MaximumStockLevel, ReorderPoint, LastReorderDate, ExpectedDeliveryDate) values (31, 2, 934, 101, 1208, 282, '2002-10-03 21:20:39', '2009-09-10 18:01:54');
insert into Inventory (ProductID, WarehouseID, Quantity, MinimumStockLevel, MaximumStockLevel, ReorderPoint, LastReorderDate, ExpectedDeliveryDate) values (32, 10, 1523, 191, 1993, 282, '2021-05-01 13:04:09', '2007-11-07 21:11:14');
insert into Inventory (ProductID, WarehouseID, Quantity, MinimumStockLevel, MaximumStockLevel, ReorderPoint, LastReorderDate, ExpectedDeliveryDate) values (33, 1, 826, 107, 1312, 238, '2005-07-27 10:01:03', '2018-12-15 05:21:02');
insert into Inventory (ProductID, WarehouseID, Quantity, MinimumStockLevel, MaximumStockLevel, ReorderPoint, LastReorderDate, ExpectedDeliveryDate) values (34, 3, 782, 147, 1814, 237, '2008-05-16 15:17:23', '2004-03-09 21:59:22');
insert into Inventory (ProductID, WarehouseID, Quantity, MinimumStockLevel, MaximumStockLevel, ReorderPoint, LastReorderDate, ExpectedDeliveryDate) values (35, 8, 1777, 193, 1970, 283, '2021-11-01 11:30:57', '2011-04-22 20:51:58');
insert into Inventory (ProductID, WarehouseID, Quantity, MinimumStockLevel, MaximumStockLevel, ReorderPoint, LastReorderDate, ExpectedDeliveryDate) values (36, 2, 94, 115, 1720, 284, '2006-07-20 12:25:08', '2013-11-27 09:09:02');
insert into Inventory (ProductID, WarehouseID, Quantity, MinimumStockLevel, MaximumStockLevel, ReorderPoint, LastReorderDate, ExpectedDeliveryDate) values (37, 1, 278, 128, 1599, 369, '2019-02-28 07:04:24', '2019-02-05 16:34:43');
insert into Inventory (ProductID, WarehouseID, Quantity, MinimumStockLevel, MaximumStockLevel, ReorderPoint, LastReorderDate, ExpectedDeliveryDate) values (38, 6, 413, 153, 1999, null, '2015-07-28 12:38:41', '2006-11-12 12:09:00');
insert into Inventory (ProductID, WarehouseID, Quantity, MinimumStockLevel, MaximumStockLevel, ReorderPoint, LastReorderDate, ExpectedDeliveryDate) values (39, 7, 499, 184, 1037, 269, null, null);
insert into Inventory (ProductID, WarehouseID, Quantity, MinimumStockLevel, MaximumStockLevel, ReorderPoint, LastReorderDate, ExpectedDeliveryDate) values (40, 8, 867, 181, 1854, 313, '2012-07-25 21:56:00', null);

-- Customer
insert into Customer (CustomerID, Name, ContactInfo, Address, Email, Phone, PreferredPaymentMethod, CreditLimit, AccountStatus) values (1, 'Pavla', '604-930-1910', null, 'pstiegar0@mlb.com', '517-317-9949', 'PayPal', null, null);
insert into Customer (CustomerID, Name, ContactInfo, Address, Email, Phone, PreferredPaymentMethod, CreditLimit, AccountStatus) values (2, 'Daune', '247-304-6858', '02046 Ridgeview Court', 'dnozzolii1@dailymotion.com', '861-639-2872', 'Debit Card', 31.87, 'Inactive');
insert into Customer (CustomerID, Name, ContactInfo, Address, Email, Phone, PreferredPaymentMethod, CreditLimit, AccountStatus) values (3, 'Nevile', '681-573-1808', '99 Hudson Place', 'nwoolpert2@omniture.com', '284-481-9557', 'Credit Card', 57.35, null);
insert into Customer (CustomerID, Name, ContactInfo, Address, Email, Phone, PreferredPaymentMethod, CreditLimit, AccountStatus) values (4, 'Eustace', '661-792-2250', '1 Haas Trail', 'ecorbet3@dion.ne.jp', '751-973-4999', 'Cash', 72.25, 'Inactive');
insert into Customer (CustomerID, Name, ContactInfo, Address, Email, Phone, PreferredPaymentMethod, CreditLimit, AccountStatus) values (5, 'Elga', '396-320-1096', '47979 Grayhawk Point', 'ejudd4@blog.com', '540-889-6804', 'Credit Card', 22.53, 'Closed');
insert into Customer (CustomerID, Name, ContactInfo, Address, Email, Phone, PreferredPaymentMethod, CreditLimit, AccountStatus) values (6, 'Murray', '177-906-9755', '43 Ronald Regan Circle', null, '551-233-1800', 'Debit Card', 42.29, null);
insert into Customer (CustomerID, Name, ContactInfo, Address, Email, Phone, PreferredPaymentMethod, CreditLimit, AccountStatus) values (7, 'Lem', '530-371-7416', '01 Rieder Hill', 'lshelsher6@slideshare.net', '426-218-5978', 'Credit Card', null, 'Inactive');
insert into Customer (CustomerID, Name, ContactInfo, Address, Email, Phone, PreferredPaymentMethod, CreditLimit, AccountStatus) values (8, 'Reube', '419-493-9840', '760 Stephen Center', 'rrenfree7@issuu.com', '196-557-6457', 'Debit Card', 38.13, 'Pending');
insert into Customer (CustomerID, Name, ContactInfo, Address, Email, Phone, PreferredPaymentMethod, CreditLimit, AccountStatus) values (9, 'Sergeant', '112-639-3137', '8 Cordelia Avenue', 'sheazel8@google.de', '264-566-2847', 'Credit Card', 88.57, null);
insert into Customer (CustomerID, Name, ContactInfo, Address, Email, Phone, PreferredPaymentMethod, CreditLimit, AccountStatus) values (10, 'Valeria', '107-812-7906', null, 'vsegoe9@is.gd', '689-637-1334', null, 60.73, null);
insert into Customer (CustomerID, Name, ContactInfo, Address, Email, Phone, PreferredPaymentMethod, CreditLimit, AccountStatus) values (11, 'Dory', '246-900-1309', null, 'dcayforda@free.fr', '698-822-1727', 'PayPal', 87.32, null);
insert into Customer (CustomerID, Name, ContactInfo, Address, Email, Phone, PreferredPaymentMethod, CreditLimit, AccountStatus) values (12, 'Dwight', '675-117-2701', '66 Chinook Avenue', 'dcullingfordb@parallels.com', '116-837-1990', 'Cash', 44.61, 'Pending');
insert into Customer (CustomerID, Name, ContactInfo, Address, Email, Phone, PreferredPaymentMethod, CreditLimit, AccountStatus) values (13, 'Liliane', '851-356-4510', '811 Dayton Point', 'lbouldonc@youku.com', '219-429-1035', 'Cash', 84.35, 'Active');
insert into Customer (CustomerID, Name, ContactInfo, Address, Email, Phone, PreferredPaymentMethod, CreditLimit, AccountStatus) values (14, 'Juditha', '604-481-4282', '2479 Carberry Drive', 'jtidbaldd@slate.com', '863-897-8129', 'Credit Card', 42.38, 'Closed');
insert into Customer (CustomerID, Name, ContactInfo, Address, Email, Phone, PreferredPaymentMethod, CreditLimit, AccountStatus) values (15, 'Claudianus', '681-286-4604', '476 Anzinger Park', 'cqueyeiroe@meetup.com', '310-967-9196', 'Debit Card', 99.4, 'Inactive');
insert into Customer (CustomerID, Name, ContactInfo, Address, Email, Phone, PreferredPaymentMethod, CreditLimit, AccountStatus) values (16, 'Sayres', '771-236-4915', '9 Michigan Hill', 'slampreyf@blog.com', '795-862-3372', 'Credit Card', 32.9, 'Pending');
insert into Customer (CustomerID, Name, ContactInfo, Address, Email, Phone, PreferredPaymentMethod, CreditLimit, AccountStatus) values (17, 'Leslie', '986-612-5455', '4 Briar Crest Pass', 'leppg@unesco.org', '609-649-3920', null, null, 'Pending');
insert into Customer (CustomerID, Name, ContactInfo, Address, Email, Phone, PreferredPaymentMethod, CreditLimit, AccountStatus) values (18, 'Waring', '731-881-0894', '34765 Lotheville Avenue', 'wvickerh@fotki.com', '709-228-5038', 'Cash', 82.65, 'Inactive');
insert into Customer (CustomerID, Name, ContactInfo, Address, Email, Phone, PreferredPaymentMethod, CreditLimit, AccountStatus) values (19, 'Xenia', '374-335-3454', '44778 Hoard Place', 'xconigsbyi@go.com', '956-919-2242', 'Cash', 50.94, 'Pending');
insert into Customer (CustomerID, Name, ContactInfo, Address, Email, Phone, PreferredPaymentMethod, CreditLimit, AccountStatus) values (20, 'Jermaine', '671-460-0826', null, 'jfrancktonj@mozilla.org', '725-370-2354', 'PayPal', 74.84, 'Active');
insert into Customer (CustomerID, Name, ContactInfo, Address, Email, Phone, PreferredPaymentMethod, CreditLimit, AccountStatus) values (21, 'Lucais', '712-196-5551', null, 'lfermork@shareasale.com', '912-976-5343', 'PayPal', 98.66, 'Active');
insert into Customer (CustomerID, Name, ContactInfo, Address, Email, Phone, PreferredPaymentMethod, CreditLimit, AccountStatus) values (22, 'Ritchie', '214-407-9015', '1 Thackeray Avenue', 'rbeminsterl@army.mil', '663-805-9611', 'Debit Card', 77.66, 'Pending');
insert into Customer (CustomerID, Name, ContactInfo, Address, Email, Phone, PreferredPaymentMethod, CreditLimit, AccountStatus) values (23, 'Washington', '288-412-3803', '76 Ruskin Crossing', null, '870-165-6236', 'Credit Card', 88.37, 'Active');
insert into Customer (CustomerID, Name, ContactInfo, Address, Email, Phone, PreferredPaymentMethod, CreditLimit, AccountStatus) values (24, 'Eddy', '983-250-1185', null, 'eecclestonn@cbslocal.com', '295-553-9441', 'Cash', 80.06, 'Pending');
insert into Customer (CustomerID, Name, ContactInfo, Address, Email, Phone, PreferredPaymentMethod, CreditLimit, AccountStatus) values (25, 'Lief', '459-959-6791', '639 Dottie Hill', 'lwhiskino@e-recht24.de', '148-299-6949', 'Debit Card', 88.41, 'Closed');
insert into Customer (CustomerID, Name, ContactInfo, Address, Email, Phone, PreferredPaymentMethod, CreditLimit, AccountStatus) values (26, 'Talbot', '619-581-1496', '7807 Tennyson Junction', 'tcasarilip@github.io', '482-145-0374', 'Credit Card', 98.65, 'Closed');
insert into Customer (CustomerID, Name, ContactInfo, Address, Email, Phone, PreferredPaymentMethod, CreditLimit, AccountStatus) values (27, 'Lawton', '281-382-4852', '51 Weeping Birch Junction', 'lkibbeeq@mysql.com', '906-129-7957', 'Credit Card', null, 'Active');
insert into Customer (CustomerID, Name, ContactInfo, Address, Email, Phone, PreferredPaymentMethod, CreditLimit, AccountStatus) values (28, 'Iormina', '647-522-4916', '476 Kinsman Lane', 'iallnattr@imageshack.us', '929-278-9689', 'PayPal', 80.54, 'Active');
insert into Customer (CustomerID, Name, ContactInfo, Address, Email, Phone, PreferredPaymentMethod, CreditLimit, AccountStatus) values (29, 'Abbey', '704-971-4064', '3606 Mendota Park', 'ahulkss@360.cn', '900-843-7076', 'Debit Card', 57.93, 'Active');
insert into Customer (CustomerID, Name, ContactInfo, Address, Email, Phone, PreferredPaymentMethod, CreditLimit, AccountStatus) values (30, 'Sonia', '943-121-2021', '171 Hudson Court', null, '207-230-1245', 'Credit Card', null, 'Closed');
insert into Customer (CustomerID, Name, ContactInfo, Address, Email, Phone, PreferredPaymentMethod, CreditLimit, AccountStatus) values (31, 'Marcela', '477-973-1374', null, 'mbarffu@slashdot.org', '784-364-6314', 'Debit Card', 83.32, null);
insert into Customer (CustomerID, Name, ContactInfo, Address, Email, Phone, PreferredPaymentMethod, CreditLimit, AccountStatus) values (32, 'Findlay', '876-841-1765', null, 'fkindonv@php.net', '943-668-4155', null, 55.6, 'Inactive');
insert into Customer (CustomerID, Name, ContactInfo, Address, Email, Phone, PreferredPaymentMethod, CreditLimit, AccountStatus) values (33, 'Marcus', '657-330-2190', '698 Pearson Alley', 'mmatasovw@prlog.org', '447-258-6884', 'Cash', 57.06, 'Pending');
insert into Customer (CustomerID, Name, ContactInfo, Address, Email, Phone, PreferredPaymentMethod, CreditLimit, AccountStatus) values (34, 'Talbot', '624-320-9938', '0966 Fairview Terrace', 'tdeanex@vk.com', '279-733-7333', 'PayPal', 23.25, 'Active');
insert into Customer (CustomerID, Name, ContactInfo, Address, Email, Phone, PreferredPaymentMethod, CreditLimit, AccountStatus) values (35, 'Gunar', '744-664-8279', '1345 Anthes Place', 'gbeaginy@hostgator.com', '623-154-8054', 'Cash', 28.33, 'Inactive');
insert into Customer (CustomerID, Name, ContactInfo, Address, Email, Phone, PreferredPaymentMethod, CreditLimit, AccountStatus) values (36, 'Walt', '888-509-2738', '02 Moulton Plaza', 'wwillbournez@webmd.com', '124-931-1934', 'PayPal', 35.74, null);
insert into Customer (CustomerID, Name, ContactInfo, Address, Email, Phone, PreferredPaymentMethod, CreditLimit, AccountStatus) values (37, 'Francesca', '394-261-4162', '42 Red Cloud Center', 'fokker10@prnewswire.com', '862-109-5900', null, 64.6, 'Pending');
insert into Customer (CustomerID, Name, ContactInfo, Address, Email, Phone, PreferredPaymentMethod, CreditLimit, AccountStatus) values (38, 'Jocelin', '932-679-5005', '388 Shopko Place', 'jcordie11@chronoengine.com', '772-552-8775', 'Debit Card', null, 'Pending');
insert into Customer (CustomerID, Name, ContactInfo, Address, Email, Phone, PreferredPaymentMethod, CreditLimit, AccountStatus) values (39, 'Stormy', '673-753-3051', '14798 Hauk Hill', 'sdjakovic12@sohu.com', '555-322-1972', 'Debit Card', 77.12, null);
insert into Customer (CustomerID, Name, ContactInfo, Address, Email, Phone, PreferredPaymentMethod, CreditLimit, AccountStatus) values (40, 'Terza', '445-447-2012', '19 Lighthouse Bay Way', 'tboddam13@state.tx.us', '781-154-0261', 'Credit Card', null, 'Closed');
insert into Customer (CustomerID, Name, ContactInfo, Address, Email, Phone, PreferredPaymentMethod, CreditLimit, AccountStatus) values (41, 'Kelby', '543-237-8517', null, 'kpankethman14@amazon.de', '363-643-9036', 'Debit Card', null, 'Active');
insert into Customer (CustomerID, Name, ContactInfo, Address, Email, Phone, PreferredPaymentMethod, CreditLimit, AccountStatus) values (42, 'Baxy', '924-706-1217', '54938 Garrison Trail', 'bhouchen15@cbc.ca', '605-533-2549', 'Debit Card', 35.5, null);
insert into Customer (CustomerID, Name, ContactInfo, Address, Email, Phone, PreferredPaymentMethod, CreditLimit, AccountStatus) values (43, 'Kat', '301-535-5218', null, 'kerickson16@skype.com', '109-240-4502', 'Debit Card', 60.68, null);
insert into Customer (CustomerID, Name, ContactInfo, Address, Email, Phone, PreferredPaymentMethod, CreditLimit, AccountStatus) values (44, 'Neils', '386-123-5082', null, 'nlanfare17@163.com', '855-551-9427', 'PayPal', 32.29, 'Active');
insert into Customer (CustomerID, Name, ContactInfo, Address, Email, Phone, PreferredPaymentMethod, CreditLimit, AccountStatus) values (45, 'Inna', '380-656-5977', '4683 Maple Wood Road', 'iorans18@elegantthemes.com', '662-825-5095', 'PayPal', 55.14, 'Inactive');
insert into Customer (CustomerID, Name, ContactInfo, Address, Email, Phone, PreferredPaymentMethod, CreditLimit, AccountStatus) values (46, 'Hillary', '993-436-4413', '176 Bunting Crossing', 'hdemcak19@wikipedia.org', '645-828-0771', null, 58.79, 'Inactive');
insert into Customer (CustomerID, Name, ContactInfo, Address, Email, Phone, PreferredPaymentMethod, CreditLimit, AccountStatus) values (47, 'Katleen', '993-959-0863', '75 1st Street', 'khudel1a@narod.ru', '860-258-4109', 'Credit Card', 25.44, 'Active');
insert into Customer (CustomerID, Name, ContactInfo, Address, Email, Phone, PreferredPaymentMethod, CreditLimit, AccountStatus) values (48, 'Deny', '611-829-8871', null, 'dguion1b@webs.com', '503-942-7543', 'PayPal', 12.2, 'Active');
insert into Customer (CustomerID, Name, ContactInfo, Address, Email, Phone, PreferredPaymentMethod, CreditLimit, AccountStatus) values (49, 'Evvie', '457-944-0481', '2 Kedzie Court', 'eshaves1c@t-online.de', '268-647-6968', 'PayPal', null, 'Active');
insert into Customer (CustomerID, Name, ContactInfo, Address, Email, Phone, PreferredPaymentMethod, CreditLimit, AccountStatus) values (50, 'Fancy', '904-433-7114', '129 Vahlen Junction', 'fagg1d@surveymonkey.com', '508-198-4319', 'PayPal', 22.05, null);
insert into Customer (CustomerID, Name, ContactInfo, Address, Email, Phone, PreferredPaymentMethod, CreditLimit, AccountStatus) values (51, 'Constantia', '663-304-8807', '18277 Clemons Point', 'cbeare1e@weather.com', '273-842-4715', 'Debit Card', 47.16, 'Pending');
insert into Customer (CustomerID, Name, ContactInfo, Address, Email, Phone, PreferredPaymentMethod, CreditLimit, AccountStatus) values (52, 'Silvana', '176-319-8158', '301 Aberg Alley', 'ssidney1f@yelp.com', '865-694-3548', null, null, 'Closed');
insert into Customer (CustomerID, Name, ContactInfo, Address, Email, Phone, PreferredPaymentMethod, CreditLimit, AccountStatus) values (53, 'Melina', '366-551-9831', '5 Arrowood Place', null, '417-859-4904', 'Debit Card', 49.91, 'Pending');
insert into Customer (CustomerID, Name, ContactInfo, Address, Email, Phone, PreferredPaymentMethod, CreditLimit, AccountStatus) values (54, 'Taite', '336-379-1517', null, 'tlarciere1h@thetimes.co.uk', '740-478-1739', 'Debit Card', 52.95, 'Inactive');
insert into Customer (CustomerID, Name, ContactInfo, Address, Email, Phone, PreferredPaymentMethod, CreditLimit, AccountStatus) values (55, 'Truda', '136-810-1039', '3 Magdeline Trail', 'tdrains1i@who.int', '928-226-7558', 'Credit Card', 48.18, 'Pending');
insert into Customer (CustomerID, Name, ContactInfo, Address, Email, Phone, PreferredPaymentMethod, CreditLimit, AccountStatus) values (56, 'Dick', '913-592-9746', null, 'dstiven1j@mediafire.com', '237-337-7358', 'PayPal', 46.45, 'Inactive');
insert into Customer (CustomerID, Name, ContactInfo, Address, Email, Phone, PreferredPaymentMethod, CreditLimit, AccountStatus) values (57, 'Sherman', '271-933-3045', '2 Bashford Circle', 'sdecristoforo1k@whitehouse.gov', '603-838-2750', 'Credit Card', 18.04, 'Active');
insert into Customer (CustomerID, Name, ContactInfo, Address, Email, Phone, PreferredPaymentMethod, CreditLimit, AccountStatus) values (58, 'Noak', '864-591-3631', '7 Oriole Park', 'nnolleau1l@opera.com', '746-528-9322', 'Debit Card', 54.92, 'Inactive');
insert into Customer (CustomerID, Name, ContactInfo, Address, Email, Phone, PreferredPaymentMethod, CreditLimit, AccountStatus) values (59, 'Phillipp', '995-350-8415', '0 Lake View Lane', 'pmcconway1m@army.mil', '281-208-1513', 'PayPal', null, 'Active');
insert into Customer (CustomerID, Name, ContactInfo, Address, Email, Phone, PreferredPaymentMethod, CreditLimit, AccountStatus) values (60, 'Marylinda', '801-501-0398', '5 Service Park', 'mstiebler1n@shinystat.com', '380-492-0462', 'Cash', null, 'Closed');
insert into Customer (CustomerID, Name, ContactInfo, Address, Email, Phone, PreferredPaymentMethod, CreditLimit, AccountStatus) values (61, 'Bev', '489-818-6219', '679 Paget Place', 'bpennells1o@examiner.com', '239-114-0296', 'Credit Card', 53.56, 'Active');
insert into Customer (CustomerID, Name, ContactInfo, Address, Email, Phone, PreferredPaymentMethod, CreditLimit, AccountStatus) values (62, 'Maddy', '162-595-9651', '9562 Hauk Terrace', 'mtewnion1p@berkeley.edu', '715-503-0664', null, 77.24, 'Inactive');
insert into Customer (CustomerID, Name, ContactInfo, Address, Email, Phone, PreferredPaymentMethod, CreditLimit, AccountStatus) values (63, 'Willie', '363-842-3295', null, 'wmourge1q@squarespace.com', '746-885-6255', 'Credit Card', 87.09, 'Pending');
insert into Customer (CustomerID, Name, ContactInfo, Address, Email, Phone, PreferredPaymentMethod, CreditLimit, AccountStatus) values (64, 'Elvira', '712-304-1185', '237 Anniversary Crossing', 'ealdous1r@domainmarket.com', '283-900-2207', 'PayPal', 51.12, null);
insert into Customer (CustomerID, Name, ContactInfo, Address, Email, Phone, PreferredPaymentMethod, CreditLimit, AccountStatus) values (65, 'Lynn', '664-570-6299', '635 Eagan Lane', 'lreddings1s@arstechnica.com', '359-579-3989', 'Debit Card', 57.95, null);
insert into Customer (CustomerID, Name, ContactInfo, Address, Email, Phone, PreferredPaymentMethod, CreditLimit, AccountStatus) values (66, 'Loutitia', '507-485-3650', '7 Hoffman Hill', 'ldewilde1t@bizjournals.com', '700-492-6971', 'Debit Card', 37.41, 'Pending');
insert into Customer (CustomerID, Name, ContactInfo, Address, Email, Phone, PreferredPaymentMethod, CreditLimit, AccountStatus) values (67, 'Shanan', '357-702-6335', null, 'shounsham1u@dagondesign.com', '338-258-2578', 'Credit Card', 58.72, 'Active');
insert into Customer (CustomerID, Name, ContactInfo, Address, Email, Phone, PreferredPaymentMethod, CreditLimit, AccountStatus) values (68, 'Pattie', '163-420-5866', null, 'pbaysting1v@youtu.be', '686-787-0542', 'Cash', 48.68, 'Inactive');
insert into Customer (CustomerID, Name, ContactInfo, Address, Email, Phone, PreferredPaymentMethod, CreditLimit, AccountStatus) values (69, 'Sukey', '406-936-8718', null, 'slabba1w@tumblr.com', '569-908-2945', null, 52.78, 'Pending');
insert into Customer (CustomerID, Name, ContactInfo, Address, Email, Phone, PreferredPaymentMethod, CreditLimit, AccountStatus) values (70, 'Faydra', '526-196-0663', null, 'fselesnick1x@house.gov', '562-553-5003', null, 88.65, 'Closed');
insert into Customer (CustomerID, Name, ContactInfo, Address, Email, Phone, PreferredPaymentMethod, CreditLimit, AccountStatus) values (71, 'Carine', '297-217-7463', '5 Gina Circle', 'cplomer1y@bbb.org', '925-542-5436', 'Cash', 32.89, 'Inactive');
insert into Customer (CustomerID, Name, ContactInfo, Address, Email, Phone, PreferredPaymentMethod, CreditLimit, AccountStatus) values (72, 'Natasha', '261-562-2394', null, 'ngrayshan1z@dagondesign.com', '140-280-9795', 'Debit Card', 42.65, 'Pending');
insert into Customer (CustomerID, Name, ContactInfo, Address, Email, Phone, PreferredPaymentMethod, CreditLimit, AccountStatus) values (73, 'Zulema', '265-863-6488', '0800 Hoffman Avenue', 'zdipietro20@upenn.edu', '617-568-4365', 'PayPal', 76.33, 'Active');
insert into Customer (CustomerID, Name, ContactInfo, Address, Email, Phone, PreferredPaymentMethod, CreditLimit, AccountStatus) values (74, 'Tiphani', '417-483-5222', '4 Schmedeman Place', null, '381-593-4970', 'Credit Card', 27.04, 'Active');
insert into Customer (CustomerID, Name, ContactInfo, Address, Email, Phone, PreferredPaymentMethod, CreditLimit, AccountStatus) values (75, 'Tremain', '347-606-7189', null, 'tcahill22@statcounter.com', '307-357-4459', 'Cash', 68.55, 'Pending');
insert into Customer (CustomerID, Name, ContactInfo, Address, Email, Phone, PreferredPaymentMethod, CreditLimit, AccountStatus) values (76, 'Harriett', '441-440-1535', null, 'hbraunter23@ucoz.com', '587-917-4800', 'Cash', 92.0, 'Active');
insert into Customer (CustomerID, Name, ContactInfo, Address, Email, Phone, PreferredPaymentMethod, CreditLimit, AccountStatus) values (77, 'Huntington', '462-941-5287', '0 International Avenue', 'hgibling24@nhs.uk', '110-492-8702', 'PayPal', 42.76, 'Active');
insert into Customer (CustomerID, Name, ContactInfo, Address, Email, Phone, PreferredPaymentMethod, CreditLimit, AccountStatus) values (78, 'Zarah', '480-441-7036', null, 'zpraill25@reference.com', '521-376-9517', null, 45.15, 'Inactive');
insert into Customer (CustomerID, Name, ContactInfo, Address, Email, Phone, PreferredPaymentMethod, CreditLimit, AccountStatus) values (79, 'Piggy', '176-267-6161', '3870 Scoville Street', 'prubertelli26@hc360.com', '685-107-7161', 'Debit Card', 89.46, 'Active');
insert into Customer (CustomerID, Name, ContactInfo, Address, Email, Phone, PreferredPaymentMethod, CreditLimit, AccountStatus) values (80, 'Gerti', '248-752-9055', '0206 Village Alley', 'gswett27@unicef.org', '284-195-4365', 'Cash', 51.97, 'Pending');
insert into Customer (CustomerID, Name, ContactInfo, Address, Email, Phone, PreferredPaymentMethod, CreditLimit, AccountStatus) values (81, 'Vinson', '630-204-6267', '26304 North Way', 'vtucker28@homestead.com', '768-956-3604', 'PayPal', 47.87, 'Closed');
insert into Customer (CustomerID, Name, ContactInfo, Address, Email, Phone, PreferredPaymentMethod, CreditLimit, AccountStatus) values (82, 'Nataniel', '524-571-8908', null, 'nvanyard29@woothemes.com', '717-829-7642', 'Credit Card', 72.13, null);
insert into Customer (CustomerID, Name, ContactInfo, Address, Email, Phone, PreferredPaymentMethod, CreditLimit, AccountStatus) values (83, 'Bo', '198-329-2240', '6 Scott Street', 'belia2a@google.com.hk', '757-535-8001', 'PayPal', 76.92, 'Pending');
insert into Customer (CustomerID, Name, ContactInfo, Address, Email, Phone, PreferredPaymentMethod, CreditLimit, AccountStatus) values (84, 'Courtney', '756-598-7175', '28303 Dawn Pass', 'csamarth2b@usgs.gov', '781-227-6814', 'Cash', 46.02, 'Closed');
insert into Customer (CustomerID, Name, ContactInfo, Address, Email, Phone, PreferredPaymentMethod, CreditLimit, AccountStatus) values (85, 'Kristina', '975-703-4110', '10 Dahle Terrace', 'kwelbeck2c@google.com', '859-830-8914', 'Debit Card', null, 'Inactive');
insert into Customer (CustomerID, Name, ContactInfo, Address, Email, Phone, PreferredPaymentMethod, CreditLimit, AccountStatus) values (86, 'Arvin', '662-831-2231', '07 Fairfield Way', 'abelcham2d@prnewswire.com', '540-508-2920', 'PayPal', 34.61, 'Closed');
insert into Customer (CustomerID, Name, ContactInfo, Address, Email, Phone, PreferredPaymentMethod, CreditLimit, AccountStatus) values (87, 'Catriona', '504-979-4045', '52 Anniversary Junction', 'cmatteau2e@answers.com', '774-860-1877', 'PayPal', null, 'Pending');
insert into Customer (CustomerID, Name, ContactInfo, Address, Email, Phone, PreferredPaymentMethod, CreditLimit, AccountStatus) values (88, 'Lita', '430-842-6391', '907 Schlimgen Alley', 'lhabbon2f@berkeley.edu', '861-616-0992', 'Credit Card', 35.27, 'Closed');
insert into Customer (CustomerID, Name, ContactInfo, Address, Email, Phone, PreferredPaymentMethod, CreditLimit, AccountStatus) values (89, 'Andonis', '949-787-5624', null, 'abigby2g@yandex.ru', '355-437-4711', 'Credit Card', 48.67, 'Inactive');
insert into Customer (CustomerID, Name, ContactInfo, Address, Email, Phone, PreferredPaymentMethod, CreditLimit, AccountStatus) values (90, 'Chelsae', '798-929-4261', '37 Rusk Park', 'cdedenham2h@arizona.edu', '620-100-0933', 'Debit Card', 50.75, 'Inactive');
insert into Customer (CustomerID, Name, ContactInfo, Address, Email, Phone, PreferredPaymentMethod, CreditLimit, AccountStatus) values (91, 'Oriana', '875-994-5703', '93126 Farmco Crossing', 'omcgroarty2i@goo.ne.jp', '236-107-5832', 'Cash', 86.65, 'Active');
insert into Customer (CustomerID, Name, ContactInfo, Address, Email, Phone, PreferredPaymentMethod, CreditLimit, AccountStatus) values (92, 'Ema', '292-874-1551', '054 Emmet Circle', 'eespinal2j@sogou.com', '707-204-2139', 'Cash', 80.83, 'Inactive');
insert into Customer (CustomerID, Name, ContactInfo, Address, Email, Phone, PreferredPaymentMethod, CreditLimit, AccountStatus) values (93, 'Lawrence', '788-172-8347', '2501 Hollow Ridge Park', 'ldownse2k@baidu.com', '888-184-8757', 'Credit Card', 61.3, 'Inactive');
insert into Customer (CustomerID, Name, ContactInfo, Address, Email, Phone, PreferredPaymentMethod, CreditLimit, AccountStatus) values (94, 'Mead', '823-162-7249', '1780 Jay Place', 'mgardner2l@admin.ch', '171-873-4867', 'Debit Card', null, 'Active');
insert into Customer (CustomerID, Name, ContactInfo, Address, Email, Phone, PreferredPaymentMethod, CreditLimit, AccountStatus) values (95, 'Berti', '567-232-6709', '936 Moose Pass', 'bsapwell2m@dot.gov', '571-697-1324', 'PayPal', 74.21, 'Pending');
insert into Customer (CustomerID, Name, ContactInfo, Address, Email, Phone, PreferredPaymentMethod, CreditLimit, AccountStatus) values (96, 'Ernestine', '341-428-6099', '36237 New Castle Road', 'ecroan2n@example.com', '419-995-1550', 'Credit Card', null, 'Closed');
insert into Customer (CustomerID, Name, ContactInfo, Address, Email, Phone, PreferredPaymentMethod, CreditLimit, AccountStatus) values (97, 'Fayth', '479-834-3698', '1401 Fairfield Junction', 'fstribling2o@dedecms.com', '840-777-5997', 'Cash', 20.16, 'Active');
insert into Customer (CustomerID, Name, ContactInfo, Address, Email, Phone, PreferredPaymentMethod, CreditLimit, AccountStatus) values (98, 'Armando', '759-766-4585', '87 Fremont Point', 'awaterhouse2p@nih.gov', '304-504-9215', 'PayPal', 30.65, null);
insert into Customer (CustomerID, Name, ContactInfo, Address, Email, Phone, PreferredPaymentMethod, CreditLimit, AccountStatus) values (99, 'Bryon', '353-518-4849', null, 'bmaccard2q@myspace.com', '174-326-6830', 'PayPal', null, 'Active');
insert into Customer (CustomerID, Name, ContactInfo, Address, Email, Phone, PreferredPaymentMethod, CreditLimit, AccountStatus) values (100, 'Bartlet', '369-229-4821', null, 'bfarrens2r@squidoo.com', '608-898-8766', 'Credit Card', 89.92, 'Active');
insert into Customer (CustomerID, Name, ContactInfo, Address, Email, Phone, PreferredPaymentMethod, CreditLimit, AccountStatus) values (101, 'Alexia', '288-975-6654', '3 Vernon Trail', 'asmaile2s@mashable.com', '466-445-7263', 'Cash', 79.81, 'Pending');
insert into Customer (CustomerID, Name, ContactInfo, Address, Email, Phone, PreferredPaymentMethod, CreditLimit, AccountStatus) values (102, 'Hilliary', '836-639-6335', '006 Porter Circle', 'hbaggalley2t@illinois.edu', '752-826-4450', 'Cash', 61.96, 'Closed');
insert into Customer (CustomerID, Name, ContactInfo, Address, Email, Phone, PreferredPaymentMethod, CreditLimit, AccountStatus) values (103, 'Kale', '974-986-6952', '0034 Prentice Pass', 'kcominello2u@1688.com', '168-418-0678', 'Cash', null, 'Active');
insert into Customer (CustomerID, Name, ContactInfo, Address, Email, Phone, PreferredPaymentMethod, CreditLimit, AccountStatus) values (104, 'Cliff', '710-144-8902', '120 Erie Avenue', 'cmaccook2v@so-net.ne.jp', '380-115-9731', 'Credit Card', 77.11, 'Active');
insert into Customer (CustomerID, Name, ContactInfo, Address, Email, Phone, PreferredPaymentMethod, CreditLimit, AccountStatus) values (105, 'Thedrick', '893-626-9726', '25 Walton Junction', 'tronisch2w@dion.ne.jp', '140-728-4395', 'Debit Card', 47.37, 'Active');
insert into Customer (CustomerID, Name, ContactInfo, Address, Email, Phone, PreferredPaymentMethod, CreditLimit, AccountStatus) values (106, 'Joella', '705-884-0071', null, null, '741-385-3078', 'Credit Card', 95.12, 'Active');
insert into Customer (CustomerID, Name, ContactInfo, Address, Email, Phone, PreferredPaymentMethod, CreditLimit, AccountStatus) values (107, 'Cyndi', '335-736-8131', '39624 Shoshone Place', 'chollidge2y@mac.com', '547-586-7250', null, 29.06, 'Active');
insert into Customer (CustomerID, Name, ContactInfo, Address, Email, Phone, PreferredPaymentMethod, CreditLimit, AccountStatus) values (108, 'Lorrin', '571-543-3010', '79702 Randy Pass', 'ldellabbate2z@shareasale.com', '110-975-2622', 'Cash', 84.06, 'Closed');
insert into Customer (CustomerID, Name, ContactInfo, Address, Email, Phone, PreferredPaymentMethod, CreditLimit, AccountStatus) values (109, 'Alaric', '874-717-0955', '7298 Esker Hill', 'anewcom30@statcounter.com', '592-270-6259', 'Credit Card', 19.9, 'Inactive');
insert into Customer (CustomerID, Name, ContactInfo, Address, Email, Phone, PreferredPaymentMethod, CreditLimit, AccountStatus) values (110, 'Marven', '828-838-8043', '0 Namekagon Point', 'malvey31@vinaora.com', '214-490-7495', 'Debit Card', 83.13, 'Closed');
insert into Customer (CustomerID, Name, ContactInfo, Address, Email, Phone, PreferredPaymentMethod, CreditLimit, AccountStatus) values (111, 'Fenelia', '882-789-9843', '92064 Colorado Road', 'fbradlaugh32@marketwatch.com', '690-239-1760', 'Credit Card', null, 'Pending');
insert into Customer (CustomerID, Name, ContactInfo, Address, Email, Phone, PreferredPaymentMethod, CreditLimit, AccountStatus) values (112, 'Inness', '258-945-8912', '1 Logan Center', 'imallabone33@thetimes.co.uk', '484-456-3158', 'Cash', 42.48, 'Pending');
insert into Customer (CustomerID, Name, ContactInfo, Address, Email, Phone, PreferredPaymentMethod, CreditLimit, AccountStatus) values (113, 'Steffie', '681-782-8177', '81 Larry Trail', 'sivashin34@123-reg.co.uk', '217-552-1027', 'PayPal', null, 'Closed');
insert into Customer (CustomerID, Name, ContactInfo, Address, Email, Phone, PreferredPaymentMethod, CreditLimit, AccountStatus) values (114, 'Jemimah', '643-655-3354', '68 Tony Parkway', 'jassur35@umich.edu', '846-818-3074', 'PayPal', 44.41, 'Active');
insert into Customer (CustomerID, Name, ContactInfo, Address, Email, Phone, PreferredPaymentMethod, CreditLimit, AccountStatus) values (115, 'Marielle', '999-188-4173', '427 Susan Lane', null, '648-211-4932', 'PayPal', null, 'Pending');
insert into Customer (CustomerID, Name, ContactInfo, Address, Email, Phone, PreferredPaymentMethod, CreditLimit, AccountStatus) values (116, 'Mahmoud', '967-979-4490', '681 David Plaza', 'mcallum37@si.edu', '912-330-8197', 'Debit Card', 62.75, 'Inactive');
insert into Customer (CustomerID, Name, ContactInfo, Address, Email, Phone, PreferredPaymentMethod, CreditLimit, AccountStatus) values (117, 'Tito', '361-353-7027', '058 Canary Trail', 'tmahmood38@fda.gov', '687-960-5205', 'Credit Card', 13.6, 'Closed');
insert into Customer (CustomerID, Name, ContactInfo, Address, Email, Phone, PreferredPaymentMethod, CreditLimit, AccountStatus) values (118, 'Ange', '504-417-8294', '6565 Maywood Junction', 'akennerley39@goo.ne.jp', '181-875-7681', 'Cash', 42.35, 'Active');
insert into Customer (CustomerID, Name, ContactInfo, Address, Email, Phone, PreferredPaymentMethod, CreditLimit, AccountStatus) values (119, 'Jaye', '274-276-5574', '59830 Morrow Pass', 'jdorosario3a@pagesperso-orange.fr', '626-802-8418', 'Cash', 46.5, null);
insert into Customer (CustomerID, Name, ContactInfo, Address, Email, Phone, PreferredPaymentMethod, CreditLimit, AccountStatus) values (120, 'Adan', '660-350-3941', '14881 Center Park', 'abikker3b@jimdo.com', '244-335-9392', 'PayPal', 59.46, 'Pending');
insert into Customer (CustomerID, Name, ContactInfo, Address, Email, Phone, PreferredPaymentMethod, CreditLimit, AccountStatus) values (121, 'Morgen', '274-301-3698', '61 Warrior Trail', 'mjeannet3c@state.tx.us', '639-433-0436', 'PayPal', 93.3, 'Active');
insert into Customer (CustomerID, Name, ContactInfo, Address, Email, Phone, PreferredPaymentMethod, CreditLimit, AccountStatus) values (122, 'Max', '562-172-1498', '397 Dryden Terrace', 'mizkovitz3d@digg.com', '975-605-4140', 'Debit Card', 12.5, 'Closed');
insert into Customer (CustomerID, Name, ContactInfo, Address, Email, Phone, PreferredPaymentMethod, CreditLimit, AccountStatus) values (123, 'Innis', '486-961-2420', '2839 Vernon Alley', 'ivasyunichev3e@deviantart.com', '159-962-0000', 'Credit Card', 28.45, 'Active');
insert into Customer (CustomerID, Name, ContactInfo, Address, Email, Phone, PreferredPaymentMethod, CreditLimit, AccountStatus) values (124, 'Moshe', '333-526-4848', '8796 Merchant Point', 'mpettifor3f@geocities.jp', '361-364-6449', 'Cash', 81.05, 'Inactive');
insert into Customer (CustomerID, Name, ContactInfo, Address, Email, Phone, PreferredPaymentMethod, CreditLimit, AccountStatus) values (125, 'Jorey', '153-408-2655', '8 High Crossing Court', 'jgranleese3g@posterous.com', '938-505-3572', 'Debit Card', null, 'Closed');
insert into Customer (CustomerID, Name, ContactInfo, Address, Email, Phone, PreferredPaymentMethod, CreditLimit, AccountStatus) values (126, 'Sherline', '519-183-0541', null, 'sfrobisher3h@timesonline.co.uk', '744-760-0534', 'Cash', 53.93, 'Active');
insert into Customer (CustomerID, Name, ContactInfo, Address, Email, Phone, PreferredPaymentMethod, CreditLimit, AccountStatus) values (127, 'Georas', '483-471-9805', '908 Badeau Circle', 'gcelez3i@wordpress.com', '285-708-3115', 'Credit Card', 37.59, 'Active');
insert into Customer (CustomerID, Name, ContactInfo, Address, Email, Phone, PreferredPaymentMethod, CreditLimit, AccountStatus) values (128, 'Briant', '262-167-8230', '474 Charing Cross Plaza', 'bebsworth3j@com.com', '921-923-9438', 'Credit Card', 97.97, 'Pending');
insert into Customer (CustomerID, Name, ContactInfo, Address, Email, Phone, PreferredPaymentMethod, CreditLimit, AccountStatus) values (129, 'Kippie', '354-616-4623', '4885 Jenifer Drive', 'kklaassens3k@mapy.cz', '499-689-5325', 'Cash', null, 'Pending');
insert into Customer (CustomerID, Name, ContactInfo, Address, Email, Phone, PreferredPaymentMethod, CreditLimit, AccountStatus) values (130, 'Bordy', '217-317-3541', '12 Hauk Road', 'bdonisi3l@berkeley.edu', '239-166-7411', 'Debit Card', 19.27, 'Pending');
insert into Customer (CustomerID, Name, ContactInfo, Address, Email, Phone, PreferredPaymentMethod, CreditLimit, AccountStatus) values (131, 'Sacha', '292-795-9688', '38711 Rutledge Avenue', 'smcallen3m@omniture.com', '866-619-5309', 'Cash', null, 'Inactive');
insert into Customer (CustomerID, Name, ContactInfo, Address, Email, Phone, PreferredPaymentMethod, CreditLimit, AccountStatus) values (132, 'Jeff', '814-573-6791', '5 Moland Parkway', 'jdogg3n@amazon.co.uk', '985-259-1280', 'Cash', 99.19, 'Closed');
insert into Customer (CustomerID, Name, ContactInfo, Address, Email, Phone, PreferredPaymentMethod, CreditLimit, AccountStatus) values (133, 'Dame', '646-872-6932', '97 Vermont Pass', 'daddis3o@squarespace.com', '945-355-4408', 'PayPal', 30.61, 'Closed');
insert into Customer (CustomerID, Name, ContactInfo, Address, Email, Phone, PreferredPaymentMethod, CreditLimit, AccountStatus) values (134, 'Rosemary', '187-241-4570', '293 Killdeer Trail', 'rottosen3p@multiply.com', '205-762-6236', null, 32.87, 'Active');
insert into Customer (CustomerID, Name, ContactInfo, Address, Email, Phone, PreferredPaymentMethod, CreditLimit, AccountStatus) values (135, 'Cyrillus', '872-897-6698', '26585 Heffernan Lane', 'cdarbey3q@hud.gov', '152-683-3799', 'Debit Card', null, 'Closed');
insert into Customer (CustomerID, Name, ContactInfo, Address, Email, Phone, PreferredPaymentMethod, CreditLimit, AccountStatus) values (136, 'Earlie', '904-336-7825', null, 'epere3r@blogtalkradio.com', '673-585-2985', 'Debit Card', 59.16, 'Closed');
insert into Customer (CustomerID, Name, ContactInfo, Address, Email, Phone, PreferredPaymentMethod, CreditLimit, AccountStatus) values (137, 'Farrell', '793-583-9845', '12702 Kedzie Lane', 'ftaffley3s@mysql.com', '435-467-8483', 'Cash', null, 'Inactive');
insert into Customer (CustomerID, Name, ContactInfo, Address, Email, Phone, PreferredPaymentMethod, CreditLimit, AccountStatus) values (138, 'Ulick', '209-168-9470', '1 Manufacturers Junction', 'ubedinham3t@cnet.com', '114-941-5275', 'PayPal', 92.23, 'Active');
insert into Customer (CustomerID, Name, ContactInfo, Address, Email, Phone, PreferredPaymentMethod, CreditLimit, AccountStatus) values (139, 'Noah', '448-117-7475', '42962 Truax Trail', 'nabelov3u@webeden.co.uk', '300-455-5030', 'Credit Card', 56.39, 'Pending');
insert into Customer (CustomerID, Name, ContactInfo, Address, Email, Phone, PreferredPaymentMethod, CreditLimit, AccountStatus) values (140, 'Leia', '770-768-8795', '733 Crest Line Center', 'lskala3v@chicagotribune.com', '259-285-0480', 'PayPal', null, 'Active');
insert into Customer (CustomerID, Name, ContactInfo, Address, Email, Phone, PreferredPaymentMethod, CreditLimit, AccountStatus) values (141, 'Bron', '271-222-8501', '02533 Northview Trail', null, '367-363-6008', null, 33.63, null);
insert into Customer (CustomerID, Name, ContactInfo, Address, Email, Phone, PreferredPaymentMethod, CreditLimit, AccountStatus) values (142, 'Bengt', '749-324-9428', null, 'bkem3x@ustream.tv', '247-363-8058', 'Debit Card', 85.94, 'Inactive');
insert into Customer (CustomerID, Name, ContactInfo, Address, Email, Phone, PreferredPaymentMethod, CreditLimit, AccountStatus) values (143, 'Mile', '709-907-4681', '085 Namekagon Court', 'mbulward3y@4shared.com', '865-715-1296', 'Debit Card', 67.58, 'Active');
insert into Customer (CustomerID, Name, ContactInfo, Address, Email, Phone, PreferredPaymentMethod, CreditLimit, AccountStatus) values (144, 'Arlina', '410-697-0113', '57986 Muir Place', null, '970-149-8286', 'Credit Card', 82.23, 'Active');
insert into Customer (CustomerID, Name, ContactInfo, Address, Email, Phone, PreferredPaymentMethod, CreditLimit, AccountStatus) values (145, 'Roddy', '555-684-2675', '86567 Hauk Road', 'rgormley40@oakley.com', '873-111-5761', null, 62.38, 'Inactive');
insert into Customer (CustomerID, Name, ContactInfo, Address, Email, Phone, PreferredPaymentMethod, CreditLimit, AccountStatus) values (146, 'Yoshiko', '199-963-5563', '3 Cascade Crossing', 'ybinns41@telegraph.co.uk', '883-872-1110', 'Credit Card', 97.7, 'Pending');
insert into Customer (CustomerID, Name, ContactInfo, Address, Email, Phone, PreferredPaymentMethod, CreditLimit, AccountStatus) values (147, 'Julio', '440-573-2736', '7 Stuart Drive', 'jludye42@smh.com.au', '668-594-6563', 'PayPal', null, 'Inactive');
insert into Customer (CustomerID, Name, ContactInfo, Address, Email, Phone, PreferredPaymentMethod, CreditLimit, AccountStatus) values (148, 'Regen', '739-292-2881', '19804 Mayer Street', 'rleppington43@webeden.co.uk', '674-963-7387', 'PayPal', 62.76, 'Pending');
insert into Customer (CustomerID, Name, ContactInfo, Address, Email, Phone, PreferredPaymentMethod, CreditLimit, AccountStatus) values (149, 'Hobart', '388-140-8688', null, 'hhuortic44@pen.io', '647-998-0555', 'Debit Card', null, 'Pending');
insert into Customer (CustomerID, Name, ContactInfo, Address, Email, Phone, PreferredPaymentMethod, CreditLimit, AccountStatus) values (150, 'Chlo', '988-847-0896', '00 Harper Parkway', 'cswalwell45@eventbrite.com', '863-610-0310', 'PayPal', 10.9, 'Inactive');
insert into Customer (CustomerID, Name, ContactInfo, Address, Email, Phone, PreferredPaymentMethod, CreditLimit, AccountStatus) values (151, 'Rosabella', '803-967-7770', '0 Hagan Plaza', 'rtreby46@ustream.tv', '527-106-1244', 'Credit Card', 48.89, 'Closed');
insert into Customer (CustomerID, Name, ContactInfo, Address, Email, Phone, PreferredPaymentMethod, CreditLimit, AccountStatus) values (152, 'Catie', '444-288-4538', '62 Mandrake Street', 'crenzo47@bravesites.com', '317-945-6832', 'Cash', 77.39, 'Closed');
insert into Customer (CustomerID, Name, ContactInfo, Address, Email, Phone, PreferredPaymentMethod, CreditLimit, AccountStatus) values (153, 'Edmon', '156-790-6744', '2 2nd Trail', 'emazzei48@uol.com.br', '908-959-5882', 'Debit Card', null, 'Active');
insert into Customer (CustomerID, Name, ContactInfo, Address, Email, Phone, PreferredPaymentMethod, CreditLimit, AccountStatus) values (154, 'Christy', '372-962-6901', '6 Melby Street', 'cguest49@loc.gov', '776-430-5228', null, 27.89, 'Inactive');
insert into Customer (CustomerID, Name, ContactInfo, Address, Email, Phone, PreferredPaymentMethod, CreditLimit, AccountStatus) values (155, 'Ali', '247-514-4006', '3049 Memorial Way', 'akordes4a@oakley.com', '127-218-4462', 'Credit Card', 43.36, 'Closed');
insert into Customer (CustomerID, Name, ContactInfo, Address, Email, Phone, PreferredPaymentMethod, CreditLimit, AccountStatus) values (156, 'Samson', '287-823-4698', '8 Esker Park', 'shuckster4b@i2i.jp', '769-678-8311', 'Credit Card', 67.0, 'Closed');
insert into Customer (CustomerID, Name, ContactInfo, Address, Email, Phone, PreferredPaymentMethod, CreditLimit, AccountStatus) values (157, 'Tandie', '397-447-5472', '32 Forster Parkway', null, '425-845-9689', 'Debit Card', 26.0, 'Active');
insert into Customer (CustomerID, Name, ContactInfo, Address, Email, Phone, PreferredPaymentMethod, CreditLimit, AccountStatus) values (158, 'Troy', '518-351-2652', '2 Granby Lane', 'treddlesden4d@themeforest.net', '536-980-2686', 'Credit Card', 52.38, 'Active');
insert into Customer (CustomerID, Name, ContactInfo, Address, Email, Phone, PreferredPaymentMethod, CreditLimit, AccountStatus) values (159, 'Lorilyn', '573-865-8689', '03 Meadow Vale Park', 'lmatis4e@ow.ly', '353-408-9478', 'Debit Card', null, null);
insert into Customer (CustomerID, Name, ContactInfo, Address, Email, Phone, PreferredPaymentMethod, CreditLimit, AccountStatus) values (160, 'Zak', '917-948-0656', null, 'zborit4f@globo.com', '111-795-4589', 'PayPal', 61.07, 'Closed');
insert into Customer (CustomerID, Name, ContactInfo, Address, Email, Phone, PreferredPaymentMethod, CreditLimit, AccountStatus) values (161, 'Maximilien', '291-534-5940', '75069 New Castle Crossing', 'mverling4g@ibm.com', '515-729-2752', 'Debit Card', 39.72, 'Closed');
insert into Customer (CustomerID, Name, ContactInfo, Address, Email, Phone, PreferredPaymentMethod, CreditLimit, AccountStatus) values (162, 'Fifine', '297-179-1671', '27 Kingsford Road', 'fgarron4h@google.es', '202-696-6124', 'Debit Card', 81.43, 'Inactive');
insert into Customer (CustomerID, Name, ContactInfo, Address, Email, Phone, PreferredPaymentMethod, CreditLimit, AccountStatus) values (163, 'Niles', '990-401-0392', '10458 Morrow Junction', 'nnewby4i@amazon.co.jp', '695-199-4703', 'Cash', 29.29, 'Closed');
insert into Customer (CustomerID, Name, ContactInfo, Address, Email, Phone, PreferredPaymentMethod, CreditLimit, AccountStatus) values (164, 'Abbye', '865-695-4544', '353 Oak Center', 'ascholler4j@pbs.org', '198-241-5109', 'Debit Card', 93.64, 'Active');
insert into Customer (CustomerID, Name, ContactInfo, Address, Email, Phone, PreferredPaymentMethod, CreditLimit, AccountStatus) values (165, 'Robenia', '947-461-5233', '23 Scott Street', 'rfarres4k@cdc.gov', '119-872-2684', 'Cash', 22.59, 'Closed');
insert into Customer (CustomerID, Name, ContactInfo, Address, Email, Phone, PreferredPaymentMethod, CreditLimit, AccountStatus) values (166, 'Myrna', '962-336-9233', '788 Dexter Park', 'mjoscelin4l@amazon.co.uk', '346-438-8486', 'Credit Card', null, 'Active');
insert into Customer (CustomerID, Name, ContactInfo, Address, Email, Phone, PreferredPaymentMethod, CreditLimit, AccountStatus) values (167, 'Tabbitha', '803-352-3349', '25915 Eastwood Pass', 'tpau4m@blinklist.com', '610-695-5993', 'Debit Card', null, null);
insert into Customer (CustomerID, Name, ContactInfo, Address, Email, Phone, PreferredPaymentMethod, CreditLimit, AccountStatus) values (168, 'Anna', '387-779-8504', '66 Pawling Circle', 'avance4n@shinystat.com', '338-726-5038', 'PayPal', 43.02, 'Closed');
insert into Customer (CustomerID, Name, ContactInfo, Address, Email, Phone, PreferredPaymentMethod, CreditLimit, AccountStatus) values (169, 'Cloris', '617-769-5788', '67 Lerdahl Drive', 'cdalesco4o@instagram.com', '494-526-6907', null, 13.56, 'Active');
insert into Customer (CustomerID, Name, ContactInfo, Address, Email, Phone, PreferredPaymentMethod, CreditLimit, AccountStatus) values (170, 'Giavani', '312-156-4797', '1 Harper Crossing', null, '156-115-9610', 'Debit Card', 49.75, 'Pending');
insert into Customer (CustomerID, Name, ContactInfo, Address, Email, Phone, PreferredPaymentMethod, CreditLimit, AccountStatus) values (171, 'Orelie', '645-795-9211', '75942 Arkansas Crossing', 'oscawn4q@marriott.com', '410-243-6556', 'PayPal', 90.29, null);
insert into Customer (CustomerID, Name, ContactInfo, Address, Email, Phone, PreferredPaymentMethod, CreditLimit, AccountStatus) values (172, 'Sybyl', '786-802-2038', '3107 Clemons Street', 'sbails4r@harvard.edu', '418-857-2196', 'PayPal', 33.54, 'Inactive');
insert into Customer (CustomerID, Name, ContactInfo, Address, Email, Phone, PreferredPaymentMethod, CreditLimit, AccountStatus) values (173, 'Glynnis', '295-803-9412', '53 Anniversary Street', 'gspehr4s@vinaora.com', '362-697-1211', 'Credit Card', null, 'Active');
insert into Customer (CustomerID, Name, ContactInfo, Address, Email, Phone, PreferredPaymentMethod, CreditLimit, AccountStatus) values (174, 'Shaylynn', '818-501-7855', '57 Vernon Point', 'ssummersby4t@blogger.com', '726-336-1871', 'Cash', 27.69, 'Pending');
insert into Customer (CustomerID, Name, ContactInfo, Address, Email, Phone, PreferredPaymentMethod, CreditLimit, AccountStatus) values (175, 'Rich', '114-222-5938', '14090 Jenna Pass', 'rgutteridge4u@dailymail.co.uk', '429-983-4573', 'PayPal', 53.51, 'Inactive');
insert into Customer (CustomerID, Name, ContactInfo, Address, Email, Phone, PreferredPaymentMethod, CreditLimit, AccountStatus) values (176, 'Daile', '382-969-1282', null, 'dmaxwell4v@jigsy.com', '683-361-9093', null, 43.6, 'Inactive');
insert into Customer (CustomerID, Name, ContactInfo, Address, Email, Phone, PreferredPaymentMethod, CreditLimit, AccountStatus) values (177, 'Vikki', '648-492-5062', '71 Jackson Parkway', 'vstilling4w@dagondesign.com', '174-707-7224', null, 86.82, 'Closed');
insert into Customer (CustomerID, Name, ContactInfo, Address, Email, Phone, PreferredPaymentMethod, CreditLimit, AccountStatus) values (178, 'Maurie', '681-431-0197', '65219 Banding Plaza', 'mlindemann4x@cbsnews.com', '977-874-3036', 'Cash', 76.92, 'Active');
insert into Customer (CustomerID, Name, ContactInfo, Address, Email, Phone, PreferredPaymentMethod, CreditLimit, AccountStatus) values (179, 'Cassandry', '692-975-3502', '96283 Sloan Lane', 'csmedmore4y@free.fr', '625-257-4822', 'Debit Card', 31.47, 'Active');
insert into Customer (CustomerID, Name, ContactInfo, Address, Email, Phone, PreferredPaymentMethod, CreditLimit, AccountStatus) values (180, 'Sloan', '995-378-8429', null, 'shucquart4z@edublogs.org', '349-726-6558', 'Cash', 16.87, null);
insert into Customer (CustomerID, Name, ContactInfo, Address, Email, Phone, PreferredPaymentMethod, CreditLimit, AccountStatus) values (181, 'Desi', '426-116-9820', '56 Hudson Terrace', 'dbilborough50@opera.com', '675-986-1409', 'PayPal', null, 'Closed');
insert into Customer (CustomerID, Name, ContactInfo, Address, Email, Phone, PreferredPaymentMethod, CreditLimit, AccountStatus) values (182, 'Page', '567-847-9182', '4448 Sage Court', 'pmartschik51@dagondesign.com', '256-980-3029', 'Credit Card', 84.91, 'Active');
insert into Customer (CustomerID, Name, ContactInfo, Address, Email, Phone, PreferredPaymentMethod, CreditLimit, AccountStatus) values (183, 'Augustus', '105-258-7459', '1 Golden Leaf Plaza', 'apyffe52@umn.edu', '607-249-0714', null, 75.35, 'Closed');
insert into Customer (CustomerID, Name, ContactInfo, Address, Email, Phone, PreferredPaymentMethod, CreditLimit, AccountStatus) values (184, 'Violet', '204-458-0873', null, null, '242-217-3723', 'Cash', 63.37, 'Closed');
insert into Customer (CustomerID, Name, ContactInfo, Address, Email, Phone, PreferredPaymentMethod, CreditLimit, AccountStatus) values (185, 'Karim', '844-229-0412', '650 Arkansas Point', 'ktuffs54@1688.com', '460-822-8579', null, null, 'Closed');
insert into Customer (CustomerID, Name, ContactInfo, Address, Email, Phone, PreferredPaymentMethod, CreditLimit, AccountStatus) values (186, 'Odo', '889-107-2662', '729 Sheridan Street', 'oportriss55@hatena.ne.jp', '559-289-2413', 'PayPal', 64.52, 'Inactive');
insert into Customer (CustomerID, Name, ContactInfo, Address, Email, Phone, PreferredPaymentMethod, CreditLimit, AccountStatus) values (187, 'Garnette', '411-663-2874', '772 Birchwood Place', 'gkesper56@mapquest.com', '217-778-0933', 'Credit Card', 30.38, null);
insert into Customer (CustomerID, Name, ContactInfo, Address, Email, Phone, PreferredPaymentMethod, CreditLimit, AccountStatus) values (188, 'Teodorico', '956-858-6610', null, 'teager57@nydailynews.com', '786-832-0024', 'Credit Card', 57.25, 'Active');
insert into Customer (CustomerID, Name, ContactInfo, Address, Email, Phone, PreferredPaymentMethod, CreditLimit, AccountStatus) values (189, 'Zachary', '115-689-1040', '72289 Di Loreto Street', 'zbrannan58@prnewswire.com', '133-993-6552', 'Debit Card', 72.12, 'Closed');
insert into Customer (CustomerID, Name, ContactInfo, Address, Email, Phone, PreferredPaymentMethod, CreditLimit, AccountStatus) values (190, 'Sabrina', '874-638-6073', '9 High Crossing Circle', 'sdannel59@t.co', '356-141-8385', 'Cash', 16.24, 'Inactive');
insert into Customer (CustomerID, Name, ContactInfo, Address, Email, Phone, PreferredPaymentMethod, CreditLimit, AccountStatus) values (191, 'Jerry', '676-770-2125', '32185 Declaration Alley', 'jleggitt5a@ehow.com', '783-111-3789', 'Debit Card', 76.88, 'Inactive');
insert into Customer (CustomerID, Name, ContactInfo, Address, Email, Phone, PreferredPaymentMethod, CreditLimit, AccountStatus) values (192, 'Ula', '101-401-3220', '72512 Crownhardt Center', 'uhamper5b@foxnews.com', '869-201-8889', 'Debit Card', 86.18, null);
insert into Customer (CustomerID, Name, ContactInfo, Address, Email, Phone, PreferredPaymentMethod, CreditLimit, AccountStatus) values (193, 'Kale', '897-388-8414', '47463 Marquette Way', 'kwane5c@icio.us', '500-885-1419', 'Credit Card', 40.03, 'Closed');
insert into Customer (CustomerID, Name, ContactInfo, Address, Email, Phone, PreferredPaymentMethod, CreditLimit, AccountStatus) values (194, 'Jereme', '129-449-2674', '2537 Sloan Parkway', 'jcettell5d@omniture.com', '477-655-0924', 'Credit Card', 45.64, 'Pending');
insert into Customer (CustomerID, Name, ContactInfo, Address, Email, Phone, PreferredPaymentMethod, CreditLimit, AccountStatus) values (195, 'Stephenie', '912-685-8689', '95137 Becker Road', 'ssawter5e@noaa.gov', '278-201-4480', null, 55.64, null);
insert into Customer (CustomerID, Name, ContactInfo, Address, Email, Phone, PreferredPaymentMethod, CreditLimit, AccountStatus) values (196, 'Rhodia', '690-118-4227', '58399 Colorado Lane', 'rparmiter5f@discovery.com', '599-915-5641', 'PayPal', 36.09, 'Closed');
insert into Customer (CustomerID, Name, ContactInfo, Address, Email, Phone, PreferredPaymentMethod, CreditLimit, AccountStatus) values (197, 'Paulita', '765-636-8422', '9452 Mallory Parkway', 'phanscom5g@wsj.com', '994-224-2310', 'Credit Card', null, 'Active');
insert into Customer (CustomerID, Name, ContactInfo, Address, Email, Phone, PreferredPaymentMethod, CreditLimit, AccountStatus) values (198, 'Bartram', '601-326-8738', '82 Briar Crest Lane', 'bprescot5h@oracle.com', '774-934-7096', null, null, 'Inactive');
insert into Customer (CustomerID, Name, ContactInfo, Address, Email, Phone, PreferredPaymentMethod, CreditLimit, AccountStatus) values (199, 'Bonnee', '812-104-8632', null, 'bsherel5i@discovery.com', '503-224-6451', 'PayPal', 98.21, 'Active');
insert into Customer (CustomerID, Name, ContactInfo, Address, Email, Phone, PreferredPaymentMethod, CreditLimit, AccountStatus) values (200, 'Gweneth', '235-218-1375', '23702 Burrows Trail', 'ggee5j@weather.com', '626-589-2935', 'Cash', 33.58, 'Pending');
insert into Customer (CustomerID, Name, ContactInfo, Address, Email, Phone, PreferredPaymentMethod, CreditLimit, AccountStatus) values (201, 'Lyon', '746-429-1190', '85 Morning Trail', 'lgrumell5k@dot.gov', '178-776-0090', 'Cash', 64.84, 'Pending');
insert into Customer (CustomerID, Name, ContactInfo, Address, Email, Phone, PreferredPaymentMethod, CreditLimit, AccountStatus) values (202, 'Kellen', '955-820-3991', '2415 Jenifer Alley', 'kespinal5l@nsw.gov.au', '419-301-4758', 'Debit Card', 66.46, 'Pending');
insert into Customer (CustomerID, Name, ContactInfo, Address, Email, Phone, PreferredPaymentMethod, CreditLimit, AccountStatus) values (203, 'Samara', '514-873-0663', null, 'sohannay5m@japanpost.jp', '409-419-2013', 'Debit Card', 33.52, 'Pending');
insert into Customer (CustomerID, Name, ContactInfo, Address, Email, Phone, PreferredPaymentMethod, CreditLimit, AccountStatus) values (204, 'Ernesto', '340-402-5512', '8 3rd Crossing', 'ecolliss5n@google.de', '300-191-7527', 'Cash', 15.38, 'Inactive');
insert into Customer (CustomerID, Name, ContactInfo, Address, Email, Phone, PreferredPaymentMethod, CreditLimit, AccountStatus) values (205, 'Mortimer', '137-373-5483', '47077 7th Center', 'mcadany5o@mediafire.com', '484-725-9632', 'Debit Card', null, 'Closed');
insert into Customer (CustomerID, Name, ContactInfo, Address, Email, Phone, PreferredPaymentMethod, CreditLimit, AccountStatus) values (206, 'Brianna', '369-465-2475', '7 Ridgeway Alley', 'bhealks5p@freewebs.com', '364-300-3204', 'Cash', 93.75, 'Closed');
insert into Customer (CustomerID, Name, ContactInfo, Address, Email, Phone, PreferredPaymentMethod, CreditLimit, AccountStatus) values (207, 'Barnard', '431-705-2243', '16 Crowley Terrace', 'bmably5q@washingtonpost.com', '619-321-1130', 'Debit Card', 44.69, 'Active');
insert into Customer (CustomerID, Name, ContactInfo, Address, Email, Phone, PreferredPaymentMethod, CreditLimit, AccountStatus) values (208, 'Marketa', '566-712-2613', '22550 Sherman Junction', 'mmicklewicz5r@mayoclinic.com', '382-532-6461', 'Debit Card', null, 'Closed');
insert into Customer (CustomerID, Name, ContactInfo, Address, Email, Phone, PreferredPaymentMethod, CreditLimit, AccountStatus) values (209, 'Jeffry', '854-650-3361', null, 'jthurling5s@pinterest.com', '544-799-2633', 'Credit Card', 65.81, 'Active');
insert into Customer (CustomerID, Name, ContactInfo, Address, Email, Phone, PreferredPaymentMethod, CreditLimit, AccountStatus) values (210, 'Alison', '585-827-9463', null, 'agarrett5t@tamu.edu', '213-727-1751', 'Debit Card', 29.39, 'Closed');
insert into Customer (CustomerID, Name, ContactInfo, Address, Email, Phone, PreferredPaymentMethod, CreditLimit, AccountStatus) values (211, 'Ermin', '762-440-5322', null, 'eorsman5u@patch.com', '415-106-6644', null, null, 'Closed');
insert into Customer (CustomerID, Name, ContactInfo, Address, Email, Phone, PreferredPaymentMethod, CreditLimit, AccountStatus) values (212, 'Elfrieda', '732-517-9973', '77117 Walton Lane', 'egirardini5v@google.cn', '291-243-8643', 'PayPal', 84.19, 'Pending');
insert into Customer (CustomerID, Name, ContactInfo, Address, Email, Phone, PreferredPaymentMethod, CreditLimit, AccountStatus) values (213, 'Regan', '923-944-6888', null, 'rmcaster5w@nymag.com', '585-120-1452', 'Credit Card', 64.16, 'Inactive');
insert into Customer (CustomerID, Name, ContactInfo, Address, Email, Phone, PreferredPaymentMethod, CreditLimit, AccountStatus) values (214, 'Grayce', '770-167-6532', '52 Kings Avenue', 'gfitzgibbon5x@drupal.org', '808-404-1045', 'Cash', 68.47, null);
insert into Customer (CustomerID, Name, ContactInfo, Address, Email, Phone, PreferredPaymentMethod, CreditLimit, AccountStatus) values (215, 'Arni', '542-678-2861', null, null, '245-712-0275', 'Credit Card', 11.77, 'Active');
insert into Customer (CustomerID, Name, ContactInfo, Address, Email, Phone, PreferredPaymentMethod, CreditLimit, AccountStatus) values (216, 'Bard', '845-416-9605', '977 Fisk Street', 'bchatell5z@vk.com', '775-633-4469', null, null, 'Active');
insert into Customer (CustomerID, Name, ContactInfo, Address, Email, Phone, PreferredPaymentMethod, CreditLimit, AccountStatus) values (217, 'Hilarius', '131-227-3771', null, 'hleetham60@sitemeter.com', '148-156-5815', 'Cash', null, 'Closed');
insert into Customer (CustomerID, Name, ContactInfo, Address, Email, Phone, PreferredPaymentMethod, CreditLimit, AccountStatus) values (218, 'Anna-diana', '196-248-6570', '5 Rowland Place', 'apristnor61@usnews.com', '363-851-5773', 'Cash', 35.55, 'Active');
insert into Customer (CustomerID, Name, ContactInfo, Address, Email, Phone, PreferredPaymentMethod, CreditLimit, AccountStatus) values (219, 'Orton', '812-248-1872', null, 'olefriec62@ow.ly', '907-343-9208', null, 38.99, 'Closed');
insert into Customer (CustomerID, Name, ContactInfo, Address, Email, Phone, PreferredPaymentMethod, CreditLimit, AccountStatus) values (220, 'Kristo', '966-185-6990', '816 Golden Leaf Crossing', 'kcape63@xrea.com', '458-464-2669', 'Debit Card', 85.62, 'Pending');
insert into Customer (CustomerID, Name, ContactInfo, Address, Email, Phone, PreferredPaymentMethod, CreditLimit, AccountStatus) values (221, 'Jamil', '425-697-1416', '25441 Melby Center', 'jchadwin64@ucoz.ru', '450-767-1641', 'Credit Card', 70.02, null);
insert into Customer (CustomerID, Name, ContactInfo, Address, Email, Phone, PreferredPaymentMethod, CreditLimit, AccountStatus) values (222, 'Homer', '836-993-5190', '14 Hooker Junction', 'hmeyer65@wufoo.com', '131-394-8907', 'Credit Card', 48.26, 'Pending');
insert into Customer (CustomerID, Name, ContactInfo, Address, Email, Phone, PreferredPaymentMethod, CreditLimit, AccountStatus) values (223, 'Talyah', '909-886-4731', '3263 Maple Wood Pass', 'tlabrom66@statcounter.com', '433-752-8288', 'Cash', null, 'Inactive');
insert into Customer (CustomerID, Name, ContactInfo, Address, Email, Phone, PreferredPaymentMethod, CreditLimit, AccountStatus) values (224, 'Neda', '353-951-4243', null, 'ncosgrive67@shinystat.com', '556-117-3071', 'Credit Card', 20.0, 'Inactive');
insert into Customer (CustomerID, Name, ContactInfo, Address, Email, Phone, PreferredPaymentMethod, CreditLimit, AccountStatus) values (225, 'Lori', '135-636-8483', '86394 Del Sol Center', 'ldalziel68@omniture.com', '365-996-1742', 'Debit Card', null, 'Pending');
insert into Customer (CustomerID, Name, ContactInfo, Address, Email, Phone, PreferredPaymentMethod, CreditLimit, AccountStatus) values (226, 'Elfie', '845-599-7515', '58026 Stuart Road', 'elindenman69@technorati.com', '155-109-6499', 'Debit Card', 28.53, 'Closed');
insert into Customer (CustomerID, Name, ContactInfo, Address, Email, Phone, PreferredPaymentMethod, CreditLimit, AccountStatus) values (227, 'Yoko', '222-447-6700', '331 Grasskamp Lane', 'ylautie6a@tumblr.com', '773-480-1003', 'Cash', null, 'Active');
insert into Customer (CustomerID, Name, ContactInfo, Address, Email, Phone, PreferredPaymentMethod, CreditLimit, AccountStatus) values (228, 'Sherrie', '864-443-9685', null, 'smatyasik6b@dell.com', '111-271-2122', 'Credit Card', 13.3, 'Closed');
insert into Customer (CustomerID, Name, ContactInfo, Address, Email, Phone, PreferredPaymentMethod, CreditLimit, AccountStatus) values (229, 'Donalt', '656-843-1157', null, 'doldroyde6c@ovh.net', '876-826-0060', 'Debit Card', 54.2, 'Closed');
insert into Customer (CustomerID, Name, ContactInfo, Address, Email, Phone, PreferredPaymentMethod, CreditLimit, AccountStatus) values (230, 'Gerladina', '274-539-6762', '3 Ilene Crossing', 'gbaldock6d@nih.gov', '326-386-6998', 'Debit Card', 41.14, 'Active');
insert into Customer (CustomerID, Name, ContactInfo, Address, Email, Phone, PreferredPaymentMethod, CreditLimit, AccountStatus) values (231, 'Camala', '839-286-1338', null, 'calabaster6e@blinklist.com', '394-332-0487', null, 63.47, 'Active');
insert into Customer (CustomerID, Name, ContactInfo, Address, Email, Phone, PreferredPaymentMethod, CreditLimit, AccountStatus) values (232, 'Devinne', '684-697-9960', '77575 Browning Parkway', 'dvynoll6f@vinaora.com', '485-994-1252', null, 41.79, 'Pending');
insert into Customer (CustomerID, Name, ContactInfo, Address, Email, Phone, PreferredPaymentMethod, CreditLimit, AccountStatus) values (233, 'Valli', '921-341-0943', null, 'vwhightman6g@wiley.com', '901-194-3234', null, 95.49, 'Inactive');
insert into Customer (CustomerID, Name, ContactInfo, Address, Email, Phone, PreferredPaymentMethod, CreditLimit, AccountStatus) values (234, 'Tymon', '568-222-8654', '743 Petterle Plaza', 'trawdales6h@instagram.com', '402-785-6782', 'PayPal', 48.54, 'Active');
insert into Customer (CustomerID, Name, ContactInfo, Address, Email, Phone, PreferredPaymentMethod, CreditLimit, AccountStatus) values (235, 'Alfons', '796-580-0413', '8 Fairview Crossing', 'agrise6i@nba.com', '899-122-0351', 'Cash', 99.6, null);
insert into Customer (CustomerID, Name, ContactInfo, Address, Email, Phone, PreferredPaymentMethod, CreditLimit, AccountStatus) values (236, 'Donni', '774-126-3188', null, 'ddoghartie6j@illinois.edu', '578-114-3336', 'Debit Card', 32.65, null);
insert into Customer (CustomerID, Name, ContactInfo, Address, Email, Phone, PreferredPaymentMethod, CreditLimit, AccountStatus) values (237, 'Beulah', '141-498-6123', '48364 Northview Alley', 'bleeburn6k@techcrunch.com', '399-455-2050', 'Cash', 56.17, 'Closed');
insert into Customer (CustomerID, Name, ContactInfo, Address, Email, Phone, PreferredPaymentMethod, CreditLimit, AccountStatus) values (238, 'Sissie', '789-697-2481', '55 Jenifer Circle', 'sextil6l@g.co', '216-240-3418', 'PayPal', 72.43, 'Pending');
insert into Customer (CustomerID, Name, ContactInfo, Address, Email, Phone, PreferredPaymentMethod, CreditLimit, AccountStatus) values (239, 'Kalie', '692-327-4927', null, 'karkow6m@oracle.com', '703-971-7199', 'PayPal', 58.01, null);
insert into Customer (CustomerID, Name, ContactInfo, Address, Email, Phone, PreferredPaymentMethod, CreditLimit, AccountStatus) values (240, 'Van', '540-857-5329', '633 Longview Drive', 'vdebell6n@mit.edu', '672-366-4551', 'Credit Card', 86.66, 'Closed');
insert into Customer (CustomerID, Name, ContactInfo, Address, Email, Phone, PreferredPaymentMethod, CreditLimit, AccountStatus) values (241, 'Benedicto', '398-785-1227', '106 Prentice Road', 'bwoodbridge6o@army.mil', '847-183-8493', 'Debit Card', 56.99, 'Inactive');
insert into Customer (CustomerID, Name, ContactInfo, Address, Email, Phone, PreferredPaymentMethod, CreditLimit, AccountStatus) values (242, 'Alfy', '816-145-4721', null, 'amount6p@trellian.com', '590-192-1885', 'Credit Card', null, 'Closed');
insert into Customer (CustomerID, Name, ContactInfo, Address, Email, Phone, PreferredPaymentMethod, CreditLimit, AccountStatus) values (243, 'Currie', '223-231-7443', '56 Merrick Street', 'clyon6q@sun.com', '781-386-2265', 'Cash', null, 'Pending');
insert into Customer (CustomerID, Name, ContactInfo, Address, Email, Phone, PreferredPaymentMethod, CreditLimit, AccountStatus) values (244, 'Caresse', '412-691-8092', '415 Rigney Crossing', 'ccasely6r@google.co.uk', '197-430-0172', 'Cash', 16.56, 'Pending');
insert into Customer (CustomerID, Name, ContactInfo, Address, Email, Phone, PreferredPaymentMethod, CreditLimit, AccountStatus) values (245, 'Gerrilee', '812-963-0118', null, 'gterbrug6s@bloomberg.com', '564-630-1031', 'Debit Card', 21.95, 'Inactive');
insert into Customer (CustomerID, Name, ContactInfo, Address, Email, Phone, PreferredPaymentMethod, CreditLimit, AccountStatus) values (246, 'Casper', '301-301-3205', '7 Service Drive', 'chamsher6t@businessweek.com', '128-368-0355', 'Cash', 38.74, 'Active');
insert into Customer (CustomerID, Name, ContactInfo, Address, Email, Phone, PreferredPaymentMethod, CreditLimit, AccountStatus) values (247, 'Harmonia', '158-334-0393', '98 International Pass', 'hhawkyens6u@va.gov', '431-968-9127', 'PayPal', 64.26, 'Closed');
insert into Customer (CustomerID, Name, ContactInfo, Address, Email, Phone, PreferredPaymentMethod, CreditLimit, AccountStatus) values (248, 'Venita', '379-604-5286', null, 'vbrecknock6v@hud.gov', '641-564-5035', 'Debit Card', 29.94, 'Inactive');
insert into Customer (CustomerID, Name, ContactInfo, Address, Email, Phone, PreferredPaymentMethod, CreditLimit, AccountStatus) values (249, 'Dante', '330-324-6566', '40731 Di Loreto Road', 'dsinkins6w@nih.gov', '980-149-1668', 'Debit Card', 22.74, 'Active');
insert into Customer (CustomerID, Name, ContactInfo, Address, Email, Phone, PreferredPaymentMethod, CreditLimit, AccountStatus) values (250, 'Genevra', '196-505-3538', '3490 Summerview Lane', 'gmotto6x@homestead.com', '732-853-5876', 'Credit Card', 68.51, null);
insert into Customer (CustomerID, Name, ContactInfo, Address, Email, Phone, PreferredPaymentMethod, CreditLimit, AccountStatus) values (251, 'Layton', '829-106-0256', '433 Gale Avenue', 'llitchmore6y@cisco.com', '918-287-1211', null, 95.66, 'Pending');
insert into Customer (CustomerID, Name, ContactInfo, Address, Email, Phone, PreferredPaymentMethod, CreditLimit, AccountStatus) values (252, 'Arther', '264-771-7215', '86706 Eastwood Crossing', 'apennini6z@mozilla.org', '702-925-6047', 'Cash', 61.51, 'Pending');
insert into Customer (CustomerID, Name, ContactInfo, Address, Email, Phone, PreferredPaymentMethod, CreditLimit, AccountStatus) values (253, 'Lou', '129-625-8867', null, 'lgeggus70@twitter.com', '485-317-3623', 'PayPal', 19.94, 'Closed');
insert into Customer (CustomerID, Name, ContactInfo, Address, Email, Phone, PreferredPaymentMethod, CreditLimit, AccountStatus) values (254, 'Sarene', '738-515-3802', null, 'swhitehead71@bizjournals.com', '340-372-0239', 'PayPal', 62.3, 'Pending');
insert into Customer (CustomerID, Name, ContactInfo, Address, Email, Phone, PreferredPaymentMethod, CreditLimit, AccountStatus) values (255, 'Kessia', '792-322-8398', '51 Upham Street', 'kmerigeau72@uiuc.edu', '252-892-5218', null, 29.1, null);
insert into Customer (CustomerID, Name, ContactInfo, Address, Email, Phone, PreferredPaymentMethod, CreditLimit, AccountStatus) values (256, 'Everard', '650-586-0207', '2969 Sundown Hill', 'egourley73@cnbc.com', '380-725-4529', 'Credit Card', 51.84, 'Pending');
insert into Customer (CustomerID, Name, ContactInfo, Address, Email, Phone, PreferredPaymentMethod, CreditLimit, AccountStatus) values (257, 'Amata', '738-870-2245', '180 Norway Maple Place', 'agalvin74@time.com', '170-400-5143', 'PayPal', null, 'Active');
insert into Customer (CustomerID, Name, ContactInfo, Address, Email, Phone, PreferredPaymentMethod, CreditLimit, AccountStatus) values (258, 'Lexi', '779-897-0169', null, 'lhaigh75@wired.com', '172-386-6027', 'PayPal', 13.49, 'Pending');
insert into Customer (CustomerID, Name, ContactInfo, Address, Email, Phone, PreferredPaymentMethod, CreditLimit, AccountStatus) values (259, 'Marty', '736-995-2321', '5453 Westridge Place', 'mvarker76@usatoday.com', '241-536-4738', 'Credit Card', 22.35, 'Active');
insert into Customer (CustomerID, Name, ContactInfo, Address, Email, Phone, PreferredPaymentMethod, CreditLimit, AccountStatus) values (260, 'Terrence', '572-374-7954', '40389 Dennis Avenue', 'tgainor77@homestead.com', '978-363-8197', 'Credit Card', 16.42, 'Closed');
insert into Customer (CustomerID, Name, ContactInfo, Address, Email, Phone, PreferredPaymentMethod, CreditLimit, AccountStatus) values (261, 'Bartram', '525-614-1757', null, 'bquarrie78@4shared.com', '201-705-2205', 'Debit Card', 86.52, 'Active');
insert into Customer (CustomerID, Name, ContactInfo, Address, Email, Phone, PreferredPaymentMethod, CreditLimit, AccountStatus) values (262, 'Laurice', '457-154-0188', '34033 Lukken Drive', 'lcicconettii79@theatlantic.com', '788-500-5723', 'PayPal', 41.27, 'Pending');
insert into Customer (CustomerID, Name, ContactInfo, Address, Email, Phone, PreferredPaymentMethod, CreditLimit, AccountStatus) values (263, 'Ninette', '927-258-2477', '313 Packers Hill', 'nmazzei7a@mtv.com', '952-732-3101', 'Credit Card', null, 'Pending');
insert into Customer (CustomerID, Name, ContactInfo, Address, Email, Phone, PreferredPaymentMethod, CreditLimit, AccountStatus) values (264, 'Lelah', '588-961-1944', null, 'ltunny7b@unc.edu', '946-659-7486', 'Debit Card', 20.08, 'Closed');
insert into Customer (CustomerID, Name, ContactInfo, Address, Email, Phone, PreferredPaymentMethod, CreditLimit, AccountStatus) values (265, 'Mic', '541-969-2563', '2 Sunnyside Place', 'mgodly7c@symantec.com', '787-796-6552', 'Debit Card', 66.19, 'Pending');
insert into Customer (CustomerID, Name, ContactInfo, Address, Email, Phone, PreferredPaymentMethod, CreditLimit, AccountStatus) values (266, 'Elston', '808-951-7489', '9 Moulton Way', 'ekirkland7d@goo.gl', '538-732-9452', 'Debit Card', 69.56, 'Active');
insert into Customer (CustomerID, Name, ContactInfo, Address, Email, Phone, PreferredPaymentMethod, CreditLimit, AccountStatus) values (267, 'Arther', '275-831-4795', '0 Drewry Crossing', 'ashelvey7e@theglobeandmail.com', '734-840-6639', 'Cash', 82.64, 'Inactive');
insert into Customer (CustomerID, Name, ContactInfo, Address, Email, Phone, PreferredPaymentMethod, CreditLimit, AccountStatus) values (268, 'Tiffani', '742-582-4311', '986 Jackson Point', 'tgavagan7f@answers.com', '991-653-4339', null, 48.31, 'Closed');
insert into Customer (CustomerID, Name, ContactInfo, Address, Email, Phone, PreferredPaymentMethod, CreditLimit, AccountStatus) values (269, 'Haze', '308-118-6545', '46 Hansons Hill', 'hghirardi7g@reference.com', '176-409-4843', 'Credit Card', 97.63, 'Active');
insert into Customer (CustomerID, Name, ContactInfo, Address, Email, Phone, PreferredPaymentMethod, CreditLimit, AccountStatus) values (270, 'Merrily', '252-603-7940', '78 Mccormick Hill', 'mlamerton7h@mashable.com', '438-282-1632', 'PayPal', 68.25, null);
insert into Customer (CustomerID, Name, ContactInfo, Address, Email, Phone, PreferredPaymentMethod, CreditLimit, AccountStatus) values (271, 'Smith', '449-833-8146', '61864 Jana Trail', 'spischof7i@google.com', '897-762-5159', 'Debit Card', 56.54, 'Closed');
insert into Customer (CustomerID, Name, ContactInfo, Address, Email, Phone, PreferredPaymentMethod, CreditLimit, AccountStatus) values (272, 'Querida', '853-827-7771', '80183 Dovetail Parkway', 'qtwyning7j@patch.com', '263-813-9059', null, 62.45, 'Inactive');
insert into Customer (CustomerID, Name, ContactInfo, Address, Email, Phone, PreferredPaymentMethod, CreditLimit, AccountStatus) values (273, 'Sidoney', '206-764-7674', '47911 Nova Circle', 'sbelliveau7k@soundcloud.com', '996-620-6608', 'Debit Card', 33.83, null);
insert into Customer (CustomerID, Name, ContactInfo, Address, Email, Phone, PreferredPaymentMethod, CreditLimit, AccountStatus) values (274, 'Brinna', '992-618-8308', '8 Southridge Plaza', 'bstaker7l@arstechnica.com', '561-503-0571', 'Credit Card', 65.7, 'Closed');
insert into Customer (CustomerID, Name, ContactInfo, Address, Email, Phone, PreferredPaymentMethod, CreditLimit, AccountStatus) values (275, 'Hayden', '175-521-5975', '2 Swallow Park', 'hbrogi7m@oracle.com', '535-209-5685', 'Debit Card', 39.1, 'Active');
insert into Customer (CustomerID, Name, ContactInfo, Address, Email, Phone, PreferredPaymentMethod, CreditLimit, AccountStatus) values (276, 'Osmund', '254-280-4145', null, 'osiman7n@alexa.com', '943-758-7069', 'Debit Card', 16.11, 'Closed');
insert into Customer (CustomerID, Name, ContactInfo, Address, Email, Phone, PreferredPaymentMethod, CreditLimit, AccountStatus) values (277, 'Prissie', '817-966-9426', '104 Valley Edge Court', 'pmulholland7o@barnesandnoble.com', '866-776-7590', 'Credit Card', 36.35, 'Active');
insert into Customer (CustomerID, Name, ContactInfo, Address, Email, Phone, PreferredPaymentMethod, CreditLimit, AccountStatus) values (278, 'Milzie', '839-328-5542', '53475 Shasta Court', 'mwoolpert7p@hud.gov', '632-131-5104', 'Debit Card', 88.99, 'Active');
insert into Customer (CustomerID, Name, ContactInfo, Address, Email, Phone, PreferredPaymentMethod, CreditLimit, AccountStatus) values (279, 'Bonnibelle', '931-858-1671', null, 'bplevin7q@last.fm', '385-840-9276', 'Credit Card', 44.03, 'Inactive');
insert into Customer (CustomerID, Name, ContactInfo, Address, Email, Phone, PreferredPaymentMethod, CreditLimit, AccountStatus) values (280, 'Thelma', '202-113-3879', null, 'tbollins7r@forbes.com', '444-855-8543', 'PayPal', 91.65, 'Active');
insert into Customer (CustomerID, Name, ContactInfo, Address, Email, Phone, PreferredPaymentMethod, CreditLimit, AccountStatus) values (281, 'Mei', '793-653-8958', '760 Hansons Road', 'mhanlon7s@cam.ac.uk', '537-178-3447', 'Cash', null, 'Pending');
insert into Customer (CustomerID, Name, ContactInfo, Address, Email, Phone, PreferredPaymentMethod, CreditLimit, AccountStatus) values (282, 'Clementius', '798-985-5794', '7 Redwing Street', 'ckelle7t@yolasite.com', '199-892-6338', 'Debit Card', 99.44, 'Pending');
insert into Customer (CustomerID, Name, ContactInfo, Address, Email, Phone, PreferredPaymentMethod, CreditLimit, AccountStatus) values (283, 'Aleta', '371-270-0332', null, 'acaberas7u@thetimes.co.uk', '629-274-2612', 'PayPal', 44.22, 'Closed');
insert into Customer (CustomerID, Name, ContactInfo, Address, Email, Phone, PreferredPaymentMethod, CreditLimit, AccountStatus) values (284, 'Abra', '760-540-6682', '7 Commercial Court', 'asamwayes7v@youtube.com', '981-595-4290', 'PayPal', 34.51, 'Closed');
insert into Customer (CustomerID, Name, ContactInfo, Address, Email, Phone, PreferredPaymentMethod, CreditLimit, AccountStatus) values (285, 'Lynnet', '771-805-3401', '5231 Mallory Circle', 'lanfosso7w@infoseek.co.jp', '528-814-1092', 'Debit Card', null, 'Active');
insert into Customer (CustomerID, Name, ContactInfo, Address, Email, Phone, PreferredPaymentMethod, CreditLimit, AccountStatus) values (286, 'Finley', '843-846-7340', '85 Graceland Hill', 'fjuorio7x@nba.com', '971-597-8874', 'Credit Card', 96.88, 'Pending');
insert into Customer (CustomerID, Name, ContactInfo, Address, Email, Phone, PreferredPaymentMethod, CreditLimit, AccountStatus) values (287, 'Felipa', '113-186-7127', '57690 Ruskin Avenue', 'fcannop7y@shutterfly.com', '610-411-4499', 'Credit Card', 47.24, null);
insert into Customer (CustomerID, Name, ContactInfo, Address, Email, Phone, PreferredPaymentMethod, CreditLimit, AccountStatus) values (288, 'Brig', '550-692-8008', '1 Farmco Junction', 'blandy7z@yale.edu', '501-544-1279', 'PayPal', 41.29, 'Inactive');
insert into Customer (CustomerID, Name, ContactInfo, Address, Email, Phone, PreferredPaymentMethod, CreditLimit, AccountStatus) values (289, 'Orlando', '657-102-2200', null, 'omcquilkin80@yolasite.com', '837-429-0791', 'Debit Card', null, 'Active');
insert into Customer (CustomerID, Name, ContactInfo, Address, Email, Phone, PreferredPaymentMethod, CreditLimit, AccountStatus) values (290, 'Filmer', '943-644-4800', null, 'farkil81@accuweather.com', '207-840-2495', 'Credit Card', 52.34, 'Closed');
insert into Customer (CustomerID, Name, ContactInfo, Address, Email, Phone, PreferredPaymentMethod, CreditLimit, AccountStatus) values (291, 'Gilda', '181-261-5300', '73 Grasskamp Street', 'gscyner82@vk.com', '121-307-3139', 'Debit Card', 97.9, 'Active');
insert into Customer (CustomerID, Name, ContactInfo, Address, Email, Phone, PreferredPaymentMethod, CreditLimit, AccountStatus) values (292, 'Reece', '158-514-9524', '56995 Johnson Park', 'rfeasley83@live.com', '217-548-5469', 'PayPal', 40.58, null);
insert into Customer (CustomerID, Name, ContactInfo, Address, Email, Phone, PreferredPaymentMethod, CreditLimit, AccountStatus) values (293, 'Mavra', '158-368-4885', '53 Scoville Parkway', 'mpauncefort84@youtu.be', '778-695-4909', null, 72.83, 'Pending');
insert into Customer (CustomerID, Name, ContactInfo, Address, Email, Phone, PreferredPaymentMethod, CreditLimit, AccountStatus) values (294, 'Sofia', '699-708-5788', '03755 Linden Place', 'scree85@amazon.de', '382-936-4215', 'PayPal', 56.23, 'Active');
insert into Customer (CustomerID, Name, ContactInfo, Address, Email, Phone, PreferredPaymentMethod, CreditLimit, AccountStatus) values (295, 'Haze', '824-547-8488', '334 Eliot Trail', 'hmcguff86@businesswire.com', '931-876-7169', 'PayPal', 23.41, 'Closed');
insert into Customer (CustomerID, Name, ContactInfo, Address, Email, Phone, PreferredPaymentMethod, CreditLimit, AccountStatus) values (296, 'Lauritz', '827-294-8344', '83491 Laurel Park', 'lmakeswell87@altervista.org', '269-118-4041', 'PayPal', 96.2, 'Pending');
insert into Customer (CustomerID, Name, ContactInfo, Address, Email, Phone, PreferredPaymentMethod, CreditLimit, AccountStatus) values (297, 'Tatum', '666-875-2428', '9458 Melvin Hill', 'tcolton88@odnoklassniki.ru', '926-391-3070', 'Debit Card', 16.15, 'Inactive');
insert into Customer (CustomerID, Name, ContactInfo, Address, Email, Phone, PreferredPaymentMethod, CreditLimit, AccountStatus) values (298, 'Fonz', '492-491-8146', '05766 Cambridge Center', 'fbrittoner89@independent.co.uk', '602-152-5747', 'Credit Card', null, 'Closed');
insert into Customer (CustomerID, Name, ContactInfo, Address, Email, Phone, PreferredPaymentMethod, CreditLimit, AccountStatus) values (299, 'Ardine', '407-594-5202', '51 Ronald Regan Alley', 'asheffield8a@ucsd.edu', '296-938-3652', null, 83.47, 'Closed');
insert into Customer (CustomerID, Name, ContactInfo, Address, Email, Phone, PreferredPaymentMethod, CreditLimit, AccountStatus) values (300, 'Georgie', '413-784-4720', null, 'gdanhel8b@bing.com', '508-432-3870', null, null, 'Inactive');
insert into Customer (CustomerID, Name, ContactInfo, Address, Email, Phone, PreferredPaymentMethod, CreditLimit, AccountStatus) values (301, 'Amerigo', '428-213-3570', '1245 Del Sol Lane', 'aveall8c@issuu.com', '843-683-3738', 'Debit Card', 19.82, 'Closed');
insert into Customer (CustomerID, Name, ContactInfo, Address, Email, Phone, PreferredPaymentMethod, CreditLimit, AccountStatus) values (302, 'Nicki', '715-481-4924', '965 Alpine Park', 'nestoile8d@fastcompany.com', '201-454-4681', null, null, 'Pending');
insert into Customer (CustomerID, Name, ContactInfo, Address, Email, Phone, PreferredPaymentMethod, CreditLimit, AccountStatus) values (303, 'Ewell', '821-918-3843', null, 'ephilippe8e@independent.co.uk', '133-173-6710', 'Credit Card', 92.75, 'Closed');
insert into Customer (CustomerID, Name, ContactInfo, Address, Email, Phone, PreferredPaymentMethod, CreditLimit, AccountStatus) values (304, 'Leese', '271-845-7078', '560 Canary Terrace', null, '586-927-9512', 'PayPal', 38.51, 'Closed');
insert into Customer (CustomerID, Name, ContactInfo, Address, Email, Phone, PreferredPaymentMethod, CreditLimit, AccountStatus) values (305, 'Livia', '295-384-5171', '808 Kennedy Point', 'lflaherty8g@smugmug.com', '505-676-8711', 'Debit Card', null, 'Active');
insert into Customer (CustomerID, Name, ContactInfo, Address, Email, Phone, PreferredPaymentMethod, CreditLimit, AccountStatus) values (306, 'Sande', '313-325-3180', null, 'sswanston8h@smh.com.au', '594-736-2883', 'Credit Card', 98.78, 'Active');
insert into Customer (CustomerID, Name, ContactInfo, Address, Email, Phone, PreferredPaymentMethod, CreditLimit, AccountStatus) values (307, 'Giffer', '325-880-0213', '77 Killdeer Circle', 'gnorkett8i@seattletimes.com', '981-175-7530', 'Debit Card', 30.04, 'Pending');
insert into Customer (CustomerID, Name, ContactInfo, Address, Email, Phone, PreferredPaymentMethod, CreditLimit, AccountStatus) values (308, 'Alanna', '465-346-7576', '55553 Dexter Parkway', 'ahornig8j@redcross.org', '964-361-8943', 'Debit Card', 69.16, 'Active');
insert into Customer (CustomerID, Name, ContactInfo, Address, Email, Phone, PreferredPaymentMethod, CreditLimit, AccountStatus) values (309, 'Lisle', '107-582-1430', null, 'lmcilhone8k@ibm.com', '371-833-0067', null, 34.0, 'Pending');
insert into Customer (CustomerID, Name, ContactInfo, Address, Email, Phone, PreferredPaymentMethod, CreditLimit, AccountStatus) values (310, 'Chantal', '399-846-8391', '26 Oak Way', 'chorche8l@twitter.com', '257-501-7624', 'PayPal', 78.43, null);
insert into Customer (CustomerID, Name, ContactInfo, Address, Email, Phone, PreferredPaymentMethod, CreditLimit, AccountStatus) values (311, 'Chester', '815-284-7620', '7 Golden Leaf Drive', 'csimionato8m@cnet.com', '443-470-5497', null, 45.41, 'Inactive');
insert into Customer (CustomerID, Name, ContactInfo, Address, Email, Phone, PreferredPaymentMethod, CreditLimit, AccountStatus) values (312, 'Frankie', '373-107-5308', '21126 Oriole Terrace', null, '139-796-3093', 'PayPal', 12.06, 'Active');
insert into Customer (CustomerID, Name, ContactInfo, Address, Email, Phone, PreferredPaymentMethod, CreditLimit, AccountStatus) values (313, 'Kassie', '621-564-8456', '75106 Glacier Hill Drive', 'ktregear8o@hud.gov', '685-616-9988', 'Debit Card', 32.38, 'Closed');
insert into Customer (CustomerID, Name, ContactInfo, Address, Email, Phone, PreferredPaymentMethod, CreditLimit, AccountStatus) values (314, 'Christian', '653-637-2572', '01278 Bay Pass', 'ckisbey8p@godaddy.com', '744-814-8830', 'Cash', 37.62, 'Closed');
insert into Customer (CustomerID, Name, ContactInfo, Address, Email, Phone, PreferredPaymentMethod, CreditLimit, AccountStatus) values (315, 'Hamel', '157-644-5226', null, 'hbernat8q@aboutads.info', '576-901-1482', 'Cash', 17.96, 'Pending');
insert into Customer (CustomerID, Name, ContactInfo, Address, Email, Phone, PreferredPaymentMethod, CreditLimit, AccountStatus) values (316, 'Brigg', '163-398-0927', '9 Coleman Avenue', 'bware8r@aol.com', '450-191-7369', 'PayPal', 13.86, 'Closed');
insert into Customer (CustomerID, Name, ContactInfo, Address, Email, Phone, PreferredPaymentMethod, CreditLimit, AccountStatus) values (317, 'Annemarie', '900-297-1571', '1 Westridge Drive', null, '677-325-3424', 'Cash', 76.76, 'Closed');
insert into Customer (CustomerID, Name, ContactInfo, Address, Email, Phone, PreferredPaymentMethod, CreditLimit, AccountStatus) values (318, 'Dalila', '600-332-4886', '87825 Kinsman Point', 'dritelli8t@networkadvertising.org', '947-977-3543', 'Debit Card', null, 'Active');
insert into Customer (CustomerID, Name, ContactInfo, Address, Email, Phone, PreferredPaymentMethod, CreditLimit, AccountStatus) values (319, 'My', '451-296-0434', '5 Heffernan Junction', 'mfeeham8u@vinaora.com', '801-478-2536', null, 75.74, 'Active');
insert into Customer (CustomerID, Name, ContactInfo, Address, Email, Phone, PreferredPaymentMethod, CreditLimit, AccountStatus) values (320, 'Sebastien', '747-561-5465', '7 Springview Point', 'shearst8v@netlog.com', '481-373-0572', 'Credit Card', 33.79, 'Inactive');
insert into Customer (CustomerID, Name, ContactInfo, Address, Email, Phone, PreferredPaymentMethod, CreditLimit, AccountStatus) values (321, 'Nickolas', '425-177-7165', '900 Dorton Trail', 'nagronski8w@nbcnews.com', '334-461-2748', 'Debit Card', 41.64, 'Closed');
insert into Customer (CustomerID, Name, ContactInfo, Address, Email, Phone, PreferredPaymentMethod, CreditLimit, AccountStatus) values (322, 'Sarah', '551-971-1252', '9 Thackeray Plaza', 'swardroper8x@google.nl', '379-877-2192', 'PayPal', null, null);
insert into Customer (CustomerID, Name, ContactInfo, Address, Email, Phone, PreferredPaymentMethod, CreditLimit, AccountStatus) values (323, 'Humberto', '337-941-6976', null, 'hbeinisch8y@twitter.com', '879-276-3453', 'PayPal', 11.55, 'Active');
insert into Customer (CustomerID, Name, ContactInfo, Address, Email, Phone, PreferredPaymentMethod, CreditLimit, AccountStatus) values (324, 'Erin', '235-165-7829', '2724 American Ash Place', 'etoseland8z@abc.net.au', '365-718-8752', 'PayPal', 65.95, 'Inactive');
insert into Customer (CustomerID, Name, ContactInfo, Address, Email, Phone, PreferredPaymentMethod, CreditLimit, AccountStatus) values (325, 'Caitrin', '847-841-6949', '33522 Esker Park', 'cwestnedge90@si.edu', '274-219-8430', 'Cash', 72.62, 'Pending');
insert into Customer (CustomerID, Name, ContactInfo, Address, Email, Phone, PreferredPaymentMethod, CreditLimit, AccountStatus) values (326, 'Edgar', '422-807-8124', '69826 Sundown Crossing', 'ebann91@oracle.com', '273-917-4386', 'PayPal', 14.05, 'Closed');
insert into Customer (CustomerID, Name, ContactInfo, Address, Email, Phone, PreferredPaymentMethod, CreditLimit, AccountStatus) values (327, 'Caritta', '138-236-5967', null, 'cbampkin92@amazon.de', '428-868-6978', 'Debit Card', 34.33, 'Active');
insert into Customer (CustomerID, Name, ContactInfo, Address, Email, Phone, PreferredPaymentMethod, CreditLimit, AccountStatus) values (328, 'Earle', '856-946-5669', null, 'evance93@columbia.edu', '221-451-3111', 'Credit Card', 22.91, 'Inactive');
insert into Customer (CustomerID, Name, ContactInfo, Address, Email, Phone, PreferredPaymentMethod, CreditLimit, AccountStatus) values (329, 'Margette', '487-467-9781', '67 Village Green Road', 'mmedforth94@npr.org', '227-691-9189', null, 44.27, null);
insert into Customer (CustomerID, Name, ContactInfo, Address, Email, Phone, PreferredPaymentMethod, CreditLimit, AccountStatus) values (330, 'Ophelie', '557-175-2159', '38263 Hooker Alley', null, '301-311-1409', null, 38.19, null);
insert into Customer (CustomerID, Name, ContactInfo, Address, Email, Phone, PreferredPaymentMethod, CreditLimit, AccountStatus) values (331, 'Jermaine', '770-613-6119', '566 Calypso Park', 'jgossling96@about.com', '507-248-4829', 'PayPal', 29.44, 'Active');
insert into Customer (CustomerID, Name, ContactInfo, Address, Email, Phone, PreferredPaymentMethod, CreditLimit, AccountStatus) values (332, 'Penny', '499-926-1894', '74 Oriole Road', 'pwanless97@toplist.cz', '937-880-1927', 'Debit Card', 91.12, 'Inactive');
insert into Customer (CustomerID, Name, ContactInfo, Address, Email, Phone, PreferredPaymentMethod, CreditLimit, AccountStatus) values (333, 'Melany', '719-701-9400', '10 Gina Place', 'mmudd98@freewebs.com', '124-831-3316', 'Credit Card', null, 'Active');
insert into Customer (CustomerID, Name, ContactInfo, Address, Email, Phone, PreferredPaymentMethod, CreditLimit, AccountStatus) values (334, 'Indira', '609-258-5750', '552 Scoville Way', 'igiannini99@sun.com', '332-748-0268', 'Debit Card', null, 'Closed');
insert into Customer (CustomerID, Name, ContactInfo, Address, Email, Phone, PreferredPaymentMethod, CreditLimit, AccountStatus) values (335, 'Marven', '234-165-8435', '355 Dahle Crossing', 'mbohlsen9a@oracle.com', '199-176-6199', 'PayPal', 21.07, 'Pending');
insert into Customer (CustomerID, Name, ContactInfo, Address, Email, Phone, PreferredPaymentMethod, CreditLimit, AccountStatus) values (336, 'Mortie', '671-190-7296', '70184 Loftsgordon Lane', 'mmaccoughan9b@de.vu', '328-493-9063', 'Credit Card', 84.25, 'Inactive');
insert into Customer (CustomerID, Name, ContactInfo, Address, Email, Phone, PreferredPaymentMethod, CreditLimit, AccountStatus) values (337, 'Delora', '762-344-5815', null, 'dtidbold9c@theatlantic.com', '821-665-4703', 'PayPal', 51.58, 'Closed');
insert into Customer (CustomerID, Name, ContactInfo, Address, Email, Phone, PreferredPaymentMethod, CreditLimit, AccountStatus) values (338, 'Adelle', '465-948-4702', '02 Manufacturers Way', null, '668-651-4837', 'Cash', 61.93, 'Inactive');
insert into Customer (CustomerID, Name, ContactInfo, Address, Email, Phone, PreferredPaymentMethod, CreditLimit, AccountStatus) values (339, 'Culver', '478-566-7750', '6 Del Sol Way', 'cjewes9e@elegantthemes.com', '693-686-6555', 'PayPal', 80.96, 'Inactive');
insert into Customer (CustomerID, Name, ContactInfo, Address, Email, Phone, PreferredPaymentMethod, CreditLimit, AccountStatus) values (340, 'Kinsley', '207-140-9511', null, 'kpearton9f@1688.com', '161-428-3560', 'PayPal', 15.94, 'Closed');
insert into Customer (CustomerID, Name, ContactInfo, Address, Email, Phone, PreferredPaymentMethod, CreditLimit, AccountStatus) values (341, 'Crista', '965-206-0661', '51306 Ryan Terrace', 'ctripp9g@booking.com', '554-543-0755', null, null, null);
insert into Customer (CustomerID, Name, ContactInfo, Address, Email, Phone, PreferredPaymentMethod, CreditLimit, AccountStatus) values (342, 'Brandyn', '834-157-1444', '33 Susan Park', 'bstrongitharm9h@senate.gov', '236-283-2181', 'Cash', 97.61, 'Active');
insert into Customer (CustomerID, Name, ContactInfo, Address, Email, Phone, PreferredPaymentMethod, CreditLimit, AccountStatus) values (343, 'Jordana', '189-187-7583', null, 'jyashaev9i@prweb.com', '481-167-9298', 'Credit Card', 59.58, 'Pending');
insert into Customer (CustomerID, Name, ContactInfo, Address, Email, Phone, PreferredPaymentMethod, CreditLimit, AccountStatus) values (344, 'Maiga', '714-934-9135', '19844 Maple Point', 'mbrason9j@wikispaces.com', '783-814-2755', 'Debit Card', 67.37, 'Inactive');
insert into Customer (CustomerID, Name, ContactInfo, Address, Email, Phone, PreferredPaymentMethod, CreditLimit, AccountStatus) values (345, 'Ally', '790-549-4436', '25 Sunbrook Alley', 'ahusband9k@mediafire.com', '919-162-5581', 'Cash', 28.25, 'Active');
insert into Customer (CustomerID, Name, ContactInfo, Address, Email, Phone, PreferredPaymentMethod, CreditLimit, AccountStatus) values (346, 'Erminie', '462-342-9070', '7603 Lighthouse Bay Parkway', 'efarry9l@google.cn', '875-740-8004', null, null, 'Inactive');
insert into Customer (CustomerID, Name, ContactInfo, Address, Email, Phone, PreferredPaymentMethod, CreditLimit, AccountStatus) values (347, 'Archibald', '926-403-2883', '4196 Dwight Center', 'azoellner9m@parallels.com', '607-210-2174', 'Credit Card', 50.95, 'Closed');
insert into Customer (CustomerID, Name, ContactInfo, Address, Email, Phone, PreferredPaymentMethod, CreditLimit, AccountStatus) values (348, 'Madelaine', '749-522-0654', '299 Gulseth Street', 'mkuhnt9n@adobe.com', '562-796-1640', 'Credit Card', 79.87, 'Closed');
insert into Customer (CustomerID, Name, ContactInfo, Address, Email, Phone, PreferredPaymentMethod, CreditLimit, AccountStatus) values (349, 'Esme', '111-211-0071', null, 'egerssam9o@webnode.com', '714-588-1388', 'PayPal', null, 'Closed');
insert into Customer (CustomerID, Name, ContactInfo, Address, Email, Phone, PreferredPaymentMethod, CreditLimit, AccountStatus) values (350, 'Waylen', '873-453-9463', '8 2nd Center', 'wwillingam9p@weather.com', '350-779-3761', 'PayPal', 99.06, 'Active');
insert into Customer (CustomerID, Name, ContactInfo, Address, Email, Phone, PreferredPaymentMethod, CreditLimit, AccountStatus) values (351, 'Cherri', '842-961-2353', null, 'cmccrachen9q@networksolutions.com', '796-891-4539', 'PayPal', 33.04, 'Active');
insert into Customer (CustomerID, Name, ContactInfo, Address, Email, Phone, PreferredPaymentMethod, CreditLimit, AccountStatus) values (352, 'Imojean', '656-299-8115', '23516 Fordem Drive', 'iocarrol9r@umn.edu', '778-420-3609', 'Credit Card', null, 'Closed');
insert into Customer (CustomerID, Name, ContactInfo, Address, Email, Phone, PreferredPaymentMethod, CreditLimit, AccountStatus) values (353, 'Julienne', '467-407-5976', '26847 Riverside Park', 'jeilhart9s@about.me', '645-271-2586', 'Credit Card', 86.28, 'Inactive');
insert into Customer (CustomerID, Name, ContactInfo, Address, Email, Phone, PreferredPaymentMethod, CreditLimit, AccountStatus) values (354, 'Leena', '835-887-5646', '6396 Jana Way', 'lsollime9t@naver.com', '103-941-9978', 'Credit Card', 19.85, null);
insert into Customer (CustomerID, Name, ContactInfo, Address, Email, Phone, PreferredPaymentMethod, CreditLimit, AccountStatus) values (355, 'Malina', '615-878-7933', '40 Heath Crossing', 'mjantel9u@wp.com', '721-822-6992', 'Debit Card', 98.68, 'Inactive');
insert into Customer (CustomerID, Name, ContactInfo, Address, Email, Phone, PreferredPaymentMethod, CreditLimit, AccountStatus) values (356, 'Cammi', '618-703-2439', null, 'cpeasegood9v@constantcontact.com', '198-827-2002', null, 57.75, null);
insert into Customer (CustomerID, Name, ContactInfo, Address, Email, Phone, PreferredPaymentMethod, CreditLimit, AccountStatus) values (357, 'Orella', '576-306-7137', '1 Washington Place', 'ovandecastele9w@angelfire.com', '229-486-2414', 'Debit Card', 28.07, 'Pending');
insert into Customer (CustomerID, Name, ContactInfo, Address, Email, Phone, PreferredPaymentMethod, CreditLimit, AccountStatus) values (358, 'Lyn', '694-448-0181', null, 'llargen9x@nationalgeographic.com', '195-499-3546', null, 59.1, 'Pending');
insert into Customer (CustomerID, Name, ContactInfo, Address, Email, Phone, PreferredPaymentMethod, CreditLimit, AccountStatus) values (359, 'Timmy', '539-256-9866', '1499 Beilfuss Terrace', 'tromaines9y@cdbaby.com', '335-720-3941', null, 23.2, 'Pending');
insert into Customer (CustomerID, Name, ContactInfo, Address, Email, Phone, PreferredPaymentMethod, CreditLimit, AccountStatus) values (360, 'Salli', '524-440-7011', '78341 Gale Hill', 'sballham9z@github.io', '176-990-7574', 'Credit Card', 23.84, 'Active');
insert into Customer (CustomerID, Name, ContactInfo, Address, Email, Phone, PreferredPaymentMethod, CreditLimit, AccountStatus) values (361, 'Seana', '188-743-1271', null, 'sbeathema0@pbs.org', '857-690-5240', 'Credit Card', 25.04, 'Inactive');
insert into Customer (CustomerID, Name, ContactInfo, Address, Email, Phone, PreferredPaymentMethod, CreditLimit, AccountStatus) values (362, 'Tammi', '177-403-6173', '64984 Meadow Vale Crossing', 'trosnaua1@histats.com', '462-842-9498', 'PayPal', 89.71, 'Inactive');
insert into Customer (CustomerID, Name, ContactInfo, Address, Email, Phone, PreferredPaymentMethod, CreditLimit, AccountStatus) values (363, 'Fianna', '887-596-4482', null, 'ftrynora2@chron.com', '870-856-8397', 'Credit Card', 40.7, 'Inactive');
insert into Customer (CustomerID, Name, ContactInfo, Address, Email, Phone, PreferredPaymentMethod, CreditLimit, AccountStatus) values (364, 'Audi', '850-871-2849', null, 'afaroa3@slate.com', '517-370-4046', 'Credit Card', 33.03, 'Active');
insert into Customer (CustomerID, Name, ContactInfo, Address, Email, Phone, PreferredPaymentMethod, CreditLimit, AccountStatus) values (365, 'Ellette', '498-707-6771', '92139 Del Mar Point', 'epenyltona4@forbes.com', '187-361-4987', 'Credit Card', 39.57, 'Inactive');
insert into Customer (CustomerID, Name, ContactInfo, Address, Email, Phone, PreferredPaymentMethod, CreditLimit, AccountStatus) values (366, 'Olympie', '485-720-6422', null, 'olochrana5@mac.com', '880-338-9333', 'Cash', 85.28, 'Inactive');
insert into Customer (CustomerID, Name, ContactInfo, Address, Email, Phone, PreferredPaymentMethod, CreditLimit, AccountStatus) values (367, 'Sonnie', '765-773-2653', '416 Garrison Junction', 'sshelleya6@discovery.com', '602-661-7508', 'Cash', 14.3, 'Pending');
insert into Customer (CustomerID, Name, ContactInfo, Address, Email, Phone, PreferredPaymentMethod, CreditLimit, AccountStatus) values (368, 'Dicky', '944-714-0284', null, 'ddaubneya7@wikia.com', '738-581-9328', 'Credit Card', null, 'Closed');
insert into Customer (CustomerID, Name, ContactInfo, Address, Email, Phone, PreferredPaymentMethod, CreditLimit, AccountStatus) values (369, 'Babbie', '631-722-5065', '05 Nancy Court', 'bgrigorieva8@house.gov', '227-916-2518', 'PayPal', null, 'Active');
insert into Customer (CustomerID, Name, ContactInfo, Address, Email, Phone, PreferredPaymentMethod, CreditLimit, AccountStatus) values (370, 'Bradan', '702-398-9021', '15 Comanche Terrace', 'bizchakia9@sina.com.cn', '752-766-0769', 'PayPal', null, 'Pending');
insert into Customer (CustomerID, Name, ContactInfo, Address, Email, Phone, PreferredPaymentMethod, CreditLimit, AccountStatus) values (371, 'Stephana', '429-991-5926', '5518 Upham Drive', 'spriddieaa@friendfeed.com', '988-559-3110', 'PayPal', 90.98, 'Active');
insert into Customer (CustomerID, Name, ContactInfo, Address, Email, Phone, PreferredPaymentMethod, CreditLimit, AccountStatus) values (372, 'Pryce', '615-120-0393', '8894 Calypso Street', 'pilyuchyovab@free.fr', '720-890-8347', 'Cash', 38.67, 'Closed');
insert into Customer (CustomerID, Name, ContactInfo, Address, Email, Phone, PreferredPaymentMethod, CreditLimit, AccountStatus) values (373, 'Freedman', '311-883-9037', '5 Lien Alley', 'fspellesyac@cmu.edu', '693-752-7266', 'PayPal', 78.29, 'Pending');
insert into Customer (CustomerID, Name, ContactInfo, Address, Email, Phone, PreferredPaymentMethod, CreditLimit, AccountStatus) values (374, 'Aurlie', '669-763-2382', '921 Petterle Lane', 'apetheridgead@quantcast.com', '118-402-9598', 'Credit Card', null, 'Active');
insert into Customer (CustomerID, Name, ContactInfo, Address, Email, Phone, PreferredPaymentMethod, CreditLimit, AccountStatus) values (375, 'Cammie', '108-495-4227', null, 'cedscerae@purevolume.com', '667-666-3583', 'Debit Card', 32.28, null);
insert into Customer (CustomerID, Name, ContactInfo, Address, Email, Phone, PreferredPaymentMethod, CreditLimit, AccountStatus) values (376, 'Noah', '282-115-4244', '25073 Golf Avenue', 'njaszczakaf@bravesites.com', '450-624-9439', 'Debit Card', 35.89, null);
insert into Customer (CustomerID, Name, ContactInfo, Address, Email, Phone, PreferredPaymentMethod, CreditLimit, AccountStatus) values (377, 'Deva', '494-715-9521', '3 Brown Parkway', 'dkenwynag@blogger.com', '881-381-6406', 'Cash', 93.47, 'Closed');
insert into Customer (CustomerID, Name, ContactInfo, Address, Email, Phone, PreferredPaymentMethod, CreditLimit, AccountStatus) values (378, 'Lorita', '837-194-0588', '35 Fremont Pass', 'lenderleinah@usatoday.com', '561-462-5992', 'Credit Card', 66.92, 'Pending');
insert into Customer (CustomerID, Name, ContactInfo, Address, Email, Phone, PreferredPaymentMethod, CreditLimit, AccountStatus) values (379, 'Kipp', '255-699-9886', '0216 Dakota Lane', null, '296-683-4215', 'Debit Card', null, null);
insert into Customer (CustomerID, Name, ContactInfo, Address, Email, Phone, PreferredPaymentMethod, CreditLimit, AccountStatus) values (380, 'Edie', '688-789-1294', '632 Eggendart Junction', 'ecrellimaj@yahoo.co.jp', '915-911-3770', 'Credit Card', 62.01, 'Inactive');
insert into Customer (CustomerID, Name, ContactInfo, Address, Email, Phone, PreferredPaymentMethod, CreditLimit, AccountStatus) values (381, 'Viki', '203-203-3447', '3129 Esch Crossing', 'vsapsonak@google.com.br', '851-316-7934', 'Cash', 59.53, 'Closed');
insert into Customer (CustomerID, Name, ContactInfo, Address, Email, Phone, PreferredPaymentMethod, CreditLimit, AccountStatus) values (382, 'Joshia', '905-719-7418', '43600 Hudson Hill', 'jgreetal@plala.or.jp', '606-751-2550', 'Cash', 15.76, 'Active');
insert into Customer (CustomerID, Name, ContactInfo, Address, Email, Phone, PreferredPaymentMethod, CreditLimit, AccountStatus) values (383, 'Alphard', '355-803-8300', null, 'akarczinskiam@forbes.com', '534-829-7881', 'Credit Card', 80.73, 'Inactive');
insert into Customer (CustomerID, Name, ContactInfo, Address, Email, Phone, PreferredPaymentMethod, CreditLimit, AccountStatus) values (384, 'Patrica', '601-179-2387', '9 Michigan Plaza', 'ppaszekan@yale.edu', '816-171-7510', null, 34.47, 'Closed');
insert into Customer (CustomerID, Name, ContactInfo, Address, Email, Phone, PreferredPaymentMethod, CreditLimit, AccountStatus) values (385, 'Melantha', '825-997-5205', null, 'mgirkao@xinhuanet.com', '717-934-7377', 'Debit Card', 86.3, 'Inactive');
insert into Customer (CustomerID, Name, ContactInfo, Address, Email, Phone, PreferredPaymentMethod, CreditLimit, AccountStatus) values (386, 'Kirk', '662-981-2676', '7 Dunning Alley', 'kvaadelandap@upenn.edu', '318-254-4717', 'Credit Card', null, null);
insert into Customer (CustomerID, Name, ContactInfo, Address, Email, Phone, PreferredPaymentMethod, CreditLimit, AccountStatus) values (387, 'Elihu', '717-519-7382', '8 Springview Lane', 'emancktelowaq@gov.uk', '681-901-3117', 'Debit Card', 97.55, 'Pending');
insert into Customer (CustomerID, Name, ContactInfo, Address, Email, Phone, PreferredPaymentMethod, CreditLimit, AccountStatus) values (388, 'Fin', '442-125-0540', '0 Rigney Street', 'froyansar@google.co.jp', '274-442-4294', 'Debit Card', 47.78, 'Inactive');
insert into Customer (CustomerID, Name, ContactInfo, Address, Email, Phone, PreferredPaymentMethod, CreditLimit, AccountStatus) values (389, 'Shalna', '138-723-1678', '98 Hooker Junction', 'sdietzleras@state.tx.us', '173-302-3845', 'PayPal', 36.44, null);
insert into Customer (CustomerID, Name, ContactInfo, Address, Email, Phone, PreferredPaymentMethod, CreditLimit, AccountStatus) values (390, 'Sergeant', '205-734-3266', null, 'sshevellat@xinhuanet.com', '734-418-5568', 'Credit Card', 44.0, 'Active');
insert into Customer (CustomerID, Name, ContactInfo, Address, Email, Phone, PreferredPaymentMethod, CreditLimit, AccountStatus) values (391, 'Sheelah', '710-539-1727', '04835 Red Cloud Parkway', 'sbrookesau@ask.com', '587-384-2865', 'Credit Card', 21.59, 'Closed');
insert into Customer (CustomerID, Name, ContactInfo, Address, Email, Phone, PreferredPaymentMethod, CreditLimit, AccountStatus) values (392, 'Elna', '162-485-0760', '5 Becker Point', 'emeininkingav@timesonline.co.uk', '305-396-6566', 'PayPal', null, 'Closed');
insert into Customer (CustomerID, Name, ContactInfo, Address, Email, Phone, PreferredPaymentMethod, CreditLimit, AccountStatus) values (393, 'Merilee', '296-428-0092', '7758 Arapahoe Plaza', 'msmalingaw@eepurl.com', '876-943-0274', 'PayPal', 68.54, 'Closed');
insert into Customer (CustomerID, Name, ContactInfo, Address, Email, Phone, PreferredPaymentMethod, CreditLimit, AccountStatus) values (394, 'Arman', '483-869-7539', '75276 David Parkway', 'auzzellax@ox.ac.uk', '545-678-6124', 'Debit Card', 88.04, 'Active');
insert into Customer (CustomerID, Name, ContactInfo, Address, Email, Phone, PreferredPaymentMethod, CreditLimit, AccountStatus) values (395, 'Janek', '226-693-8076', '1 Graedel Terrace', 'jtomensonay@tmall.com', '508-152-8935', 'Credit Card', null, 'Closed');
insert into Customer (CustomerID, Name, ContactInfo, Address, Email, Phone, PreferredPaymentMethod, CreditLimit, AccountStatus) values (396, 'Toinette', '317-463-5100', null, 'tfarbraceaz@e-recht24.de', '282-524-6862', 'PayPal', null, null);
insert into Customer (CustomerID, Name, ContactInfo, Address, Email, Phone, PreferredPaymentMethod, CreditLimit, AccountStatus) values (397, 'Meyer', '575-191-2189', '901 Ridge Oak Hill', 'mfeatherbieb0@disqus.com', '801-501-0126', 'PayPal', 70.5, 'Inactive');
insert into Customer (CustomerID, Name, ContactInfo, Address, Email, Phone, PreferredPaymentMethod, CreditLimit, AccountStatus) values (398, 'Hortensia', '561-103-1685', '437 School Junction', 'hveryb1@columbia.edu', '769-183-7331', 'Cash', 48.31, 'Pending');
insert into Customer (CustomerID, Name, ContactInfo, Address, Email, Phone, PreferredPaymentMethod, CreditLimit, AccountStatus) values (399, 'Doti', '601-841-5278', '88 Hauk Point', 'ddelafieldb2@jiathis.com', '534-385-2234', 'Cash', 62.31, null);
insert into Customer (CustomerID, Name, ContactInfo, Address, Email, Phone, PreferredPaymentMethod, CreditLimit, AccountStatus) values (400, 'Bobbie', '667-930-4822', '37 Barnett Parkway', 'bpomroyb3@dropbox.com', '910-275-8025', 'Credit Card', 18.71, 'Pending');
insert into Customer (CustomerID, Name, ContactInfo, Address, Email, Phone, PreferredPaymentMethod, CreditLimit, AccountStatus) values (401, 'Othello', '871-402-2895', null, 'ojerschkeb4@lulu.com', '363-843-3088', 'PayPal', null, 'Closed');
insert into Customer (CustomerID, Name, ContactInfo, Address, Email, Phone, PreferredPaymentMethod, CreditLimit, AccountStatus) values (402, 'Sib', '261-321-1368', '7579 Claremont Crossing', 'sdoneganb5@indiatimes.com', '361-525-9608', 'PayPal', 24.64, 'Pending');
insert into Customer (CustomerID, Name, ContactInfo, Address, Email, Phone, PreferredPaymentMethod, CreditLimit, AccountStatus) values (403, 'Cletus', '895-374-4675', '21017 Anzinger Pass', 'cferruccib6@bandcamp.com', '820-742-3605', 'Cash', 35.69, 'Inactive');
insert into Customer (CustomerID, Name, ContactInfo, Address, Email, Phone, PreferredPaymentMethod, CreditLimit, AccountStatus) values (404, 'Way', '614-487-3276', null, 'wsteersb7@nationalgeographic.com', '957-214-7333', 'Debit Card', 29.9, 'Pending');
insert into Customer (CustomerID, Name, ContactInfo, Address, Email, Phone, PreferredPaymentMethod, CreditLimit, AccountStatus) values (405, 'Donica', '712-736-8051', '45256 Waubesa Crossing', 'debourneb8@gmpg.org', '210-253-9525', 'Credit Card', 17.91, 'Closed');
insert into Customer (CustomerID, Name, ContactInfo, Address, Email, Phone, PreferredPaymentMethod, CreditLimit, AccountStatus) values (406, 'Malory', '540-352-4834', '5 Boyd Crossing', 'mairetonb9@simplemachines.org', '453-127-2074', 'Credit Card', 70.06, 'Closed');
insert into Customer (CustomerID, Name, ContactInfo, Address, Email, Phone, PreferredPaymentMethod, CreditLimit, AccountStatus) values (407, 'Adham', '928-778-1450', null, 'aduckwithba@census.gov', '573-174-7931', 'PayPal', 18.15, 'Inactive');
insert into Customer (CustomerID, Name, ContactInfo, Address, Email, Phone, PreferredPaymentMethod, CreditLimit, AccountStatus) values (408, 'Cherry', '117-961-1596', '15 Troy Center', 'cjentgesbb@nationalgeographic.com', '441-523-3390', 'Cash', 33.79, null);
insert into Customer (CustomerID, Name, ContactInfo, Address, Email, Phone, PreferredPaymentMethod, CreditLimit, AccountStatus) values (409, 'Vinny', '288-406-2893', '2 Rockefeller Point', 'vboyackbc@angelfire.com', '272-990-5403', 'Credit Card', 50.3, 'Pending');
insert into Customer (CustomerID, Name, ContactInfo, Address, Email, Phone, PreferredPaymentMethod, CreditLimit, AccountStatus) values (410, 'Lennie', '880-572-6823', null, 'lollettbd@xinhuanet.com', '902-782-2041', 'Credit Card', null, 'Pending');
insert into Customer (CustomerID, Name, ContactInfo, Address, Email, Phone, PreferredPaymentMethod, CreditLimit, AccountStatus) values (411, 'Alfie', '481-175-0992', null, 'ademetrbe@51.la', '646-114-6831', 'Cash', 52.64, null);
insert into Customer (CustomerID, Name, ContactInfo, Address, Email, Phone, PreferredPaymentMethod, CreditLimit, AccountStatus) values (412, 'Lynne', '830-540-6986', '38777 Heath Center', 'lpiriebf@canalblog.com', '930-277-4482', 'PayPal', 21.24, 'Inactive');
insert into Customer (CustomerID, Name, ContactInfo, Address, Email, Phone, PreferredPaymentMethod, CreditLimit, AccountStatus) values (413, 'Barbra', '147-773-8532', null, 'banglimbg@typepad.com', '371-998-4122', 'PayPal', 62.11, 'Pending');
insert into Customer (CustomerID, Name, ContactInfo, Address, Email, Phone, PreferredPaymentMethod, CreditLimit, AccountStatus) values (414, 'Pasquale', '985-216-0164', null, 'pbridgewaterbh@imdb.com', '431-121-6226', null, 72.9, 'Inactive');
insert into Customer (CustomerID, Name, ContactInfo, Address, Email, Phone, PreferredPaymentMethod, CreditLimit, AccountStatus) values (415, 'Ekaterina', '911-608-1469', '9575 Twin Pines Terrace', 'ebucktroutbi@cafepress.com', '235-691-2316', 'Credit Card', 52.58, 'Closed');
insert into Customer (CustomerID, Name, ContactInfo, Address, Email, Phone, PreferredPaymentMethod, CreditLimit, AccountStatus) values (416, 'Letti', '393-335-1294', '45661 Northwestern Circle', 'lmonkemanbj@cdc.gov', '513-332-4160', 'Cash', 95.39, 'Closed');
insert into Customer (CustomerID, Name, ContactInfo, Address, Email, Phone, PreferredPaymentMethod, CreditLimit, AccountStatus) values (417, 'Linette', '523-169-0084', '993 Springview Terrace', 'llegenbk@digg.com', '716-990-3034', 'Credit Card', null, 'Pending');
insert into Customer (CustomerID, Name, ContactInfo, Address, Email, Phone, PreferredPaymentMethod, CreditLimit, AccountStatus) values (418, 'Shanon', '603-346-0539', '9 Riverside Terrace', 'smacgilfoylebl@unc.edu', '514-390-8846', 'Cash', 69.85, 'Active');
insert into Customer (CustomerID, Name, ContactInfo, Address, Email, Phone, PreferredPaymentMethod, CreditLimit, AccountStatus) values (419, 'Jonathan', '669-315-3505', '24438 West Lane', 'jgheeraertbm@liveinternet.ru', '963-795-2870', 'Credit Card', null, 'Inactive');
insert into Customer (CustomerID, Name, ContactInfo, Address, Email, Phone, PreferredPaymentMethod, CreditLimit, AccountStatus) values (420, 'Verne', '701-128-2440', null, 'vfeldbaubn@businesswire.com', '309-514-0286', 'Debit Card', 70.99, 'Active');
insert into Customer (CustomerID, Name, ContactInfo, Address, Email, Phone, PreferredPaymentMethod, CreditLimit, AccountStatus) values (421, 'Bette-ann', '254-295-9934', null, 'byesipovbo@fema.gov', '129-418-9864', 'PayPal', 44.5, 'Closed');
insert into Customer (CustomerID, Name, ContactInfo, Address, Email, Phone, PreferredPaymentMethod, CreditLimit, AccountStatus) values (422, 'Lyndel', '727-558-5072', '176 Springview Pass', 'lbambrughbp@earthlink.net', '749-204-1370', 'PayPal', 90.72, 'Inactive');
insert into Customer (CustomerID, Name, ContactInfo, Address, Email, Phone, PreferredPaymentMethod, CreditLimit, AccountStatus) values (423, 'Muffin', '617-664-2396', '7188 Hovde Plaza', 'melacoatebq@ameblo.jp', '323-875-3074', 'PayPal', null, 'Pending');
insert into Customer (CustomerID, Name, ContactInfo, Address, Email, Phone, PreferredPaymentMethod, CreditLimit, AccountStatus) values (424, 'Lynnell', '407-753-4660', '91 Fair Oaks Crossing', 'lizhakovbr@irs.gov', '963-546-7380', 'Debit Card', null, null);
insert into Customer (CustomerID, Name, ContactInfo, Address, Email, Phone, PreferredPaymentMethod, CreditLimit, AccountStatus) values (425, 'Wini', '430-808-1970', '37635 Fallview Junction', 'wtippertonbs@wikispaces.com', '186-413-9576', 'Debit Card', 42.94, null);
insert into Customer (CustomerID, Name, ContactInfo, Address, Email, Phone, PreferredPaymentMethod, CreditLimit, AccountStatus) values (426, 'Wilie', '984-397-2453', '858 Coolidge Court', 'wgrzegorzewiczbt@moonfruit.com', '124-793-6717', null, null, 'Inactive');
insert into Customer (CustomerID, Name, ContactInfo, Address, Email, Phone, PreferredPaymentMethod, CreditLimit, AccountStatus) values (427, 'Stuart', '936-298-5552', null, 'sleaskbu@gizmodo.com', '425-239-6371', 'Credit Card', 31.89, 'Inactive');
insert into Customer (CustomerID, Name, ContactInfo, Address, Email, Phone, PreferredPaymentMethod, CreditLimit, AccountStatus) values (428, 'Rafi', '674-676-8182', '4 5th Road', 'rcheeversbv@webnode.com', '187-372-3312', 'Cash', 49.84, 'Closed');
insert into Customer (CustomerID, Name, ContactInfo, Address, Email, Phone, PreferredPaymentMethod, CreditLimit, AccountStatus) values (429, 'Zandra', '304-458-7488', '8 Oxford Way', 'znorebw@freewebs.com', '930-776-6719', 'Credit Card', 64.87, 'Pending');
insert into Customer (CustomerID, Name, ContactInfo, Address, Email, Phone, PreferredPaymentMethod, CreditLimit, AccountStatus) values (430, 'Cris', '661-839-6931', '55156 Utah Terrace', 'cfairbrotherbx@statcounter.com', '880-255-2066', 'Debit Card', 85.57, 'Pending');
insert into Customer (CustomerID, Name, ContactInfo, Address, Email, Phone, PreferredPaymentMethod, CreditLimit, AccountStatus) values (431, 'Mariam', '485-882-2582', null, 'mkoptaby@ed.gov', '761-418-5549', 'Cash', 95.44, null);
insert into Customer (CustomerID, Name, ContactInfo, Address, Email, Phone, PreferredPaymentMethod, CreditLimit, AccountStatus) values (432, 'Bernardina', '212-263-6598', '9 Coolidge Parkway', 'bfinnbz@lycos.com', '912-768-8291', 'Cash', 82.14, 'Active');
insert into Customer (CustomerID, Name, ContactInfo, Address, Email, Phone, PreferredPaymentMethod, CreditLimit, AccountStatus) values (433, 'Charlie', '476-663-4678', '7 Truax Terrace', 'cwickiec0@netlog.com', '825-739-6964', 'Cash', 70.97, 'Closed');
insert into Customer (CustomerID, Name, ContactInfo, Address, Email, Phone, PreferredPaymentMethod, CreditLimit, AccountStatus) values (434, 'Annemarie', '309-199-1313', '54854 Lawn Trail', 'acolisbec1@diigo.com', '705-588-0531', 'PayPal', 44.39, 'Inactive');
insert into Customer (CustomerID, Name, ContactInfo, Address, Email, Phone, PreferredPaymentMethod, CreditLimit, AccountStatus) values (435, 'Tadeo', '546-701-6191', null, 'tfolkertsc2@feedburner.com', '923-648-3066', 'Debit Card', 30.24, 'Active');
insert into Customer (CustomerID, Name, ContactInfo, Address, Email, Phone, PreferredPaymentMethod, CreditLimit, AccountStatus) values (436, 'Alisha', '112-674-8444', '010 Forest Run Parkway', 'ahanscombc3@sciencedaily.com', '273-544-8188', null, 33.04, 'Pending');
insert into Customer (CustomerID, Name, ContactInfo, Address, Email, Phone, PreferredPaymentMethod, CreditLimit, AccountStatus) values (437, 'Kelsey', '400-700-0192', '8 Pierstorff Road', 'kblanninc4@google.cn', '973-269-2021', null, 70.07, 'Closed');
insert into Customer (CustomerID, Name, ContactInfo, Address, Email, Phone, PreferredPaymentMethod, CreditLimit, AccountStatus) values (438, 'Danica', '405-741-2989', null, 'dskeinc5@live.com', '665-271-1406', null, 87.35, 'Pending');
insert into Customer (CustomerID, Name, ContactInfo, Address, Email, Phone, PreferredPaymentMethod, CreditLimit, AccountStatus) values (439, 'Grove', '597-126-0846', '62288 Barnett Crossing', 'gmcconwayc6@bandcamp.com', '452-302-9176', 'Cash', null, 'Pending');
insert into Customer (CustomerID, Name, ContactInfo, Address, Email, Phone, PreferredPaymentMethod, CreditLimit, AccountStatus) values (440, 'Gabbey', '177-631-5198', '6322 Stoughton Crossing', 'groxburchc7@goo.gl', '679-924-8348', 'Credit Card', 84.97, 'Active');
insert into Customer (CustomerID, Name, ContactInfo, Address, Email, Phone, PreferredPaymentMethod, CreditLimit, AccountStatus) values (441, 'Cherye', '670-529-7635', '4 Melvin Avenue', 'cseemanc8@intel.com', '874-880-1041', 'Debit Card', 28.63, 'Closed');
insert into Customer (CustomerID, Name, ContactInfo, Address, Email, Phone, PreferredPaymentMethod, CreditLimit, AccountStatus) values (442, 'Melvyn', '294-287-9657', '5764 Mccormick Court', 'mjurischc9@businesswire.com', '118-284-9630', 'Credit Card', 55.67, 'Closed');
insert into Customer (CustomerID, Name, ContactInfo, Address, Email, Phone, PreferredPaymentMethod, CreditLimit, AccountStatus) values (443, 'Kimberly', '130-276-5898', '7 Kennedy Court', 'kbuncomca@yellowpages.com', '875-161-3326', 'PayPal', null, 'Active');
insert into Customer (CustomerID, Name, ContactInfo, Address, Email, Phone, PreferredPaymentMethod, CreditLimit, AccountStatus) values (444, 'Rudiger', '979-550-1999', null, 'rquarlescb@nhs.uk', '156-692-0377', 'Cash', 78.1, 'Inactive');
insert into Customer (CustomerID, Name, ContactInfo, Address, Email, Phone, PreferredPaymentMethod, CreditLimit, AccountStatus) values (445, 'Raddy', '294-502-6579', '945 Namekagon Center', 'rhagguscc@bing.com', '422-574-3600', 'Debit Card', 16.41, 'Active');
insert into Customer (CustomerID, Name, ContactInfo, Address, Email, Phone, PreferredPaymentMethod, CreditLimit, AccountStatus) values (446, 'Ker', '877-295-9134', '1 Badeau Terrace', 'kbummfreycd@nyu.edu', '467-911-7038', 'PayPal', 78.0, null);
insert into Customer (CustomerID, Name, ContactInfo, Address, Email, Phone, PreferredPaymentMethod, CreditLimit, AccountStatus) values (447, 'Genevieve', '712-820-4096', null, 'gverissimoce@businessinsider.com', '654-373-5875', null, 39.9, 'Pending');
insert into Customer (CustomerID, Name, ContactInfo, Address, Email, Phone, PreferredPaymentMethod, CreditLimit, AccountStatus) values (448, 'Kimmie', '107-832-5150', '71 Crowley Way', 'kwensleycf@stanford.edu', '689-232-6224', 'PayPal', 59.03, 'Closed');
insert into Customer (CustomerID, Name, ContactInfo, Address, Email, Phone, PreferredPaymentMethod, CreditLimit, AccountStatus) values (449, 'Mel', '660-599-2661', '4 Eagle Crest Street', 'mmogenotcg@hhs.gov', '943-876-9660', 'Cash', 17.36, 'Pending');
insert into Customer (CustomerID, Name, ContactInfo, Address, Email, Phone, PreferredPaymentMethod, CreditLimit, AccountStatus) values (450, 'Abe', '769-974-8934', '049 Forest Dale Way', 'apennycookch@live.com', '269-585-0281', 'Debit Card', 58.21, 'Active');
insert into Customer (CustomerID, Name, ContactInfo, Address, Email, Phone, PreferredPaymentMethod, CreditLimit, AccountStatus) values (451, 'Lodovico', '396-687-2871', null, 'lgaddci@harvard.edu', '880-718-1515', 'PayPal', 23.08, 'Active');
insert into Customer (CustomerID, Name, ContactInfo, Address, Email, Phone, PreferredPaymentMethod, CreditLimit, AccountStatus) values (452, 'Marillin', '544-984-1960', '2247 Mandrake Junction', 'mslinecj@altervista.org', '403-238-1348', 'Cash', 26.76, 'Active');
insert into Customer (CustomerID, Name, ContactInfo, Address, Email, Phone, PreferredPaymentMethod, CreditLimit, AccountStatus) values (453, 'Hanan', '329-328-2725', null, 'hagiusck@google.it', '330-386-2676', 'Debit Card', 13.92, 'Active');
insert into Customer (CustomerID, Name, ContactInfo, Address, Email, Phone, PreferredPaymentMethod, CreditLimit, AccountStatus) values (454, 'Shaun', '869-350-6275', null, 'smackartancl@eepurl.com', '804-710-5392', 'PayPal', null, null);
insert into Customer (CustomerID, Name, ContactInfo, Address, Email, Phone, PreferredPaymentMethod, CreditLimit, AccountStatus) values (455, 'Eben', '883-137-6853', '5014 Manufacturers Center', 'ereefcm@loc.gov', '462-831-9478', 'Cash', 62.16, 'Inactive');
insert into Customer (CustomerID, Name, ContactInfo, Address, Email, Phone, PreferredPaymentMethod, CreditLimit, AccountStatus) values (456, 'Merrily', '996-514-5651', '5 Fremont Plaza', 'mjunescn@washington.edu', '367-519-5019', 'Credit Card', 14.66, 'Active');
insert into Customer (CustomerID, Name, ContactInfo, Address, Email, Phone, PreferredPaymentMethod, CreditLimit, AccountStatus) values (457, 'Gil', '377-297-7409', '67628 Melvin Trail', 'gbundeyco@boston.com', '298-221-9431', 'PayPal', 28.44, 'Inactive');
insert into Customer (CustomerID, Name, ContactInfo, Address, Email, Phone, PreferredPaymentMethod, CreditLimit, AccountStatus) values (458, 'Dorry', '634-623-7147', '9322 Johnson Way', 'ddjokiccp@gmpg.org', '553-168-2619', 'PayPal', null, 'Inactive');
insert into Customer (CustomerID, Name, ContactInfo, Address, Email, Phone, PreferredPaymentMethod, CreditLimit, AccountStatus) values (459, 'Kelby', '967-585-0534', '3 Fairview Way', 'krapseycq@apache.org', '758-560-7812', 'Cash', 58.31, 'Active');
insert into Customer (CustomerID, Name, ContactInfo, Address, Email, Phone, PreferredPaymentMethod, CreditLimit, AccountStatus) values (460, 'Marissa', '239-980-8795', null, 'mtourscr@com.com', '221-645-8652', 'Debit Card', null, 'Closed');
insert into Customer (CustomerID, Name, ContactInfo, Address, Email, Phone, PreferredPaymentMethod, CreditLimit, AccountStatus) values (461, 'Lucretia', '349-213-0654', '8 Porter Circle', 'lgynnics@sun.com', '193-161-2077', 'Cash', 34.73, 'Closed');
insert into Customer (CustomerID, Name, ContactInfo, Address, Email, Phone, PreferredPaymentMethod, CreditLimit, AccountStatus) values (462, 'Genovera', '253-699-6334', '007 Debs Parkway', 'gduxfieldct@hao123.com', '125-499-8510', 'Debit Card', 78.99, 'Closed');
insert into Customer (CustomerID, Name, ContactInfo, Address, Email, Phone, PreferredPaymentMethod, CreditLimit, AccountStatus) values (463, 'Miguelita', '331-471-7915', null, 'meblecu@last.fm', '811-960-2043', 'Cash', 25.55, 'Inactive');
insert into Customer (CustomerID, Name, ContactInfo, Address, Email, Phone, PreferredPaymentMethod, CreditLimit, AccountStatus) values (464, 'Jannelle', '486-810-4903', null, 'jtourcv@usnews.com', '288-909-4732', 'Debit Card', 18.37, 'Active');
insert into Customer (CustomerID, Name, ContactInfo, Address, Email, Phone, PreferredPaymentMethod, CreditLimit, AccountStatus) values (465, 'Isac', '268-168-4190', '2649 Onsgard Court', 'imackisoncw@prweb.com', '639-944-0819', 'Credit Card', null, 'Pending');
insert into Customer (CustomerID, Name, ContactInfo, Address, Email, Phone, PreferredPaymentMethod, CreditLimit, AccountStatus) values (466, 'Edy', '932-476-4731', '262 Maple Wood Drive', 'eclubbecx@smugmug.com', '570-471-3306', 'Credit Card', 78.87, 'Inactive');
insert into Customer (CustomerID, Name, ContactInfo, Address, Email, Phone, PreferredPaymentMethod, CreditLimit, AccountStatus) values (467, 'Max', '993-472-7821', '34 Butternut Circle', 'mzottolicy@hhs.gov', '146-786-4801', 'PayPal', null, 'Inactive');
insert into Customer (CustomerID, Name, ContactInfo, Address, Email, Phone, PreferredPaymentMethod, CreditLimit, AccountStatus) values (468, 'Nollie', '826-745-0404', '7724 Sherman Crossing', 'nedmeadescz@techcrunch.com', '943-842-8443', 'Credit Card', 55.98, 'Closed');
insert into Customer (CustomerID, Name, ContactInfo, Address, Email, Phone, PreferredPaymentMethod, CreditLimit, AccountStatus) values (469, 'Heather', '457-711-1679', '79 Carpenter Lane', 'hphateplaced0@google.ca', '438-922-1315', 'Cash', 56.68, null);
insert into Customer (CustomerID, Name, ContactInfo, Address, Email, Phone, PreferredPaymentMethod, CreditLimit, AccountStatus) values (470, 'Raynard', '768-547-3771', '1 Harper Way', 'rwordingtond1@flavors.me', '745-429-3387', 'Cash', 52.66, 'Closed');
insert into Customer (CustomerID, Name, ContactInfo, Address, Email, Phone, PreferredPaymentMethod, CreditLimit, AccountStatus) values (471, 'Vikky', '653-537-3273', '2199 Nova Trail', 'vredhoused2@51.la', '860-283-0609', 'Credit Card', 98.44, null);
insert into Customer (CustomerID, Name, ContactInfo, Address, Email, Phone, PreferredPaymentMethod, CreditLimit, AccountStatus) values (472, 'Olympie', '103-193-5857', '7754 Golf Course Court', 'obarabichd3@paypal.com', '579-356-8889', 'Credit Card', 29.55, 'Inactive');
insert into Customer (CustomerID, Name, ContactInfo, Address, Email, Phone, PreferredPaymentMethod, CreditLimit, AccountStatus) values (473, 'Sabra', '911-710-6763', '33505 Knutson Park', 'sposerd4@imageshack.us', '712-866-7171', 'Cash', 67.58, 'Closed');
insert into Customer (CustomerID, Name, ContactInfo, Address, Email, Phone, PreferredPaymentMethod, CreditLimit, AccountStatus) values (474, 'Melisande', '944-485-5000', '9927 Ronald Regan Pass', null, '846-556-0506', 'Debit Card', 93.83, 'Active');
insert into Customer (CustomerID, Name, ContactInfo, Address, Email, Phone, PreferredPaymentMethod, CreditLimit, AccountStatus) values (475, 'Harv', '117-684-2554', '47876 Nevada Point', 'hvalerid6@bbc.co.uk', '426-254-4486', 'PayPal', 81.63, 'Closed');
insert into Customer (CustomerID, Name, ContactInfo, Address, Email, Phone, PreferredPaymentMethod, CreditLimit, AccountStatus) values (476, 'Pepe', '808-620-4097', null, 'pkinnockd7@dagondesign.com', '715-936-1915', 'Credit Card', 28.21, 'Pending');
insert into Customer (CustomerID, Name, ContactInfo, Address, Email, Phone, PreferredPaymentMethod, CreditLimit, AccountStatus) values (477, 'Ethyl', '481-527-1804', null, 'eaggusd8@bbc.co.uk', '569-269-6912', 'Cash', 71.89, 'Closed');
insert into Customer (CustomerID, Name, ContactInfo, Address, Email, Phone, PreferredPaymentMethod, CreditLimit, AccountStatus) values (478, 'Elisabeth', '193-677-2515', null, 'esikorskyd9@answers.com', '944-689-7201', 'Debit Card', 45.54, 'Active');
insert into Customer (CustomerID, Name, ContactInfo, Address, Email, Phone, PreferredPaymentMethod, CreditLimit, AccountStatus) values (479, 'Irwinn', '514-489-1493', '930 Katie Terrace', 'icrosterda@sohu.com', '231-917-1724', 'PayPal', 40.33, 'Inactive');
insert into Customer (CustomerID, Name, ContactInfo, Address, Email, Phone, PreferredPaymentMethod, CreditLimit, AccountStatus) values (480, 'Burke', '939-566-5162', '858 Hudson Road', 'bdarrigoedb@amazon.de', '788-288-6292', 'Debit Card', null, 'Closed');
insert into Customer (CustomerID, Name, ContactInfo, Address, Email, Phone, PreferredPaymentMethod, CreditLimit, AccountStatus) values (481, 'Rene', '549-495-2940', null, 'rgosdendc@jugem.jp', '993-761-6982', 'Cash', 18.87, 'Closed');
insert into Customer (CustomerID, Name, ContactInfo, Address, Email, Phone, PreferredPaymentMethod, CreditLimit, AccountStatus) values (482, 'Matthieu', '502-428-0820', null, 'mmckeggiedd@eepurl.com', '842-629-0266', 'PayPal', 65.99, 'Inactive');
insert into Customer (CustomerID, Name, ContactInfo, Address, Email, Phone, PreferredPaymentMethod, CreditLimit, AccountStatus) values (483, 'Sigfrid', '431-984-5133', '71 Emmet Alley', 'sfaustiande@behance.net', '337-441-9785', 'PayPal', 83.29, 'Closed');
insert into Customer (CustomerID, Name, ContactInfo, Address, Email, Phone, PreferredPaymentMethod, CreditLimit, AccountStatus) values (484, 'Terrill', '583-401-9030', null, 'thardypiggindf@hexun.com', '356-721-2007', 'PayPal', 91.36, 'Active');
insert into Customer (CustomerID, Name, ContactInfo, Address, Email, Phone, PreferredPaymentMethod, CreditLimit, AccountStatus) values (485, 'Maxim', '497-173-9625', '9 Russell Point', 'mbraunsteindg@constantcontact.com', '299-712-8743', null, null, 'Active');
insert into Customer (CustomerID, Name, ContactInfo, Address, Email, Phone, PreferredPaymentMethod, CreditLimit, AccountStatus) values (486, 'Maddie', '355-616-2123', '73490 Burrows Road', 'mswanndh@epa.gov', '683-839-0999', 'Credit Card', null, 'Pending');
insert into Customer (CustomerID, Name, ContactInfo, Address, Email, Phone, PreferredPaymentMethod, CreditLimit, AccountStatus) values (487, 'Redford', '214-206-7010', '64962 Havey Crossing', 'rfelcedi@accuweather.com', '400-424-2708', 'Cash', null, 'Active');
insert into Customer (CustomerID, Name, ContactInfo, Address, Email, Phone, PreferredPaymentMethod, CreditLimit, AccountStatus) values (488, 'Lana', '960-464-2136', '88390 Browning Avenue', 'llamersdj@phpbb.com', '158-254-0040', 'Debit Card', 60.74, 'Pending');
insert into Customer (CustomerID, Name, ContactInfo, Address, Email, Phone, PreferredPaymentMethod, CreditLimit, AccountStatus) values (489, 'Muffin', '723-544-0012', '1 Huxley Place', 'mfeigedk@dedecms.com', '480-562-4309', 'Credit Card', 94.29, 'Active');
insert into Customer (CustomerID, Name, ContactInfo, Address, Email, Phone, PreferredPaymentMethod, CreditLimit, AccountStatus) values (490, 'Leigha', '417-393-4606', '48256 Village Green Junction', 'lferrydl@google.ca', '972-646-1066', 'Debit Card', 76.27, 'Pending');
insert into Customer (CustomerID, Name, ContactInfo, Address, Email, Phone, PreferredPaymentMethod, CreditLimit, AccountStatus) values (491, 'Nichole', '336-648-1721', '8 Lakewood Gardens Center', 'nmoodiedm@mayoclinic.com', '926-972-5025', 'Debit Card', 28.09, null);
insert into Customer (CustomerID, Name, ContactInfo, Address, Email, Phone, PreferredPaymentMethod, CreditLimit, AccountStatus) values (492, 'Leontyne', '109-404-4150', '1157 Sunfield Trail', 'lpassiondn@cnet.com', '545-198-6410', 'Debit Card', 36.09, 'Closed');
insert into Customer (CustomerID, Name, ContactInfo, Address, Email, Phone, PreferredPaymentMethod, CreditLimit, AccountStatus) values (493, 'Calv', '999-184-5265', '50896 Monterey Drive', 'cdonativodo@constantcontact.com', '445-806-2490', 'PayPal', null, 'Inactive');
insert into Customer (CustomerID, Name, ContactInfo, Address, Email, Phone, PreferredPaymentMethod, CreditLimit, AccountStatus) values (494, 'Ahmad', '818-364-2123', '1260 Lotheville Crossing', 'aglasnerdp@exblog.jp', '329-442-3083', 'Credit Card', 57.36, 'Closed');
insert into Customer (CustomerID, Name, ContactInfo, Address, Email, Phone, PreferredPaymentMethod, CreditLimit, AccountStatus) values (495, 'Mehetabel', '325-306-7203', '21792 Tennyson Alley', 'mdaneletdq@paginegialle.it', '108-966-0183', 'Credit Card', 23.7, 'Closed');
insert into Customer (CustomerID, Name, ContactInfo, Address, Email, Phone, PreferredPaymentMethod, CreditLimit, AccountStatus) values (496, 'Chev', '132-782-0636', '622 Katie Point', 'cgarvandr@cbsnews.com', '303-950-5215', 'Cash', 38.46, 'Active');
insert into Customer (CustomerID, Name, ContactInfo, Address, Email, Phone, PreferredPaymentMethod, CreditLimit, AccountStatus) values (497, 'Rancell', '951-580-8368', '27473 Prentice Pass', 'rbrendelds@eventbrite.com', '352-339-8013', 'Debit Card', 10.67, 'Inactive');
insert into Customer (CustomerID, Name, ContactInfo, Address, Email, Phone, PreferredPaymentMethod, CreditLimit, AccountStatus) values (498, 'Gretna', '575-129-0360', '075 Drewry Hill', 'gdurbindt@timesonline.co.uk', '689-231-6101', 'PayPal', 92.32, 'Active');
insert into Customer (CustomerID, Name, ContactInfo, Address, Email, Phone, PreferredPaymentMethod, CreditLimit, AccountStatus) values (499, 'Sharline', '246-609-0690', '9 Jana Way', 'salvisdu@eepurl.com', '979-406-5499', 'Credit Card', 82.28, 'Inactive');
insert into Customer (CustomerID, Name, ContactInfo, Address, Email, Phone, PreferredPaymentMethod, CreditLimit, AccountStatus) values (500, 'Rozele', '417-746-1410', '9 Troy Plaza', 'rpercydv@odnoklassniki.ru', '135-150-4956', 'Credit Card', null, 'Active');

-- Shipment
insert into Shipment (ShipmentID, WarehouseID, OrderID, ShipmentDate, EstimatedArrivalDate, ActualArrivalDate, Status, Carrier) values (1, 9, 1, '2020-03-12 09:56:51', null, '2013-07-14 00:22:29', 'Delayed', 'UPS');
insert into Shipment (ShipmentID, WarehouseID, OrderID, ShipmentDate, EstimatedArrivalDate, ActualArrivalDate, Status, Carrier) values (2, 8, 2, null, '2022-02-01 16:44:04', '2003-10-09 23:08:33', 'Delayed', 'DHL');
insert into Shipment (ShipmentID, WarehouseID, OrderID, ShipmentDate, EstimatedArrivalDate, ActualArrivalDate, Status, Carrier) values (3, 9, 3, '2008-11-18 21:12:44', '2020-10-30 21:19:42', '2015-10-04 14:57:05', 'Delivered', 'FedEx');
insert into Shipment (ShipmentID, WarehouseID, OrderID, ShipmentDate, EstimatedArrivalDate, ActualArrivalDate, Status, Carrier) values (4, 2, 4, '2017-08-14 09:48:00', '2006-05-21 07:23:22', '2011-09-06 03:34:32', 'Delayed', 'UPS');
insert into Shipment (ShipmentID, WarehouseID, OrderID, ShipmentDate, EstimatedArrivalDate, ActualArrivalDate, Status, Carrier) values (5, 9, 5, '2011-10-10 18:40:17', '2014-03-21 19:08:06', '2003-11-24 13:22:08', 'In Transit', 'FedEx');
insert into Shipment (ShipmentID, WarehouseID, OrderID, ShipmentDate, EstimatedArrivalDate, ActualArrivalDate, Status, Carrier) values (6, 7, 6, '2007-01-30 15:28:15', '2014-08-11 14:43:17', '2011-03-18 19:29:09', 'Delayed', 'UPS');
insert into Shipment (ShipmentID, WarehouseID, OrderID, ShipmentDate, EstimatedArrivalDate, ActualArrivalDate, Status, Carrier) values (7, 6, 7, '2012-04-06 00:35:37', '2008-05-14 11:38:39', '2012-01-04 02:50:07', 'In Transit', 'UPS');
insert into Shipment (ShipmentID, WarehouseID, OrderID, ShipmentDate, EstimatedArrivalDate, ActualArrivalDate, Status, Carrier) values (8, 7, 8, '2015-06-19 04:40:41', '2016-07-12 04:44:47', '2014-01-29 03:52:49', 'In Transit', 'UPS');
insert into Shipment (ShipmentID, WarehouseID, OrderID, ShipmentDate, EstimatedArrivalDate, ActualArrivalDate, Status, Carrier) values (9, 2, 9, '2012-12-30 22:08:53', '2005-03-21 01:39:01', '2021-09-20 00:10:58', 'In Transit', 'USPS');
insert into Shipment (ShipmentID, WarehouseID, OrderID, ShipmentDate, EstimatedArrivalDate, ActualArrivalDate, Status, Carrier) values (10, 2, 10, '2017-03-05 06:31:02', '2001-04-26 03:37:35', '2021-06-03 20:23:27', 'Out for Delivery', 'DHL');
insert into Shipment (ShipmentID, WarehouseID, OrderID, ShipmentDate, EstimatedArrivalDate, ActualArrivalDate, Status, Carrier) values (11, 4, 11, '2022-05-16 08:26:21', '2010-02-21 20:32:52', '2021-05-15 20:21:38', 'In Transit', 'UPS');
insert into Shipment (ShipmentID, WarehouseID, OrderID, ShipmentDate, EstimatedArrivalDate, ActualArrivalDate, Status, Carrier) values (12, 2, 12, '2019-04-12 17:31:39', '2009-10-30 15:51:17', '2012-12-31 21:32:23', 'In Transit', 'USPS');
insert into Shipment (ShipmentID, WarehouseID, OrderID, ShipmentDate, EstimatedArrivalDate, ActualArrivalDate, Status, Carrier) values (13, 9, 13, '2008-09-18 16:46:16', '2010-09-10 01:51:30', '2013-07-21 18:10:10', 'Delivered', 'USPS');
insert into Shipment (ShipmentID, WarehouseID, OrderID, ShipmentDate, EstimatedArrivalDate, ActualArrivalDate, Status, Carrier) values (14, 9, 14, null, '2007-12-28 20:18:35', '2010-09-14 11:35:47', 'Delayed', 'FedEx');
insert into Shipment (ShipmentID, WarehouseID, OrderID, ShipmentDate, EstimatedArrivalDate, ActualArrivalDate, Status, Carrier) values (15, 6, 15, '2024-01-01 03:05:38', '2005-12-08 09:07:12', '2009-10-03 11:45:19', 'In Transit', 'DHL');
insert into Shipment (ShipmentID, WarehouseID, OrderID, ShipmentDate, EstimatedArrivalDate, ActualArrivalDate, Status, Carrier) values (16, 9, 16, '2004-08-27 18:22:54', '2009-08-13 07:18:39', '2009-10-13 11:32:40', 'In Transit', 'USPS');
insert into Shipment (ShipmentID, WarehouseID, OrderID, ShipmentDate, EstimatedArrivalDate, ActualArrivalDate, Status, Carrier) values (17, 3, 17, '2000-08-22 13:33:57', '2014-01-29 03:03:56', '2019-06-19 05:30:54', 'Delivered', 'USPS');
insert into Shipment (ShipmentID, WarehouseID, OrderID, ShipmentDate, EstimatedArrivalDate, ActualArrivalDate, Status, Carrier) values (18, 7, 18, null, '2021-04-09 19:57:58', '2020-10-24 01:26:36', 'Out for Delivery', 'UPS');
insert into Shipment (ShipmentID, WarehouseID, OrderID, ShipmentDate, EstimatedArrivalDate, ActualArrivalDate, Status, Carrier) values (19, 9, 19, '2016-09-21 10:14:04', '2022-06-03 06:33:15', '2013-05-04 05:30:28', 'Out for Delivery', 'USPS');
insert into Shipment (ShipmentID, WarehouseID, OrderID, ShipmentDate, EstimatedArrivalDate, ActualArrivalDate, Status, Carrier) values (20, 8, 20, '2009-11-26 15:42:02', '2013-06-22 07:27:20', '2010-07-31 21:30:01', 'Out for Delivery', 'USPS');
insert into Shipment (ShipmentID, WarehouseID, OrderID, ShipmentDate, EstimatedArrivalDate, ActualArrivalDate, Status, Carrier) values (21, 5, 21, '2009-05-20 12:09:03', '2015-07-08 17:06:18', '2022-06-23 17:07:48', 'Delayed', 'FedEx');
insert into Shipment (ShipmentID, WarehouseID, OrderID, ShipmentDate, EstimatedArrivalDate, ActualArrivalDate, Status, Carrier) values (22, 7, 22, null, '2019-03-21 15:06:55', '2003-05-01 16:23:13', 'Delayed', 'USPS');
insert into Shipment (ShipmentID, WarehouseID, OrderID, ShipmentDate, EstimatedArrivalDate, ActualArrivalDate, Status, Carrier) values (23, 9, 23, '2009-01-25 08:19:42', '2020-11-27 04:52:01', '2010-12-17 16:41:26', 'Delayed', 'UPS');
insert into Shipment (ShipmentID, WarehouseID, OrderID, ShipmentDate, EstimatedArrivalDate, ActualArrivalDate, Status, Carrier) values (24, 6, 24, '2003-09-23 07:23:29', '2011-08-31 16:42:08', '2019-04-17 00:06:26', 'In Transit', 'USPS');
insert into Shipment (ShipmentID, WarehouseID, OrderID, ShipmentDate, EstimatedArrivalDate, ActualArrivalDate, Status, Carrier) values (25, 7, 25, '2018-05-02 02:40:54', '2018-11-30 18:42:34', '2003-01-22 17:47:04', 'Delivered', 'USPS');
insert into Shipment (ShipmentID, WarehouseID, OrderID, ShipmentDate, EstimatedArrivalDate, ActualArrivalDate, Status, Carrier) values (26, 8, 26, '2006-07-29 17:28:43', '2003-04-06 21:57:56', '2011-04-27 02:27:31', 'Out for Delivery', 'DHL');
insert into Shipment (ShipmentID, WarehouseID, OrderID, ShipmentDate, EstimatedArrivalDate, ActualArrivalDate, Status, Carrier) values (27, 5, 27, '2006-12-06 03:17:29', '2024-09-07 07:24:00', null, 'Out for Delivery', 'UPS');
insert into Shipment (ShipmentID, WarehouseID, OrderID, ShipmentDate, EstimatedArrivalDate, ActualArrivalDate, Status, Carrier) values (28, 9, 28, '2016-11-23 18:10:44', '2021-07-21 21:03:44', '2012-06-22 09:15:03', 'Delivered', 'UPS');
insert into Shipment (ShipmentID, WarehouseID, OrderID, ShipmentDate, EstimatedArrivalDate, ActualArrivalDate, Status, Carrier) values (29, 4, 29, '2012-05-16 13:15:27', '2014-09-08 12:14:58', '2021-12-12 14:39:05', 'Delayed', 'FedEx');
insert into Shipment (ShipmentID, WarehouseID, OrderID, ShipmentDate, EstimatedArrivalDate, ActualArrivalDate, Status, Carrier) values (30, 6, 30, '2012-07-21 23:42:41', '2000-05-05 04:15:41', '2018-06-10 15:14:28', 'Delivered', 'DHL');
insert into Shipment (ShipmentID, WarehouseID, OrderID, ShipmentDate, EstimatedArrivalDate, ActualArrivalDate, Status, Carrier) values (31, 2, 31, '2012-07-18 20:28:33', '2016-05-04 13:00:46', '2015-04-25 14:14:30', 'In Transit', 'USPS');
insert into Shipment (ShipmentID, WarehouseID, OrderID, ShipmentDate, EstimatedArrivalDate, ActualArrivalDate, Status, Carrier) values (32, 1, 32, '2003-08-04 16:44:39', '2023-03-29 02:48:15', '2023-08-05 17:48:32', 'Delayed', 'UPS');
insert into Shipment (ShipmentID, WarehouseID, OrderID, ShipmentDate, EstimatedArrivalDate, ActualArrivalDate, Status, Carrier) values (33, 4, 33, '2015-03-31 06:09:57', '2004-03-06 15:26:01', '2016-11-07 16:03:04', 'Delivered', 'UPS');
insert into Shipment (ShipmentID, WarehouseID, OrderID, ShipmentDate, EstimatedArrivalDate, ActualArrivalDate, Status, Carrier) values (34, 3, 34, '2017-06-12 21:39:56', '2000-02-20 20:12:13', '2017-07-02 10:39:04', 'Delayed', 'UPS');
insert into Shipment (ShipmentID, WarehouseID, OrderID, ShipmentDate, EstimatedArrivalDate, ActualArrivalDate, Status, Carrier) values (35, 1, 35, '2015-06-20 03:25:35', '2002-09-16 10:14:16', '2017-01-08 14:25:43', 'Delayed', 'DHL');
insert into Shipment (ShipmentID, WarehouseID, OrderID, ShipmentDate, EstimatedArrivalDate, ActualArrivalDate, Status, Carrier) values (36, 4, 36, '2009-08-22 02:33:28', '2013-07-21 05:28:22', '2019-01-03 01:06:07', 'In Transit', 'DHL');
insert into Shipment (ShipmentID, WarehouseID, OrderID, ShipmentDate, EstimatedArrivalDate, ActualArrivalDate, Status, Carrier) values (37, 1, 37, '2005-05-01 12:13:25', '2009-11-10 07:32:09', null, 'Delayed', 'DHL');
insert into Shipment (ShipmentID, WarehouseID, OrderID, ShipmentDate, EstimatedArrivalDate, ActualArrivalDate, Status, Carrier) values (38, 8, 38, '2017-12-25 15:32:03', '2002-10-25 18:19:37', '2005-02-28 07:43:15', 'Out for Delivery', 'FedEx');
insert into Shipment (ShipmentID, WarehouseID, OrderID, ShipmentDate, EstimatedArrivalDate, ActualArrivalDate, Status, Carrier) values (39, 8, 39, '2002-12-08 19:51:46', null, '2006-02-15 22:45:18', 'Out for Delivery', 'DHL');
insert into Shipment (ShipmentID, WarehouseID, OrderID, ShipmentDate, EstimatedArrivalDate, ActualArrivalDate, Status, Carrier) values (40, 6, 40, '2017-11-02 07:43:58', '2024-11-18 06:46:04', '2013-09-23 22:50:10', 'Delayed', 'UPS');
insert into Shipment (ShipmentID, WarehouseID, OrderID, ShipmentDate, EstimatedArrivalDate, ActualArrivalDate, Status, Carrier) values (41, 7, 41, '2002-12-01 18:30:37', '2012-06-19 18:02:59', '2010-04-20 15:19:43', 'Delayed', 'DHL');
insert into Shipment (ShipmentID, WarehouseID, OrderID, ShipmentDate, EstimatedArrivalDate, ActualArrivalDate, Status, Carrier) values (42, 1, 42, '2018-12-06 13:38:51', null, '2004-10-16 13:37:04', 'Delayed', 'FedEx');
insert into Shipment (ShipmentID, WarehouseID, OrderID, ShipmentDate, EstimatedArrivalDate, ActualArrivalDate, Status, Carrier) values (43, 8, 43, '2023-03-22 09:03:00', '2023-02-26 00:17:10', '2009-09-18 21:04:52', 'In Transit', 'DHL');
insert into Shipment (ShipmentID, WarehouseID, OrderID, ShipmentDate, EstimatedArrivalDate, ActualArrivalDate, Status, Carrier) values (44, 7, 44, '2011-06-05 20:26:51', '2007-06-17 17:41:35', '2017-07-07 07:46:39', 'Delayed', 'USPS');
insert into Shipment (ShipmentID, WarehouseID, OrderID, ShipmentDate, EstimatedArrivalDate, ActualArrivalDate, Status, Carrier) values (45, 1, 45, '2014-12-10 22:34:33', '2014-08-08 11:51:26', '2021-04-06 10:32:57', 'Delivered', 'USPS');
insert into Shipment (ShipmentID, WarehouseID, OrderID, ShipmentDate, EstimatedArrivalDate, ActualArrivalDate, Status, Carrier) values (46, 2, 46, '2005-01-05 16:07:17', '2014-03-23 17:10:54', null, 'Out for Delivery', 'UPS');
insert into Shipment (ShipmentID, WarehouseID, OrderID, ShipmentDate, EstimatedArrivalDate, ActualArrivalDate, Status, Carrier) values (47, 10, 47, '2017-08-02 15:23:05', '2019-04-25 01:39:09', '2002-03-26 15:38:31', 'Delivered', 'FedEx');
insert into Shipment (ShipmentID, WarehouseID, OrderID, ShipmentDate, EstimatedArrivalDate, ActualArrivalDate, Status, Carrier) values (48, 8, 48, '2019-12-02 11:36:06', '2024-11-26 04:14:54', '2020-01-19 07:46:07', 'Out for Delivery', 'DHL');
insert into Shipment (ShipmentID, WarehouseID, OrderID, ShipmentDate, EstimatedArrivalDate, ActualArrivalDate, Status, Carrier) values (49, 7, 49, '2003-02-10 00:07:29', '2003-09-26 10:41:30', '2020-04-17 03:08:08', 'Delayed', 'USPS');
insert into Shipment (ShipmentID, WarehouseID, OrderID, ShipmentDate, EstimatedArrivalDate, ActualArrivalDate, Status, Carrier) values (50, 1, 50, '2024-10-04 10:36:09', '2007-09-03 17:27:37', '2003-11-04 10:50:41', 'In Transit', 'FedEx');
insert into Shipment (ShipmentID, WarehouseID, OrderID, ShipmentDate, EstimatedArrivalDate, ActualArrivalDate, Status, Carrier) values (51, 4, 51, '2006-12-03 09:25:14', '2000-01-17 20:40:12', '2011-08-04 18:50:21', 'Delayed', 'USPS');
insert into Shipment (ShipmentID, WarehouseID, OrderID, ShipmentDate, EstimatedArrivalDate, ActualArrivalDate, Status, Carrier) values (52, 7, 52, '2007-10-05 09:47:37', '2024-08-04 08:05:40', '2004-06-12 11:42:21', 'Delivered', 'DHL');
insert into Shipment (ShipmentID, WarehouseID, OrderID, ShipmentDate, EstimatedArrivalDate, ActualArrivalDate, Status, Carrier) values (53, 1, 53, '2023-07-27 20:31:21', '2009-10-31 23:56:48', '2019-08-13 09:06:14', 'Delivered', 'DHL');
insert into Shipment (ShipmentID, WarehouseID, OrderID, ShipmentDate, EstimatedArrivalDate, ActualArrivalDate, Status, Carrier) values (54, 10, 54, '2019-09-08 02:03:16', '2007-01-13 10:38:16', '2012-05-07 15:00:48', 'In Transit', 'DHL');
insert into Shipment (ShipmentID, WarehouseID, OrderID, ShipmentDate, EstimatedArrivalDate, ActualArrivalDate, Status, Carrier) values (55, 6, 55, '2007-07-26 05:06:34', '2006-06-03 14:06:54', '2004-10-13 12:28:22', 'Delivered', 'FedEx');
insert into Shipment (ShipmentID, WarehouseID, OrderID, ShipmentDate, EstimatedArrivalDate, ActualArrivalDate, Status, Carrier) values (56, 7, 56, '2001-09-29 08:02:01', '2007-10-08 15:01:56', '2010-04-18 20:23:14', 'Delivered', 'DHL');
insert into Shipment (ShipmentID, WarehouseID, OrderID, ShipmentDate, EstimatedArrivalDate, ActualArrivalDate, Status, Carrier) values (57, 1, 57, '2006-03-27 07:24:23', '2024-10-26 03:16:27', '2023-06-09 08:16:31', 'Delivered', 'DHL');
insert into Shipment (ShipmentID, WarehouseID, OrderID, ShipmentDate, EstimatedArrivalDate, ActualArrivalDate, Status, Carrier) values (58, 1, 58, '2018-04-26 01:48:13', '2019-03-02 01:24:19', '2021-12-04 11:43:26', 'Out for Delivery', 'USPS');
insert into Shipment (ShipmentID, WarehouseID, OrderID, ShipmentDate, EstimatedArrivalDate, ActualArrivalDate, Status, Carrier) values (59, 9, 59, '2007-05-25 16:03:59', '2003-10-16 10:07:09', '2017-01-08 22:40:16', 'Delivered', 'USPS');
insert into Shipment (ShipmentID, WarehouseID, OrderID, ShipmentDate, EstimatedArrivalDate, ActualArrivalDate, Status, Carrier) values (60, 3, 60, '2018-10-02 10:15:30', '2013-02-25 01:20:23', '2016-02-13 12:52:07', 'Delivered', 'DHL');
insert into Shipment (ShipmentID, WarehouseID, OrderID, ShipmentDate, EstimatedArrivalDate, ActualArrivalDate, Status, Carrier) values (61, 7, 61, '2019-03-05 10:13:36', '2008-07-02 17:39:24', null, 'Delivered', 'DHL');
insert into Shipment (ShipmentID, WarehouseID, OrderID, ShipmentDate, EstimatedArrivalDate, ActualArrivalDate, Status, Carrier) values (62, 8, 62, '2018-02-06 13:04:31', '2021-07-27 07:13:49', '2016-03-22 13:21:24', 'Delayed', 'USPS');
insert into Shipment (ShipmentID, WarehouseID, OrderID, ShipmentDate, EstimatedArrivalDate, ActualArrivalDate, Status, Carrier) values (63, 5, 63, '2014-07-15 03:42:38', '2023-06-22 19:36:23', '2010-10-21 01:22:30', 'Out for Delivery', 'UPS');
insert into Shipment (ShipmentID, WarehouseID, OrderID, ShipmentDate, EstimatedArrivalDate, ActualArrivalDate, Status, Carrier) values (64, 9, 64, '2022-01-22 02:32:24', '2001-06-28 17:35:17', '2023-12-01 04:45:05', 'Delivered', 'USPS');
insert into Shipment (ShipmentID, WarehouseID, OrderID, ShipmentDate, EstimatedArrivalDate, ActualArrivalDate, Status, Carrier) values (65, 6, 65, '2011-04-12 17:39:07', '2000-02-02 16:08:14', '2024-02-26 12:11:18', 'In Transit', 'UPS');
insert into Shipment (ShipmentID, WarehouseID, OrderID, ShipmentDate, EstimatedArrivalDate, ActualArrivalDate, Status, Carrier) values (66, 10, 66, '2006-11-25 09:02:34', '2019-07-29 09:23:27', '2000-12-14 09:22:52', 'In Transit', 'DHL');
insert into Shipment (ShipmentID, WarehouseID, OrderID, ShipmentDate, EstimatedArrivalDate, ActualArrivalDate, Status, Carrier) values (67, 2, 67, '2002-03-06 15:27:14', '2013-08-16 06:54:19', '2018-08-10 01:40:54', 'Delivered', 'FedEx');
insert into Shipment (ShipmentID, WarehouseID, OrderID, ShipmentDate, EstimatedArrivalDate, ActualArrivalDate, Status, Carrier) values (68, 4, 68, '2008-11-22 23:36:56', '2020-06-29 22:37:37', '2020-05-08 11:38:31', 'In Transit', 'FedEx');
insert into Shipment (ShipmentID, WarehouseID, OrderID, ShipmentDate, EstimatedArrivalDate, ActualArrivalDate, Status, Carrier) values (69, 9, 69, '2022-02-06 14:37:21', '2020-05-08 10:20:47', '2004-08-04 19:49:18', 'Delivered', 'FedEx');
insert into Shipment (ShipmentID, WarehouseID, OrderID, ShipmentDate, EstimatedArrivalDate, ActualArrivalDate, Status, Carrier) values (70, 8, 70, '2001-12-23 09:01:45', '2002-04-20 14:23:18', '2005-02-09 21:06:50', 'In Transit', 'DHL');
insert into Shipment (ShipmentID, WarehouseID, OrderID, ShipmentDate, EstimatedArrivalDate, ActualArrivalDate, Status, Carrier) values (71, 6, 71, '2011-02-09 04:58:38', '2003-11-03 03:16:05', '2003-05-02 08:11:34', 'Delivered', 'USPS');
insert into Shipment (ShipmentID, WarehouseID, OrderID, ShipmentDate, EstimatedArrivalDate, ActualArrivalDate, Status, Carrier) values (72, 1, 72, '2001-08-08 17:12:16', '2004-04-22 04:04:18', '2018-08-07 19:10:57', 'Out for Delivery', 'UPS');
insert into Shipment (ShipmentID, WarehouseID, OrderID, ShipmentDate, EstimatedArrivalDate, ActualArrivalDate, Status, Carrier) values (73, 1, 73, '2006-01-26 01:08:44', '2018-01-17 07:23:08', '2007-05-22 11:02:25', 'Delivered', 'USPS');
insert into Shipment (ShipmentID, WarehouseID, OrderID, ShipmentDate, EstimatedArrivalDate, ActualArrivalDate, Status, Carrier) values (74, 10, 74, '2010-12-18 08:30:41', '2015-12-14 13:45:26', '2020-06-16 12:33:21', 'In Transit', 'FedEx');
insert into Shipment (ShipmentID, WarehouseID, OrderID, ShipmentDate, EstimatedArrivalDate, ActualArrivalDate, Status, Carrier) values (75, 10, 75, '2019-10-21 02:30:24', '2022-02-20 10:02:25', '2023-01-13 03:41:18', 'Delivered', 'FedEx');
insert into Shipment (ShipmentID, WarehouseID, OrderID, ShipmentDate, EstimatedArrivalDate, ActualArrivalDate, Status, Carrier) values (76, 3, 76, '2022-04-03 23:04:00', '2016-01-08 08:55:20', '2016-11-13 05:16:35', 'In Transit', 'UPS');
insert into Shipment (ShipmentID, WarehouseID, OrderID, ShipmentDate, EstimatedArrivalDate, ActualArrivalDate, Status, Carrier) values (77, 2, 77, '2016-06-06 05:17:00', '2002-11-17 21:48:31', '2010-08-23 10:07:08', 'In Transit', 'UPS');
insert into Shipment (ShipmentID, WarehouseID, OrderID, ShipmentDate, EstimatedArrivalDate, ActualArrivalDate, Status, Carrier) values (78, 2, 78, '2002-07-25 18:04:15', '2007-12-24 19:24:52', '2022-05-25 02:28:42', 'Delivered', 'FedEx');
insert into Shipment (ShipmentID, WarehouseID, OrderID, ShipmentDate, EstimatedArrivalDate, ActualArrivalDate, Status, Carrier) values (79, 6, 79, '2016-10-30 20:30:05', '2005-09-27 17:04:02', '2010-11-22 00:28:03', 'Delayed', 'DHL');
insert into Shipment (ShipmentID, WarehouseID, OrderID, ShipmentDate, EstimatedArrivalDate, ActualArrivalDate, Status, Carrier) values (80, 6, 80, '2012-01-04 07:08:41', '2012-12-07 10:22:16', '2007-02-16 01:06:03', 'Delivered', 'UPS');
insert into Shipment (ShipmentID, WarehouseID, OrderID, ShipmentDate, EstimatedArrivalDate, ActualArrivalDate, Status, Carrier) values (81, 4, 81, '2005-12-07 03:41:08', '2023-06-05 17:03:48', '2008-11-27 05:38:34', 'Delivered', 'UPS');
insert into Shipment (ShipmentID, WarehouseID, OrderID, ShipmentDate, EstimatedArrivalDate, ActualArrivalDate, Status, Carrier) values (82, 9, 82, '2003-07-26 13:38:57', '2010-08-06 05:49:39', '2004-01-04 00:37:53', 'Delivered', 'UPS');
insert into Shipment (ShipmentID, WarehouseID, OrderID, ShipmentDate, EstimatedArrivalDate, ActualArrivalDate, Status, Carrier) values (83, 1, 83, '2005-05-13 11:47:41', '2015-08-01 16:36:35', '2010-08-30 07:00:49', 'Out for Delivery', 'DHL');
insert into Shipment (ShipmentID, WarehouseID, OrderID, ShipmentDate, EstimatedArrivalDate, ActualArrivalDate, Status, Carrier) values (84, 4, 84, '2018-04-07 09:29:07', '2009-12-11 23:47:27', '2023-03-08 22:59:34', 'Delayed', 'DHL');
insert into Shipment (ShipmentID, WarehouseID, OrderID, ShipmentDate, EstimatedArrivalDate, ActualArrivalDate, Status, Carrier) values (85, 4, 85, '2003-10-17 21:42:39', '2020-12-16 13:21:40', '2014-07-22 17:10:58', 'Delivered', 'UPS');
insert into Shipment (ShipmentID, WarehouseID, OrderID, ShipmentDate, EstimatedArrivalDate, ActualArrivalDate, Status, Carrier) values (86, 3, 86, '2007-05-24 02:05:54', '2016-07-04 10:56:55', '2011-05-27 01:49:42', 'Out for Delivery', 'USPS');
insert into Shipment (ShipmentID, WarehouseID, OrderID, ShipmentDate, EstimatedArrivalDate, ActualArrivalDate, Status, Carrier) values (87, 4, 87, '2008-10-02 16:56:42', '2019-07-03 02:58:15', '2005-08-18 15:44:33', 'Delayed', 'DHL');
insert into Shipment (ShipmentID, WarehouseID, OrderID, ShipmentDate, EstimatedArrivalDate, ActualArrivalDate, Status, Carrier) values (88, 1, 88, '2016-07-13 21:01:57', '2008-03-06 02:26:19', '2010-03-10 15:58:03', 'In Transit', 'USPS');
insert into Shipment (ShipmentID, WarehouseID, OrderID, ShipmentDate, EstimatedArrivalDate, ActualArrivalDate, Status, Carrier) values (89, 2, 89, '2019-09-19 03:19:43', '2015-09-19 09:11:53', '2001-04-24 16:34:13', 'In Transit', 'USPS');
insert into Shipment (ShipmentID, WarehouseID, OrderID, ShipmentDate, EstimatedArrivalDate, ActualArrivalDate, Status, Carrier) values (90, 1, 90, '2005-01-09 20:35:08', null, '2002-10-26 02:01:34', 'Delayed', 'USPS');
insert into Shipment (ShipmentID, WarehouseID, OrderID, ShipmentDate, EstimatedArrivalDate, ActualArrivalDate, Status, Carrier) values (91, 7, 91, '2016-02-19 08:42:16', '2005-02-13 06:02:49', '2007-06-12 08:13:26', 'Delivered', 'DHL');
insert into Shipment (ShipmentID, WarehouseID, OrderID, ShipmentDate, EstimatedArrivalDate, ActualArrivalDate, Status, Carrier) values (92, 10, 92, '2024-08-02 20:58:47', '2015-07-30 00:23:13', '2021-10-06 17:47:17', 'Out for Delivery', 'USPS');
insert into Shipment (ShipmentID, WarehouseID, OrderID, ShipmentDate, EstimatedArrivalDate, ActualArrivalDate, Status, Carrier) values (93, 4, 93, '2007-04-20 01:08:09', '2012-05-10 10:31:26', '2004-11-10 07:07:14', 'Delivered', 'DHL');
insert into Shipment (ShipmentID, WarehouseID, OrderID, ShipmentDate, EstimatedArrivalDate, ActualArrivalDate, Status, Carrier) values (94, 3, 94, '2007-07-17 15:23:55', '2016-09-12 01:06:58', '2012-03-30 23:24:04', 'Out for Delivery', 'FedEx');
insert into Shipment (ShipmentID, WarehouseID, OrderID, ShipmentDate, EstimatedArrivalDate, ActualArrivalDate, Status, Carrier) values (95, 10, 95, '2006-10-27 15:20:44', '2000-02-21 01:05:11', '2014-10-20 16:48:27', 'Delayed', 'UPS');
insert into Shipment (ShipmentID, WarehouseID, OrderID, ShipmentDate, EstimatedArrivalDate, ActualArrivalDate, Status, Carrier) values (96, 8, 96, '2019-03-13 13:57:43', '2009-12-09 04:45:51', '2006-11-10 01:12:38', 'In Transit', 'USPS');
insert into Shipment (ShipmentID, WarehouseID, OrderID, ShipmentDate, EstimatedArrivalDate, ActualArrivalDate, Status, Carrier) values (97, 4, 97, '2018-09-13 07:14:10', '2010-04-06 11:22:08', '2013-01-12 15:11:47', 'Delayed', 'FedEx');
insert into Shipment (ShipmentID, WarehouseID, OrderID, ShipmentDate, EstimatedArrivalDate, ActualArrivalDate, Status, Carrier) values (98, 10, 98, '2003-09-04 06:26:20', '2022-11-08 14:00:22', '2017-04-25 04:59:52', 'Delivered', 'FedEx');
insert into Shipment (ShipmentID, WarehouseID, OrderID, ShipmentDate, EstimatedArrivalDate, ActualArrivalDate, Status, Carrier) values (99, 10, 99, '2022-08-11 21:57:14', '2015-11-28 03:14:41', '2024-02-02 03:04:17', 'Out for Delivery', 'FedEx');
insert into Shipment (ShipmentID, WarehouseID, OrderID, ShipmentDate, EstimatedArrivalDate, ActualArrivalDate, Status, Carrier) values (100, 7, 100, '2023-09-12 03:37:19', '2010-04-12 20:38:04', '2013-03-10 13:27:13', 'In Transit', 'DHL');

-- ShipmentDetail
insert into ShipmentDetail (ShipmentID, ProductID, Quantity, UnitPrice, Discount, Tax, TotalAmount) values (1, 29, 23, 2562.55, 35.28, 3.21, 390.37);
insert into ShipmentDetail (ShipmentID, ProductID, Quantity, UnitPrice, Discount, Tax, TotalAmount) values (2, 35, 25, 1871.2, 24.96, 2.12, 3419.66);
insert into ShipmentDetail (ShipmentID, ProductID, Quantity, UnitPrice, Discount, Tax, TotalAmount) values (3, 9, 23, 793.68, 38.51, 2.89, 1405.87);
insert into ShipmentDetail (ShipmentID, ProductID, Quantity, UnitPrice, Discount, Tax, TotalAmount) values (4, 33, 14, 851.53, 29.31, 3.93, 1344.1);
insert into ShipmentDetail (ShipmentID, ProductID, Quantity, UnitPrice, Discount, Tax, TotalAmount) values (5, 5, 29, 1255.86, 35.29, 2.01, 2740.57);
insert into ShipmentDetail (ShipmentID, ProductID, Quantity, UnitPrice, Discount, Tax, TotalAmount) values (6, 31, 6, 72.59, 25.5, 2.34, 1782.46);
insert into ShipmentDetail (ShipmentID, ProductID, Quantity, UnitPrice, Discount, Tax, TotalAmount) values (7, 2, 1, 779.3, 20.71, 2.04, 507.63);
insert into ShipmentDetail (ShipmentID, ProductID, Quantity, UnitPrice, Discount, Tax, TotalAmount) values (8, 27, 8, 1389.5, 29.96, 2.24, 544.49);
insert into ShipmentDetail (ShipmentID, ProductID, Quantity, UnitPrice, Discount, Tax, TotalAmount) values (9, 2, 7, 1830.32, 39.59, 3.77, 727.54);
insert into ShipmentDetail (ShipmentID, ProductID, Quantity, UnitPrice, Discount, Tax, TotalAmount) values (10, 28, 14, 1285.11, 31.89, 2.83, 1855.59);
insert into ShipmentDetail (ShipmentID, ProductID, Quantity, UnitPrice, Discount, Tax, TotalAmount) values (11, 14, 20, 2683.94, 28.8, 2.25, 3132.95);
insert into ShipmentDetail (ShipmentID, ProductID, Quantity, UnitPrice, Discount, Tax, TotalAmount) values (12, 27, 30, 2962.86, 21.67, 3.45, 3208.65);
insert into ShipmentDetail (ShipmentID, ProductID, Quantity, UnitPrice, Discount, Tax, TotalAmount) values (13, 32, 18, 1613.16, 28.05, 3.0, 855.86);
insert into ShipmentDetail (ShipmentID, ProductID, Quantity, UnitPrice, Discount, Tax, TotalAmount) values (14, 29, 18, 2973.36, 35.83, 2.54, 1793.37);
insert into ShipmentDetail (ShipmentID, ProductID, Quantity, UnitPrice, Discount, Tax, TotalAmount) values (15, 8, 15, 678.37, 36.73, 3.14, 3758.21);
insert into ShipmentDetail (ShipmentID, ProductID, Quantity, UnitPrice, Discount, Tax, TotalAmount) values (16, 12, 17, 1886.08, 22.88, 2.81, 1200.93);
insert into ShipmentDetail (ShipmentID, ProductID, Quantity, UnitPrice, Discount, Tax, TotalAmount) values (17, 33, 22, 2682.69, 20.35, 2.24, 2789.15);
insert into ShipmentDetail (ShipmentID, ProductID, Quantity, UnitPrice, Discount, Tax, TotalAmount) values (18, 35, 21, 805.49, 23.28, 3.87, 1520.83);
insert into ShipmentDetail (ShipmentID, ProductID, Quantity, UnitPrice, Discount, Tax, TotalAmount) values (19, 40, 14, 2970.96, 37.36, null, 209.14);
insert into ShipmentDetail (ShipmentID, ProductID, Quantity, UnitPrice, Discount, Tax, TotalAmount) values (20, 3, 6, 160.01, 38.66, 2.52, 1927.61);
insert into ShipmentDetail (ShipmentID, ProductID, Quantity, UnitPrice, Discount, Tax, TotalAmount) values (21, 20, 21, 1586.08, 32.8, 3.97, 1382.77);
insert into ShipmentDetail (ShipmentID, ProductID, Quantity, UnitPrice, Discount, Tax, TotalAmount) values (22, 31, 1, 852.55, 34.86, 3.6, 3370.02);
insert into ShipmentDetail (ShipmentID, ProductID, Quantity, UnitPrice, Discount, Tax, TotalAmount) values (23, 4, 22, 2545.94, 21.94, 2.5, 3699.06);
insert into ShipmentDetail (ShipmentID, ProductID, Quantity, UnitPrice, Discount, Tax, TotalAmount) values (24, 19, 30, 2437.12, 29.83, 3.12, 2612.6);
insert into ShipmentDetail (ShipmentID, ProductID, Quantity, UnitPrice, Discount, Tax, TotalAmount) values (25, 10, 8, 1196.77, 38.78, 3.22, 3317.0);
insert into ShipmentDetail (ShipmentID, ProductID, Quantity, UnitPrice, Discount, Tax, TotalAmount) values (26, 34, 3, 1324.39, 28.59, 3.38, 2035.93);
insert into ShipmentDetail (ShipmentID, ProductID, Quantity, UnitPrice, Discount, Tax, TotalAmount) values (27, 21, 26, 2872.45, 39.9, 3.67, 920.97);
insert into ShipmentDetail (ShipmentID, ProductID, Quantity, UnitPrice, Discount, Tax, TotalAmount) values (28, 18, 5, 2693.47, 24.09, 3.75, 1376.55);
insert into ShipmentDetail (ShipmentID, ProductID, Quantity, UnitPrice, Discount, Tax, TotalAmount) values (29, 29, 25, 368.15, 22.52, 2.5, 1703.73);
insert into ShipmentDetail (ShipmentID, ProductID, Quantity, UnitPrice, Discount, Tax, TotalAmount) values (30, 39, 27, 1113.44, 36.1, 3.41, 2935.2);
insert into ShipmentDetail (ShipmentID, ProductID, Quantity, UnitPrice, Discount, Tax, TotalAmount) values (31, 19, 22, 1921.21, 30.85, 3.41, 3159.34);
insert into ShipmentDetail (ShipmentID, ProductID, Quantity, UnitPrice, Discount, Tax, TotalAmount) values (32, 18, 26, 2033.92, 29.52, 3.88, 1387.27);
insert into ShipmentDetail (ShipmentID, ProductID, Quantity, UnitPrice, Discount, Tax, TotalAmount) values (33, 30, 21, 2462.07, 28.21, 2.39, 1628.98);
insert into ShipmentDetail (ShipmentID, ProductID, Quantity, UnitPrice, Discount, Tax, TotalAmount) values (34, 38, 24, 496.81, 22.95, 3.58, 1636.54);
insert into ShipmentDetail (ShipmentID, ProductID, Quantity, UnitPrice, Discount, Tax, TotalAmount) values (35, 20, 20, 806.57, 23.01, 2.29, 379.93);
insert into ShipmentDetail (ShipmentID, ProductID, Quantity, UnitPrice, Discount, Tax, TotalAmount) values (36, 5, 17, 236.85, 26.53, 3.01, 3526.95);
insert into ShipmentDetail (ShipmentID, ProductID, Quantity, UnitPrice, Discount, Tax, TotalAmount) values (37, 34, 12, 45.66, 29.4, 2.1, 214.38);
insert into ShipmentDetail (ShipmentID, ProductID, Quantity, UnitPrice, Discount, Tax, TotalAmount) values (38, 21, 17, 1994.67, 27.79, 3.96, 552.53);
insert into ShipmentDetail (ShipmentID, ProductID, Quantity, UnitPrice, Discount, Tax, TotalAmount) values (39, 32, 30, 49.82, 39.27, 2.31, 2472.55);
insert into ShipmentDetail (ShipmentID, ProductID, Quantity, UnitPrice, Discount, Tax, TotalAmount) values (40, 5, 7, 1553.17, 31.23, 2.65, 619.82);
insert into ShipmentDetail (ShipmentID, ProductID, Quantity, UnitPrice, Discount, Tax, TotalAmount) values (41, 28, 5, 136.41, 36.75, 2.13, 1167.4);
insert into ShipmentDetail (ShipmentID, ProductID, Quantity, UnitPrice, Discount, Tax, TotalAmount) values (42, 28, 13, 2232.13, 34.78, 2.04, 1590.72);
insert into ShipmentDetail (ShipmentID, ProductID, Quantity, UnitPrice, Discount, Tax, TotalAmount) values (43, 2, 15, 1845.86, 25.11, 3.61, 1073.09);
insert into ShipmentDetail (ShipmentID, ProductID, Quantity, UnitPrice, Discount, Tax, TotalAmount) values (44, 17, 26, 2804.74, 30.99, 2.84, null);
insert into ShipmentDetail (ShipmentID, ProductID, Quantity, UnitPrice, Discount, Tax, TotalAmount) values (45, 23, 19, 68.49, 38.73, 3.63, 1155.82);
insert into ShipmentDetail (ShipmentID, ProductID, Quantity, UnitPrice, Discount, Tax, TotalAmount) values (46, 6, 11, 623.22, 26.59, 2.03, 3920.8);
insert into ShipmentDetail (ShipmentID, ProductID, Quantity, UnitPrice, Discount, Tax, TotalAmount) values (47, 10, 1, 512.62, 33.63, 2.19, 1045.7);
insert into ShipmentDetail (ShipmentID, ProductID, Quantity, UnitPrice, Discount, Tax, TotalAmount) values (48, 12, 8, 1587.28, 39.51, 2.98, 1208.61);
insert into ShipmentDetail (ShipmentID, ProductID, Quantity, UnitPrice, Discount, Tax, TotalAmount) values (49, 3, 27, 2512.44, 30.47, 3.29, 1140.29);
insert into ShipmentDetail (ShipmentID, ProductID, Quantity, UnitPrice, Discount, Tax, TotalAmount) values (50, 34, 18, 465.86, 29.09, 3.88, 3240.78);
insert into ShipmentDetail (ShipmentID, ProductID, Quantity, UnitPrice, Discount, Tax, TotalAmount) values (51, 29, 24, 2451.3, 39.81, 2.75, 1451.99);
insert into ShipmentDetail (ShipmentID, ProductID, Quantity, UnitPrice, Discount, Tax, TotalAmount) values (52, 25, 11, 2151.25, 39.98, 3.48, 3036.11);
insert into ShipmentDetail (ShipmentID, ProductID, Quantity, UnitPrice, Discount, Tax, TotalAmount) values (53, 18, 6, 1929.9, 36.63, 3.78, 1040.41);
insert into ShipmentDetail (ShipmentID, ProductID, Quantity, UnitPrice, Discount, Tax, TotalAmount) values (54, 9, 7, 834.79, 31.96, 3.32, 486.85);
insert into ShipmentDetail (ShipmentID, ProductID, Quantity, UnitPrice, Discount, Tax, TotalAmount) values (55, 20, 2, 2273.16, 20.65, 2.88, 3597.74);
insert into ShipmentDetail (ShipmentID, ProductID, Quantity, UnitPrice, Discount, Tax, TotalAmount) values (56, 2, 14, 2736.5, 33.71, 2.66, 1107.04);
insert into ShipmentDetail (ShipmentID, ProductID, Quantity, UnitPrice, Discount, Tax, TotalAmount) values (57, 8, 7, 1003.89, 34.61, 3.77, 1032.05);
insert into ShipmentDetail (ShipmentID, ProductID, Quantity, UnitPrice, Discount, Tax, TotalAmount) values (58, 40, 16, 2155.68, 37.05, 3.41, 175.31);
insert into ShipmentDetail (ShipmentID, ProductID, Quantity, UnitPrice, Discount, Tax, TotalAmount) values (59, 25, 17, 2187.14, 24.58, 2.11, 1679.44);
insert into ShipmentDetail (ShipmentID, ProductID, Quantity, UnitPrice, Discount, Tax, TotalAmount) values (60, 38, 30, 1178.26, 38.79, 3.85, 2911.48);
insert into ShipmentDetail (ShipmentID, ProductID, Quantity, UnitPrice, Discount, Tax, TotalAmount) values (61, 11, 5, 2581.44, 31.98, 3.34, 2016.31);
insert into ShipmentDetail (ShipmentID, ProductID, Quantity, UnitPrice, Discount, Tax, TotalAmount) values (62, 7, 12, 1435.77, 25.84, 3.24, 3538.81);
insert into ShipmentDetail (ShipmentID, ProductID, Quantity, UnitPrice, Discount, Tax, TotalAmount) values (63, 8, 7, 1050.84, 22.2, 2.7, 465.67);
insert into ShipmentDetail (ShipmentID, ProductID, Quantity, UnitPrice, Discount, Tax, TotalAmount) values (64, 16, 18, 2659.14, 37.19, 3.14, 367.0);
insert into ShipmentDetail (ShipmentID, ProductID, Quantity, UnitPrice, Discount, Tax, TotalAmount) values (65, 26, 23, 1183.32, 34.36, 3.78, 3908.29);
insert into ShipmentDetail (ShipmentID, ProductID, Quantity, UnitPrice, Discount, Tax, TotalAmount) values (66, 30, 23, 606.75, 22.37, 3.34, 3088.78);
insert into ShipmentDetail (ShipmentID, ProductID, Quantity, UnitPrice, Discount, Tax, TotalAmount) values (67, 34, 30, 1793.46, 31.84, 3.32, 912.59);
insert into ShipmentDetail (ShipmentID, ProductID, Quantity, UnitPrice, Discount, Tax, TotalAmount) values (68, 25, 27, 444.58, 25.35, 2.67, 3731.57);
insert into ShipmentDetail (ShipmentID, ProductID, Quantity, UnitPrice, Discount, Tax, TotalAmount) values (69, 10, 16, 565.42, 28.16, 2.09, null);
insert into ShipmentDetail (ShipmentID, ProductID, Quantity, UnitPrice, Discount, Tax, TotalAmount) values (70, 25, 3, 1561.01, 30.82, 2.09, 2872.83);
insert into ShipmentDetail (ShipmentID, ProductID, Quantity, UnitPrice, Discount, Tax, TotalAmount) values (71, 37, 20, 1479.52, 34.09, 2.57, 1504.95);
insert into ShipmentDetail (ShipmentID, ProductID, Quantity, UnitPrice, Discount, Tax, TotalAmount) values (72, 8, 13, 388.02, 26.66, 3.67, 273.87);
insert into ShipmentDetail (ShipmentID, ProductID, Quantity, UnitPrice, Discount, Tax, TotalAmount) values (73, 6, 16, 602.77, 23.17, 3.22, 499.15);
insert into ShipmentDetail (ShipmentID, ProductID, Quantity, UnitPrice, Discount, Tax, TotalAmount) values (74, 27, 30, 2057.51, 35.47, 3.01, 707.47);
insert into ShipmentDetail (ShipmentID, ProductID, Quantity, UnitPrice, Discount, Tax, TotalAmount) values (75, 16, 11, 1056.28, 36.76, null, 3804.05);
insert into ShipmentDetail (ShipmentID, ProductID, Quantity, UnitPrice, Discount, Tax, TotalAmount) values (76, 1, 5, 2643.03, 29.58, 3.3, 2618.52);
insert into ShipmentDetail (ShipmentID, ProductID, Quantity, UnitPrice, Discount, Tax, TotalAmount) values (77, 1, 5, 2915.88, 20.95, 3.44, 2643.25);
insert into ShipmentDetail (ShipmentID, ProductID, Quantity, UnitPrice, Discount, Tax, TotalAmount) values (78, 38, 27, 2590.68, 25.22, 3.62, 1339.48);
insert into ShipmentDetail (ShipmentID, ProductID, Quantity, UnitPrice, Discount, Tax, TotalAmount) values (79, 29, 18, 2512.66, 24.51, 3.22, 3620.7);
insert into ShipmentDetail (ShipmentID, ProductID, Quantity, UnitPrice, Discount, Tax, TotalAmount) values (80, 38, 21, 1006.41, 27.71, null, 3519.07);
insert into ShipmentDetail (ShipmentID, ProductID, Quantity, UnitPrice, Discount, Tax, TotalAmount) values (81, 18, 25, 1872.77, 21.26, 2.82, 2028.58);
insert into ShipmentDetail (ShipmentID, ProductID, Quantity, UnitPrice, Discount, Tax, TotalAmount) values (82, 28, 18, 1289.31, 20.72, 3.2, 2739.03);
insert into ShipmentDetail (ShipmentID, ProductID, Quantity, UnitPrice, Discount, Tax, TotalAmount) values (83, 16, 27, 1604.66, 27.29, 3.16, 1582.2);
insert into ShipmentDetail (ShipmentID, ProductID, Quantity, UnitPrice, Discount, Tax, TotalAmount) values (84, 27, 1, 725.02, 32.38, 2.02, 3236.81);
insert into ShipmentDetail (ShipmentID, ProductID, Quantity, UnitPrice, Discount, Tax, TotalAmount) values (85, 16, 9, 59.54, 34.19, 2.73, 2770.41);
insert into ShipmentDetail (ShipmentID, ProductID, Quantity, UnitPrice, Discount, Tax, TotalAmount) values (86, 4, 25, 1434.8, 38.12, 3.45, null);
insert into ShipmentDetail (ShipmentID, ProductID, Quantity, UnitPrice, Discount, Tax, TotalAmount) values (87, 13, 20, 469.31, 24.44, 3.94, 2354.72);
insert into ShipmentDetail (ShipmentID, ProductID, Quantity, UnitPrice, Discount, Tax, TotalAmount) values (88, 7, 16, 1034.67, 27.28, 3.13, 3367.95);
insert into ShipmentDetail (ShipmentID, ProductID, Quantity, UnitPrice, Discount, Tax, TotalAmount) values (89, 37, 4, 2883.55, 31.74, 2.96, 957.51);
insert into ShipmentDetail (ShipmentID, ProductID, Quantity, UnitPrice, Discount, Tax, TotalAmount) values (90, 15, 27, 1409.75, 26.16, 3.37, 3540.83);
insert into ShipmentDetail (ShipmentID, ProductID, Quantity, UnitPrice, Discount, Tax, TotalAmount) values (91, 31, 28, 851.02, 32.1, 3.73, 3966.31);
insert into ShipmentDetail (ShipmentID, ProductID, Quantity, UnitPrice, Discount, Tax, TotalAmount) values (92, 38, 28, 1728.03, 35.17, 3.08, 2496.99);
insert into ShipmentDetail (ShipmentID, ProductID, Quantity, UnitPrice, Discount, Tax, TotalAmount) values (93, 17, 16, 1709.2, 29.63, 2.85, 3672.97);
insert into ShipmentDetail (ShipmentID, ProductID, Quantity, UnitPrice, Discount, Tax, TotalAmount) values (94, 19, 10, 52.64, 23.45, 2.84, 178.12);
insert into ShipmentDetail (ShipmentID, ProductID, Quantity, UnitPrice, Discount, Tax, TotalAmount) values (95, 17, 13, 1600.08, 22.22, 2.3, 2178.27);
insert into ShipmentDetail (ShipmentID, ProductID, Quantity, UnitPrice, Discount, Tax, TotalAmount) values (96, 27, 17, 2916.97, 29.78, 3.87, 72.3);
insert into ShipmentDetail (ShipmentID, ProductID, Quantity, UnitPrice, Discount, Tax, TotalAmount) values (97, 26, 10, 1450.13, 26.44, 2.61, 2724.36);
insert into ShipmentDetail (ShipmentID, ProductID, Quantity, UnitPrice, Discount, Tax, TotalAmount) values (98, 19, 30, 1328.56, 21.43, 3.29, 750.49);
insert into ShipmentDetail (ShipmentID, ProductID, Quantity, UnitPrice, Discount, Tax, TotalAmount) values (99, 40, 17, 346.08, 38.44, 3.96, 373.68);
insert into ShipmentDetail (ShipmentID, ProductID, Quantity, UnitPrice, Discount, Tax, TotalAmount) values (100, 20, 23, 2749.99, 36.88, 3.03, 3018.01);

-- SalesOrder
insert into SalesOrder (OrderID, CustomerID, OrderDate, TotalAmount, Status, PaymentMethod, PaymentStatus, ExpectedDeliveryDate, ActualDeliveryDate) values (1, 98, '2013-04-20 22:15:42', 22042.67, 'Processing', 'Debit Card', 'Refunded', '2004-02-06 03:48:38', '2006-12-28 17:09:59');
insert into SalesOrder (OrderID, CustomerID, OrderDate, TotalAmount, Status, PaymentMethod, PaymentStatus, ExpectedDeliveryDate, ActualDeliveryDate) values (2, 98, '2008-07-29 16:39:24', 69587.44, 'Shipped', 'PayPal', 'Pending', '2002-05-27 10:39:34', '2020-04-22 03:24:59');
insert into SalesOrder (OrderID, CustomerID, OrderDate, TotalAmount, Status, PaymentMethod, PaymentStatus, ExpectedDeliveryDate, ActualDeliveryDate) values (3, 4, '2019-12-22 19:57:18', 29705.5, 'Processing', 'Debit Card', 'Failed', '2008-07-16 12:33:50', '2004-05-22 08:35:32');
insert into SalesOrder (OrderID, CustomerID, OrderDate, TotalAmount, Status, PaymentMethod, PaymentStatus, ExpectedDeliveryDate, ActualDeliveryDate) values (4, 42, '2007-05-11 00:06:21', 62492.62, 'Pending', 'PayPal', 'Pending', '2020-07-26 00:27:03', '2016-05-05 01:43:10');
insert into SalesOrder (OrderID, CustomerID, OrderDate, TotalAmount, Status, PaymentMethod, PaymentStatus, ExpectedDeliveryDate, ActualDeliveryDate) values (5, 12, '2020-07-21 05:01:11', 91621.22, 'Shipped', 'Bank Transfer', 'Refunded', '2022-01-08 18:05:48', '2008-02-02 03:47:23');
insert into SalesOrder (OrderID, CustomerID, OrderDate, TotalAmount, Status, PaymentMethod, PaymentStatus, ExpectedDeliveryDate, ActualDeliveryDate) values (6, 12, '2002-01-03 18:53:23', 24593.95, 'Cancelled', 'Credit Card', 'Refunded', '2010-02-12 03:29:51', '2011-07-04 01:08:57');
insert into SalesOrder (OrderID, CustomerID, OrderDate, TotalAmount, Status, PaymentMethod, PaymentStatus, ExpectedDeliveryDate, ActualDeliveryDate) values (7, 90, '2019-08-02 06:34:42', 80662.86, 'Processing', 'Debit Card', 'Failed', '2015-10-05 05:53:31', '2022-03-14 06:44:32');
insert into SalesOrder (OrderID, CustomerID, OrderDate, TotalAmount, Status, PaymentMethod, PaymentStatus, ExpectedDeliveryDate, ActualDeliveryDate) values (8, 35, '2006-03-18 09:05:43', 57648.58, 'Pending', 'Debit Card', 'Completed', '2014-07-19 22:22:02', '2015-07-26 09:46:59');
insert into SalesOrder (OrderID, CustomerID, OrderDate, TotalAmount, Status, PaymentMethod, PaymentStatus, ExpectedDeliveryDate, ActualDeliveryDate) values (9, 49, '2003-08-20 15:38:18', 51170.93, 'Shipped', 'Cash', 'Pending', '2005-12-02 06:31:59', '2015-12-02 06:57:19');
insert into SalesOrder (OrderID, CustomerID, OrderDate, TotalAmount, Status, PaymentMethod, PaymentStatus, ExpectedDeliveryDate, ActualDeliveryDate) values (10, 49, '2020-05-22 22:54:14', 74398.03, null, 'Credit Card', 'Completed', '2006-05-05 21:35:57', '2004-05-08 14:45:07');
insert into SalesOrder (OrderID, CustomerID, OrderDate, TotalAmount, Status, PaymentMethod, PaymentStatus, ExpectedDeliveryDate, ActualDeliveryDate) values (11, 69, '2016-09-15 11:29:53', 99447.77, 'Delivered', 'Bank Transfer', 'Completed', '2022-06-12 06:49:15', '2003-07-18 05:48:47');
insert into SalesOrder (OrderID, CustomerID, OrderDate, TotalAmount, Status, PaymentMethod, PaymentStatus, ExpectedDeliveryDate, ActualDeliveryDate) values (12, 75, '2004-08-05 09:38:07', 71476.25, 'Processing', 'PayPal', 'Pending', '2000-11-11 03:30:25', '2010-09-17 08:06:18');
insert into SalesOrder (OrderID, CustomerID, OrderDate, TotalAmount, Status, PaymentMethod, PaymentStatus, ExpectedDeliveryDate, ActualDeliveryDate) values (13, 43, '2013-05-05 19:06:42', 11108.35, 'Delivered', 'Cash', 'Refunded', '2004-02-28 17:12:12', '2004-06-01 01:33:53');
insert into SalesOrder (OrderID, CustomerID, OrderDate, TotalAmount, Status, PaymentMethod, PaymentStatus, ExpectedDeliveryDate, ActualDeliveryDate) values (14, 44, '2012-08-09 08:37:12', 21345.8, 'Pending', 'Debit Card', 'Completed', '2021-06-23 09:58:02', '2021-09-25 14:16:55');
insert into SalesOrder (OrderID, CustomerID, OrderDate, TotalAmount, Status, PaymentMethod, PaymentStatus, ExpectedDeliveryDate, ActualDeliveryDate) values (15, 40, '2000-05-29 09:37:55', 70913.49, 'Pending', 'Cash', 'Refunded', '2001-04-02 17:57:56', '2003-05-17 18:15:49');
insert into SalesOrder (OrderID, CustomerID, OrderDate, TotalAmount, Status, PaymentMethod, PaymentStatus, ExpectedDeliveryDate, ActualDeliveryDate) values (16, 6, '2008-07-06 01:10:56', 12849.15, 'Delivered', 'Cash', 'Pending', '2021-06-18 12:47:20', '2020-01-09 04:48:29');
insert into SalesOrder (OrderID, CustomerID, OrderDate, TotalAmount, Status, PaymentMethod, PaymentStatus, ExpectedDeliveryDate, ActualDeliveryDate) values (17, 40, '2015-07-29 20:13:43', 60455.3, 'Delivered', 'Bank Transfer', 'Failed', '2018-05-23 07:57:13', '2006-12-23 19:38:30');
insert into SalesOrder (OrderID, CustomerID, OrderDate, TotalAmount, Status, PaymentMethod, PaymentStatus, ExpectedDeliveryDate, ActualDeliveryDate) values (18, 27, '2005-10-05 11:44:51', 27166.92, 'Processing', 'Cash', 'Completed', '2009-09-15 20:13:50', '2017-08-16 22:31:00');
insert into SalesOrder (OrderID, CustomerID, OrderDate, TotalAmount, Status, PaymentMethod, PaymentStatus, ExpectedDeliveryDate, ActualDeliveryDate) values (19, 66, '2019-02-09 15:18:47', 44815.34, 'Cancelled', 'Credit Card', 'Pending', '2002-07-10 15:19:08', '2006-02-09 02:18:02');
insert into SalesOrder (OrderID, CustomerID, OrderDate, TotalAmount, Status, PaymentMethod, PaymentStatus, ExpectedDeliveryDate, ActualDeliveryDate) values (20, 91, '2008-04-13 14:43:51', 12787.2, 'Processing', 'PayPal', 'Failed', '2017-08-15 21:27:01', '2002-05-27 20:25:21');
insert into SalesOrder (OrderID, CustomerID, OrderDate, TotalAmount, Status, PaymentMethod, PaymentStatus, ExpectedDeliveryDate, ActualDeliveryDate) values (21, 31, '2015-08-19 22:25:58', 62806.25, 'Cancelled', 'Credit Card', 'Completed', '2015-07-14 04:14:15', '2014-03-05 12:45:51');
insert into SalesOrder (OrderID, CustomerID, OrderDate, TotalAmount, Status, PaymentMethod, PaymentStatus, ExpectedDeliveryDate, ActualDeliveryDate) values (22, 27, '2018-12-26 16:59:37', 31801.84, 'Pending', 'Debit Card', 'Completed', '2009-04-23 00:12:48', '2022-10-26 22:11:48');
insert into SalesOrder (OrderID, CustomerID, OrderDate, TotalAmount, Status, PaymentMethod, PaymentStatus, ExpectedDeliveryDate, ActualDeliveryDate) values (23, 37, '2002-02-06 08:48:16', 81406.5, 'Cancelled', 'Debit Card', 'Pending', '2014-07-28 16:53:14', '2022-02-15 15:25:03');
insert into SalesOrder (OrderID, CustomerID, OrderDate, TotalAmount, Status, PaymentMethod, PaymentStatus, ExpectedDeliveryDate, ActualDeliveryDate) values (24, 31, '2017-06-05 06:52:53', 48518.4, 'Shipped', 'Credit Card', 'Pending', '2000-04-06 11:27:49', '2012-01-13 15:39:32');
insert into SalesOrder (OrderID, CustomerID, OrderDate, TotalAmount, Status, PaymentMethod, PaymentStatus, ExpectedDeliveryDate, ActualDeliveryDate) values (25, 58, '2021-06-02 09:09:20', 85490.21, 'Delivered', 'Bank Transfer', 'Refunded', '2017-03-31 21:12:31', '2015-09-12 12:22:50');
insert into SalesOrder (OrderID, CustomerID, OrderDate, TotalAmount, Status, PaymentMethod, PaymentStatus, ExpectedDeliveryDate, ActualDeliveryDate) values (26, 55, '2004-10-16 15:48:47', 47424.91, 'Delivered', 'Credit Card', 'Pending', '2013-02-19 00:58:27', '2015-03-24 23:07:23');
insert into SalesOrder (OrderID, CustomerID, OrderDate, TotalAmount, Status, PaymentMethod, PaymentStatus, ExpectedDeliveryDate, ActualDeliveryDate) values (27, 16, '2022-11-16 00:14:29', 22896.23, 'Delivered', 'Cash', 'Failed', '2014-11-26 22:14:38', '2000-11-17 00:58:33');
insert into SalesOrder (OrderID, CustomerID, OrderDate, TotalAmount, Status, PaymentMethod, PaymentStatus, ExpectedDeliveryDate, ActualDeliveryDate) values (28, 55, '2014-10-07 17:32:02', 27950.02, 'Pending', 'PayPal', 'Completed', '2022-09-13 10:29:51', '2007-04-08 20:38:48');
insert into SalesOrder (OrderID, CustomerID, OrderDate, TotalAmount, Status, PaymentMethod, PaymentStatus, ExpectedDeliveryDate, ActualDeliveryDate) values (29, 91, '2008-10-01 11:47:48', 57340.02, null, 'PayPal', 'Pending', '2012-07-11 13:00:02', '2021-06-09 01:59:06');
insert into SalesOrder (OrderID, CustomerID, OrderDate, TotalAmount, Status, PaymentMethod, PaymentStatus, ExpectedDeliveryDate, ActualDeliveryDate) values (30, 97, '2000-12-26 15:50:29', 22864.54, 'Pending', 'Debit Card', 'Refunded', '2018-12-25 23:22:47', '2001-09-16 00:38:28');
insert into SalesOrder (OrderID, CustomerID, OrderDate, TotalAmount, Status, PaymentMethod, PaymentStatus, ExpectedDeliveryDate, ActualDeliveryDate) values (31, 84, '2005-09-19 15:49:05', 82100.79, 'Delivered', 'PayPal', 'Failed', '2011-11-10 02:51:22', '2017-10-17 10:37:42');
insert into SalesOrder (OrderID, CustomerID, OrderDate, TotalAmount, Status, PaymentMethod, PaymentStatus, ExpectedDeliveryDate, ActualDeliveryDate) values (32, 74, '2001-12-09 19:02:08', 34445.02, 'Processing', 'Credit Card', 'Completed', '2020-09-16 03:57:08', '2019-04-14 03:12:37');
insert into SalesOrder (OrderID, CustomerID, OrderDate, TotalAmount, Status, PaymentMethod, PaymentStatus, ExpectedDeliveryDate, ActualDeliveryDate) values (33, 85, '2009-09-15 13:22:23', 15164.94, 'Processing', 'Debit Card', 'Completed', '2018-06-08 22:10:37', '2002-07-21 22:41:31');
insert into SalesOrder (OrderID, CustomerID, OrderDate, TotalAmount, Status, PaymentMethod, PaymentStatus, ExpectedDeliveryDate, ActualDeliveryDate) values (34, 99, '2006-01-07 08:39:24', 76604.12, 'Processing', 'Debit Card', 'Completed', '2001-08-03 15:24:39', '2016-10-15 06:38:47');
insert into SalesOrder (OrderID, CustomerID, OrderDate, TotalAmount, Status, PaymentMethod, PaymentStatus, ExpectedDeliveryDate, ActualDeliveryDate) values (35, 88, '2017-12-21 04:55:03', 22181.45, 'Cancelled', 'PayPal', 'Pending', '2014-04-08 22:09:24', '2004-06-10 10:28:19');
insert into SalesOrder (OrderID, CustomerID, OrderDate, TotalAmount, Status, PaymentMethod, PaymentStatus, ExpectedDeliveryDate, ActualDeliveryDate) values (36, 21, '2002-07-14 14:00:14', 50207.49, 'Pending', 'Bank Transfer', 'Refunded', '2015-02-20 02:12:44', '2000-10-01 07:04:09');
insert into SalesOrder (OrderID, CustomerID, OrderDate, TotalAmount, Status, PaymentMethod, PaymentStatus, ExpectedDeliveryDate, ActualDeliveryDate) values (37, 28, '2010-07-31 19:59:26', 71934.09, 'Processing', 'Credit Card', 'Completed', '2005-03-05 07:23:37', '2021-07-27 09:18:45');
insert into SalesOrder (OrderID, CustomerID, OrderDate, TotalAmount, Status, PaymentMethod, PaymentStatus, ExpectedDeliveryDate, ActualDeliveryDate) values (38, 74, '2011-08-02 11:01:25', 54639.76, 'Pending', 'Credit Card', 'Refunded', '2022-11-26 03:54:59', '2012-05-12 04:10:24');
insert into SalesOrder (OrderID, CustomerID, OrderDate, TotalAmount, Status, PaymentMethod, PaymentStatus, ExpectedDeliveryDate, ActualDeliveryDate) values (39, 84, '2007-04-07 11:35:25', 66024.59, 'Processing', 'Debit Card', 'Failed', '2006-06-11 01:18:02', '2018-03-31 03:30:51');
insert into SalesOrder (OrderID, CustomerID, OrderDate, TotalAmount, Status, PaymentMethod, PaymentStatus, ExpectedDeliveryDate, ActualDeliveryDate) values (40, 57, '2012-02-13 10:41:48', 14406.17, 'Pending', null, 'Pending', '2002-04-14 21:32:39', '2012-10-02 01:56:03');
insert into SalesOrder (OrderID, CustomerID, OrderDate, TotalAmount, Status, PaymentMethod, PaymentStatus, ExpectedDeliveryDate, ActualDeliveryDate) values (41, 25, '2006-07-02 06:12:53', 58133.77, 'Shipped', 'Credit Card', 'Pending', '2021-05-24 17:25:45', '2020-12-20 01:28:05');
insert into SalesOrder (OrderID, CustomerID, OrderDate, TotalAmount, Status, PaymentMethod, PaymentStatus, ExpectedDeliveryDate, ActualDeliveryDate) values (42, 38, '2012-02-27 21:22:15', 39029.91, 'Delivered', 'Bank Transfer', 'Pending', '2013-07-02 23:32:03', '2005-01-05 02:13:11');
insert into SalesOrder (OrderID, CustomerID, OrderDate, TotalAmount, Status, PaymentMethod, PaymentStatus, ExpectedDeliveryDate, ActualDeliveryDate) values (43, 11, '2007-12-19 07:08:49', 51043.81, 'Cancelled', 'PayPal', 'Failed', '2016-05-26 12:59:05', '2018-10-20 18:56:23');
insert into SalesOrder (OrderID, CustomerID, OrderDate, TotalAmount, Status, PaymentMethod, PaymentStatus, ExpectedDeliveryDate, ActualDeliveryDate) values (44, 19, '2004-04-04 09:26:01', 76595.26, 'Delivered', 'Cash', 'Completed', '2019-09-20 23:39:16', '2012-01-05 20:42:17');
insert into SalesOrder (OrderID, CustomerID, OrderDate, TotalAmount, Status, PaymentMethod, PaymentStatus, ExpectedDeliveryDate, ActualDeliveryDate) values (45, 28, '2008-11-13 18:41:41', 31836.67, 'Delivered', 'Cash', 'Pending', '2005-12-01 14:11:42', '2009-08-09 13:01:37');
insert into SalesOrder (OrderID, CustomerID, OrderDate, TotalAmount, Status, PaymentMethod, PaymentStatus, ExpectedDeliveryDate, ActualDeliveryDate) values (46, 13, '2012-12-21 02:35:15', 44724.06, 'Pending', 'Credit Card', 'Completed', '2019-09-12 09:12:19', '2014-07-10 01:25:01');
insert into SalesOrder (OrderID, CustomerID, OrderDate, TotalAmount, Status, PaymentMethod, PaymentStatus, ExpectedDeliveryDate, ActualDeliveryDate) values (47, 25, '2008-02-17 04:02:45', 32650.5, 'Cancelled', 'Debit Card', 'Failed', '2002-03-07 09:45:31', '2015-04-19 23:04:30');
insert into SalesOrder (OrderID, CustomerID, OrderDate, TotalAmount, Status, PaymentMethod, PaymentStatus, ExpectedDeliveryDate, ActualDeliveryDate) values (48, 40, '2010-03-26 19:13:10', 8899.44, 'Pending', 'Credit Card', 'Completed', '2021-03-23 14:31:38', '2001-06-10 18:46:45');
insert into SalesOrder (OrderID, CustomerID, OrderDate, TotalAmount, Status, PaymentMethod, PaymentStatus, ExpectedDeliveryDate, ActualDeliveryDate) values (49, 98, '2015-05-10 23:37:14', 60042.48, 'Cancelled', 'Bank Transfer', 'Completed', '2012-06-03 11:07:57', '2015-09-05 12:54:42');
insert into SalesOrder (OrderID, CustomerID, OrderDate, TotalAmount, Status, PaymentMethod, PaymentStatus, ExpectedDeliveryDate, ActualDeliveryDate) values (50, 29, '2020-10-08 05:33:26', 92048.94, 'Shipped', 'Credit Card', 'Pending', '2006-03-27 21:30:49', '2013-04-27 16:55:14');
insert into SalesOrder (OrderID, CustomerID, OrderDate, TotalAmount, Status, PaymentMethod, PaymentStatus, ExpectedDeliveryDate, ActualDeliveryDate) values (51, 85, '2018-12-07 12:14:34', 6503.92, 'Shipped', null, 'Completed', '2013-09-18 07:52:53', '2019-03-02 08:23:44');
insert into SalesOrder (OrderID, CustomerID, OrderDate, TotalAmount, Status, PaymentMethod, PaymentStatus, ExpectedDeliveryDate, ActualDeliveryDate) values (52, 12, '2019-11-06 05:34:45', 59504.03, 'Pending', 'PayPal', 'Completed', '2019-03-20 21:15:37', '2019-07-13 13:30:16');
insert into SalesOrder (OrderID, CustomerID, OrderDate, TotalAmount, Status, PaymentMethod, PaymentStatus, ExpectedDeliveryDate, ActualDeliveryDate) values (53, 86, '2013-01-29 02:06:34', 32071.68, 'Shipped', 'Debit Card', 'Completed', '2006-01-25 05:53:50', '2015-07-26 03:52:58');
insert into SalesOrder (OrderID, CustomerID, OrderDate, TotalAmount, Status, PaymentMethod, PaymentStatus, ExpectedDeliveryDate, ActualDeliveryDate) values (54, 82, '2019-02-13 21:01:09', 90562.67, null, null, 'Failed', '2004-02-02 18:03:43', '2014-08-22 12:03:23');
insert into SalesOrder (OrderID, CustomerID, OrderDate, TotalAmount, Status, PaymentMethod, PaymentStatus, ExpectedDeliveryDate, ActualDeliveryDate) values (55, 93, '2012-04-24 07:46:10', 86371.0, 'Pending', 'Cash', 'Failed', '2017-12-04 07:44:47', '2010-04-22 14:35:48');
insert into SalesOrder (OrderID, CustomerID, OrderDate, TotalAmount, Status, PaymentMethod, PaymentStatus, ExpectedDeliveryDate, ActualDeliveryDate) values (56, 88, '2003-01-16 13:11:31', 18053.1, 'Processing', null, 'Pending', '2021-01-12 17:36:21', '2019-03-10 10:35:26');
insert into SalesOrder (OrderID, CustomerID, OrderDate, TotalAmount, Status, PaymentMethod, PaymentStatus, ExpectedDeliveryDate, ActualDeliveryDate) values (57, 21, '2005-08-12 14:14:23', 44102.74, 'Shipped', 'Credit Card', 'Failed', '2009-11-27 18:40:27', '2003-04-25 10:26:11');
insert into SalesOrder (OrderID, CustomerID, OrderDate, TotalAmount, Status, PaymentMethod, PaymentStatus, ExpectedDeliveryDate, ActualDeliveryDate) values (58, 64, '2019-12-05 09:59:33', 53431.05, 'Delivered', 'Bank Transfer', null, '2014-05-04 05:55:01', '2003-01-24 10:13:47');
insert into SalesOrder (OrderID, CustomerID, OrderDate, TotalAmount, Status, PaymentMethod, PaymentStatus, ExpectedDeliveryDate, ActualDeliveryDate) values (59, 76, '2009-05-09 13:56:09', 62306.01, 'Pending', 'PayPal', 'Failed', '2010-03-03 20:59:19', '2018-01-25 18:13:32');
insert into SalesOrder (OrderID, CustomerID, OrderDate, TotalAmount, Status, PaymentMethod, PaymentStatus, ExpectedDeliveryDate, ActualDeliveryDate) values (60, 26, '2006-08-06 01:37:32', 20762.81, 'Shipped', null, 'Completed', '2010-08-16 11:05:25', '2014-07-16 09:53:07');
insert into SalesOrder (OrderID, CustomerID, OrderDate, TotalAmount, Status, PaymentMethod, PaymentStatus, ExpectedDeliveryDate, ActualDeliveryDate) values (61, 41, '2016-05-18 03:37:40', 10620.76, 'Pending', 'Credit Card', 'Pending', '2013-03-22 03:10:24', '2000-02-27 18:54:23');
insert into SalesOrder (OrderID, CustomerID, OrderDate, TotalAmount, Status, PaymentMethod, PaymentStatus, ExpectedDeliveryDate, ActualDeliveryDate) values (62, 24, '2002-03-20 23:06:58', 80551.84, 'Pending', 'Cash', 'Refunded', '2012-03-21 00:44:58', '2000-01-13 19:25:12');
insert into SalesOrder (OrderID, CustomerID, OrderDate, TotalAmount, Status, PaymentMethod, PaymentStatus, ExpectedDeliveryDate, ActualDeliveryDate) values (63, 55, '2009-05-07 04:18:39', 55931.33, 'Processing', 'PayPal', 'Pending', '2020-08-04 17:43:04', '2016-12-10 20:55:32');
insert into SalesOrder (OrderID, CustomerID, OrderDate, TotalAmount, Status, PaymentMethod, PaymentStatus, ExpectedDeliveryDate, ActualDeliveryDate) values (64, 98, '2005-12-28 17:28:14', 81111.4, 'Shipped', 'Debit Card', 'Pending', '2005-03-04 05:38:41', '2010-11-07 16:28:41');
insert into SalesOrder (OrderID, CustomerID, OrderDate, TotalAmount, Status, PaymentMethod, PaymentStatus, ExpectedDeliveryDate, ActualDeliveryDate) values (65, 47, '2001-01-27 02:23:16', 44221.26, 'Processing', 'PayPal', 'Completed', '2018-05-05 20:57:46', '2011-06-15 05:23:27');
insert into SalesOrder (OrderID, CustomerID, OrderDate, TotalAmount, Status, PaymentMethod, PaymentStatus, ExpectedDeliveryDate, ActualDeliveryDate) values (66, 26, '2003-11-27 14:14:20', 62369.56, 'Processing', 'Cash', 'Refunded', '2012-12-17 18:16:51', '2003-07-18 16:09:09');
insert into SalesOrder (OrderID, CustomerID, OrderDate, TotalAmount, Status, PaymentMethod, PaymentStatus, ExpectedDeliveryDate, ActualDeliveryDate) values (67, 37, '2005-11-09 18:07:14', 13209.81, 'Delivered', 'Cash', 'Completed', '2007-02-13 10:41:10', '2020-02-27 11:22:51');
insert into SalesOrder (OrderID, CustomerID, OrderDate, TotalAmount, Status, PaymentMethod, PaymentStatus, ExpectedDeliveryDate, ActualDeliveryDate) values (68, 3, '2003-07-09 13:03:26', 53370.84, 'Pending', 'Credit Card', 'Pending', '2003-08-09 03:33:13', '2008-04-09 22:18:07');
insert into SalesOrder (OrderID, CustomerID, OrderDate, TotalAmount, Status, PaymentMethod, PaymentStatus, ExpectedDeliveryDate, ActualDeliveryDate) values (69, 53, '2007-06-03 08:34:14', 46608.1, 'Delivered', 'Credit Card', null, '2018-11-17 01:34:18', '2004-07-02 14:50:06');
insert into SalesOrder (OrderID, CustomerID, OrderDate, TotalAmount, Status, PaymentMethod, PaymentStatus, ExpectedDeliveryDate, ActualDeliveryDate) values (70, 68, '2021-08-30 09:18:44', 11554.9, 'Shipped', null, 'Completed', '2020-04-16 16:45:11', '2011-08-08 15:02:42');
insert into SalesOrder (OrderID, CustomerID, OrderDate, TotalAmount, Status, PaymentMethod, PaymentStatus, ExpectedDeliveryDate, ActualDeliveryDate) values (71, 27, '2019-02-12 21:50:03', 82375.19, 'Pending', 'Debit Card', 'Completed', '2000-10-09 04:34:04', '2021-05-24 20:31:20');
insert into SalesOrder (OrderID, CustomerID, OrderDate, TotalAmount, Status, PaymentMethod, PaymentStatus, ExpectedDeliveryDate, ActualDeliveryDate) values (72, 77, '2003-11-14 11:53:28', 13750.06, 'Shipped', 'PayPal', 'Refunded', '2021-05-10 16:42:31', '2019-03-14 14:33:44');
insert into SalesOrder (OrderID, CustomerID, OrderDate, TotalAmount, Status, PaymentMethod, PaymentStatus, ExpectedDeliveryDate, ActualDeliveryDate) values (73, 84, '2018-09-14 10:08:36', 8134.39, 'Delivered', 'Credit Card', 'Failed', '2007-01-02 21:04:02', '2016-12-29 02:30:45');
insert into SalesOrder (OrderID, CustomerID, OrderDate, TotalAmount, Status, PaymentMethod, PaymentStatus, ExpectedDeliveryDate, ActualDeliveryDate) values (74, 19, '2007-06-18 06:30:46', 61123.59, 'Processing', 'Cash', 'Pending', '2014-03-30 07:00:02', '2001-03-05 17:35:28');
insert into SalesOrder (OrderID, CustomerID, OrderDate, TotalAmount, Status, PaymentMethod, PaymentStatus, ExpectedDeliveryDate, ActualDeliveryDate) values (75, 69, '2016-02-22 01:39:34', 24956.89, 'Processing', 'Credit Card', 'Failed', '2002-03-06 02:28:45', '2007-08-07 14:05:51');
insert into SalesOrder (OrderID, CustomerID, OrderDate, TotalAmount, Status, PaymentMethod, PaymentStatus, ExpectedDeliveryDate, ActualDeliveryDate) values (76, 85, '2009-10-24 02:52:28', 59229.74, 'Processing', 'Cash', 'Completed', '2021-10-07 11:18:28', '2016-09-08 23:31:01');
insert into SalesOrder (OrderID, CustomerID, OrderDate, TotalAmount, Status, PaymentMethod, PaymentStatus, ExpectedDeliveryDate, ActualDeliveryDate) values (77, 45, '2003-11-25 03:15:02', 22634.93, 'Pending', 'PayPal', 'Failed', '2014-03-02 20:44:18', '2001-12-27 08:06:51');
insert into SalesOrder (OrderID, CustomerID, OrderDate, TotalAmount, Status, PaymentMethod, PaymentStatus, ExpectedDeliveryDate, ActualDeliveryDate) values (78, 95, '2015-11-22 11:39:23', 95517.22, 'Cancelled', 'Cash', 'Failed', '2015-08-04 16:45:05', '2009-10-11 21:41:02');
insert into SalesOrder (OrderID, CustomerID, OrderDate, TotalAmount, Status, PaymentMethod, PaymentStatus, ExpectedDeliveryDate, ActualDeliveryDate) values (79, 45, '2003-04-21 04:11:35', 57559.51, 'Delivered', 'Cash', 'Completed', '2005-05-15 05:23:12', '2003-02-12 02:31:45');
insert into SalesOrder (OrderID, CustomerID, OrderDate, TotalAmount, Status, PaymentMethod, PaymentStatus, ExpectedDeliveryDate, ActualDeliveryDate) values (80, 66, '2017-08-05 16:48:19', 5273.86, null, 'PayPal', 'Failed', '2019-07-09 11:51:14', '2011-01-02 04:08:26');
insert into SalesOrder (OrderID, CustomerID, OrderDate, TotalAmount, Status, PaymentMethod, PaymentStatus, ExpectedDeliveryDate, ActualDeliveryDate) values (81, 79, '2009-06-17 09:22:43', 19639.27, 'Delivered', 'Cash', 'Pending', '2006-08-11 22:27:15', '2021-05-05 14:39:41');
insert into SalesOrder (OrderID, CustomerID, OrderDate, TotalAmount, Status, PaymentMethod, PaymentStatus, ExpectedDeliveryDate, ActualDeliveryDate) values (82, 92, '2019-03-19 20:39:03', 90107.07, 'Processing', 'Cash', 'Failed', '2018-12-21 18:34:16', '2016-10-10 13:55:11');
insert into SalesOrder (OrderID, CustomerID, OrderDate, TotalAmount, Status, PaymentMethod, PaymentStatus, ExpectedDeliveryDate, ActualDeliveryDate) values (83, 67, '2008-10-13 03:00:42', 54498.41, 'Processing', 'PayPal', 'Refunded', '2021-06-30 18:26:55', '2022-11-12 03:20:44');
insert into SalesOrder (OrderID, CustomerID, OrderDate, TotalAmount, Status, PaymentMethod, PaymentStatus, ExpectedDeliveryDate, ActualDeliveryDate) values (84, 36, '2017-05-05 11:38:48', 55551.8, 'Processing', 'Cash', 'Refunded', '2016-04-27 12:56:53', '2016-01-10 11:54:31');
insert into SalesOrder (OrderID, CustomerID, OrderDate, TotalAmount, Status, PaymentMethod, PaymentStatus, ExpectedDeliveryDate, ActualDeliveryDate) values (85, 28, '2019-06-24 11:15:50', 36418.92, 'Shipped', 'Credit Card', 'Pending', '2003-03-25 09:33:56', '2006-05-30 01:54:40');
insert into SalesOrder (OrderID, CustomerID, OrderDate, TotalAmount, Status, PaymentMethod, PaymentStatus, ExpectedDeliveryDate, ActualDeliveryDate) values (86, 78, '2011-05-18 11:07:42', 71545.51, 'Cancelled', 'Cash', 'Completed', '2007-05-13 00:20:12', '2021-10-22 18:39:21');
insert into SalesOrder (OrderID, CustomerID, OrderDate, TotalAmount, Status, PaymentMethod, PaymentStatus, ExpectedDeliveryDate, ActualDeliveryDate) values (87, 65, '2014-08-06 18:00:18', 4233.5, 'Shipped', 'Debit Card', 'Failed', '2021-04-26 06:21:21', '2021-12-29 16:51:48');
insert into SalesOrder (OrderID, CustomerID, OrderDate, TotalAmount, Status, PaymentMethod, PaymentStatus, ExpectedDeliveryDate, ActualDeliveryDate) values (88, 68, '2017-07-11 14:02:27', 38977.91, 'Processing', 'Bank Transfer', 'Failed', '2016-05-05 14:35:24', '2002-07-07 05:24:17');
insert into SalesOrder (OrderID, CustomerID, OrderDate, TotalAmount, Status, PaymentMethod, PaymentStatus, ExpectedDeliveryDate, ActualDeliveryDate) values (89, 60, '2000-12-10 22:14:43', 27894.9, 'Delivered', 'Debit Card', 'Completed', '2001-06-13 12:48:03', '2022-07-22 18:46:40');
insert into SalesOrder (OrderID, CustomerID, OrderDate, TotalAmount, Status, PaymentMethod, PaymentStatus, ExpectedDeliveryDate, ActualDeliveryDate) values (90, 66, '2005-09-28 07:38:25', 42393.58, 'Cancelled', null, 'Completed', '2018-08-14 08:50:27', '2002-04-03 05:10:20');
insert into SalesOrder (OrderID, CustomerID, OrderDate, TotalAmount, Status, PaymentMethod, PaymentStatus, ExpectedDeliveryDate, ActualDeliveryDate) values (91, 7, '2012-03-18 16:38:10', 73192.12, 'Delivered', 'Credit Card', 'Pending', '2010-04-26 03:53:01', '2019-08-19 00:01:57');
insert into SalesOrder (OrderID, CustomerID, OrderDate, TotalAmount, Status, PaymentMethod, PaymentStatus, ExpectedDeliveryDate, ActualDeliveryDate) values (92, 79, '2021-01-14 06:59:51', 9153.42, 'Cancelled', 'Debit Card', 'Failed', '2000-02-19 07:31:50', '2016-03-27 18:41:38');
insert into SalesOrder (OrderID, CustomerID, OrderDate, TotalAmount, Status, PaymentMethod, PaymentStatus, ExpectedDeliveryDate, ActualDeliveryDate) values (93, 3, '2010-11-30 13:33:08', 46081.93, 'Shipped', 'PayPal', 'Pending', '2005-01-16 18:57:50', '2020-08-03 01:27:20');
insert into SalesOrder (OrderID, CustomerID, OrderDate, TotalAmount, Status, PaymentMethod, PaymentStatus, ExpectedDeliveryDate, ActualDeliveryDate) values (94, 39, '2008-03-01 03:58:21', 41216.61, 'Cancelled', 'Credit Card', 'Pending', '2004-07-26 12:31:20', '2013-01-10 18:34:17');
insert into SalesOrder (OrderID, CustomerID, OrderDate, TotalAmount, Status, PaymentMethod, PaymentStatus, ExpectedDeliveryDate, ActualDeliveryDate) values (95, 90, '2019-05-13 22:42:05', 68627.71, 'Cancelled', 'Bank Transfer', 'Pending', '2009-05-28 11:37:44', '2003-06-20 07:53:39');
insert into SalesOrder (OrderID, CustomerID, OrderDate, TotalAmount, Status, PaymentMethod, PaymentStatus, ExpectedDeliveryDate, ActualDeliveryDate) values (96, 80, '2014-11-01 21:31:28', 37204.16, 'Pending', 'Bank Transfer', null, '2012-03-21 16:32:31', '2012-08-26 23:22:00');
insert into SalesOrder (OrderID, CustomerID, OrderDate, TotalAmount, Status, PaymentMethod, PaymentStatus, ExpectedDeliveryDate, ActualDeliveryDate) values (97, 2, '2008-12-11 11:36:26', 29549.27, 'Processing', 'PayPal', 'Refunded', '2019-02-23 08:20:46', '2003-12-31 16:20:27');
insert into SalesOrder (OrderID, CustomerID, OrderDate, TotalAmount, Status, PaymentMethod, PaymentStatus, ExpectedDeliveryDate, ActualDeliveryDate) values (98, 89, '2015-06-16 17:31:05', 23605.8, 'Shipped', 'Cash', 'Refunded', '2005-12-04 06:20:55', '2020-09-20 18:35:19');
insert into SalesOrder (OrderID, CustomerID, OrderDate, TotalAmount, Status, PaymentMethod, PaymentStatus, ExpectedDeliveryDate, ActualDeliveryDate) values (99, 65, '2010-07-08 10:05:18', 67207.92, 'Delivered', 'Cash', 'Refunded', '2000-10-21 17:59:38', '2006-07-18 04:10:48');
insert into SalesOrder (OrderID, CustomerID, OrderDate, TotalAmount, Status, PaymentMethod, PaymentStatus, ExpectedDeliveryDate, ActualDeliveryDate) values (100, 65, '2018-01-31 06:26:00', 54552.8, 'Shipped', 'Debit Card', 'Refunded', '2006-08-27 12:58:21', '2005-09-10 08:17:01');

-- SalesOrderDetail
insert into SalesOrderDetail (OrderID, ProductID, Quantity, UnitPrice, Discount, Tax, TotalAmount) values (1, 13, 12, 915.49, 4.67, 3.95, 2242.96);
insert into SalesOrderDetail (OrderID, ProductID, Quantity, UnitPrice, Discount, Tax, TotalAmount) values (2, 30, 10, 2790.83, 4.45, 3.26, 2364.12);
insert into SalesOrderDetail (OrderID, ProductID, Quantity, UnitPrice, Discount, Tax, TotalAmount) values (3, 21, 21, 778.29, 2.92, 3.02, 3121.85);
insert into SalesOrderDetail (OrderID, ProductID, Quantity, UnitPrice, Discount, Tax, TotalAmount) values (4, 29, 20, 457.05, 1.9, 3.83, 2775.63);
insert into SalesOrderDetail (OrderID, ProductID, Quantity, UnitPrice, Discount, Tax, TotalAmount) values (5, 26, 30, 713.62, 3.5, 3.28, 3797.68);
insert into SalesOrderDetail (OrderID, ProductID, Quantity, UnitPrice, Discount, Tax, TotalAmount) values (6, 39, 25, 3772.75, 3.98, 3.71, 3310.87);
insert into SalesOrderDetail (OrderID, ProductID, Quantity, UnitPrice, Discount, Tax, TotalAmount) values (7, 22, 36, 1976.72, 3.54, 3.42, 3347.29);
insert into SalesOrderDetail (OrderID, ProductID, Quantity, UnitPrice, Discount, Tax, TotalAmount) values (8, 21, 10, 1106.31, 3.63, 3.04, 3792.48);
insert into SalesOrderDetail (OrderID, ProductID, Quantity, UnitPrice, Discount, Tax, TotalAmount) values (9, 40, 25, 3714.97, 1.87, 3.83, 3179.53);
insert into SalesOrderDetail (OrderID, ProductID, Quantity, UnitPrice, Discount, Tax, TotalAmount) values (10, 9, 22, 3084.21, 3.66, 3.21, 4546.85);
insert into SalesOrderDetail (OrderID, ProductID, Quantity, UnitPrice, Discount, Tax, TotalAmount) values (11, 19, 22, 3993.74, 2.86, 3.7, 118.15);
insert into SalesOrderDetail (OrderID, ProductID, Quantity, UnitPrice, Discount, Tax, TotalAmount) values (12, 33, 33, 1721.57, 2.82, 3.62, 1769.71);
insert into SalesOrderDetail (OrderID, ProductID, Quantity, UnitPrice, Discount, Tax, TotalAmount) values (13, 17, 15, 934.35, 1.24, 3.32, 816.8);
insert into SalesOrderDetail (OrderID, ProductID, Quantity, UnitPrice, Discount, Tax, TotalAmount) values (14, 36, 31, 2068.29, 4.45, 3.78, 1625.15);
insert into SalesOrderDetail (OrderID, ProductID, Quantity, UnitPrice, Discount, Tax, TotalAmount) values (15, 5, 13, 2719.61, 2.59, 3.52, 2507.79);
insert into SalesOrderDetail (OrderID, ProductID, Quantity, UnitPrice, Discount, Tax, TotalAmount) values (16, 34, 24, 751.72, 2.15, 3.64, 4829.52);
insert into SalesOrderDetail (OrderID, ProductID, Quantity, UnitPrice, Discount, Tax, TotalAmount) values (17, 8, 21, 2049.21, 1.46, 3.69, 1448.17);
insert into SalesOrderDetail (OrderID, ProductID, Quantity, UnitPrice, Discount, Tax, TotalAmount) values (18, 25, 32, 68.65, 1.04, 3.26, 764.41);
insert into SalesOrderDetail (OrderID, ProductID, Quantity, UnitPrice, Discount, Tax, TotalAmount) values (19, 31, 14, 1337.87, 3.4, 3.93, 3771.72);
insert into SalesOrderDetail (OrderID, ProductID, Quantity, UnitPrice, Discount, Tax, TotalAmount) values (20, 28, 15, 212.69, 2.07, 3.27, 3731.37);
insert into SalesOrderDetail (OrderID, ProductID, Quantity, UnitPrice, Discount, Tax, TotalAmount) values (21, 18, 31, 1353.17, 3.6, 3.68, 4998.41);
insert into SalesOrderDetail (OrderID, ProductID, Quantity, UnitPrice, Discount, Tax, TotalAmount) values (22, 14, 28, 1980.4, 2.47, 3.8, 848.78);
insert into SalesOrderDetail (OrderID, ProductID, Quantity, UnitPrice, Discount, Tax, TotalAmount) values (23, 6, 14, 856.35, 2.85, 3.19, 4505.64);
insert into SalesOrderDetail (OrderID, ProductID, Quantity, UnitPrice, Discount, Tax, TotalAmount) values (24, 31, 17, 1885.26, 3.11, 3.75, 4359.64);
insert into SalesOrderDetail (OrderID, ProductID, Quantity, UnitPrice, Discount, Tax, TotalAmount) values (25, 26, 30, 73.32, 4.05, 3.25, 3224.95);
insert into SalesOrderDetail (OrderID, ProductID, Quantity, UnitPrice, Discount, Tax, TotalAmount) values (26, 11, 15, 1690.75, 2.95, 3.66, 1448.06);
insert into SalesOrderDetail (OrderID, ProductID, Quantity, UnitPrice, Discount, Tax, TotalAmount) values (27, 18, 12, 2189.78, 1.61, 3.89, 4290.01);
insert into SalesOrderDetail (OrderID, ProductID, Quantity, UnitPrice, Discount, Tax, TotalAmount) values (28, 9, 18, 3598.75, 2.79, 3.05, 3114.87);
insert into SalesOrderDetail (OrderID, ProductID, Quantity, UnitPrice, Discount, Tax, TotalAmount) values (29, 10, 37, 1454.92, 4.2, 3.29, 3926.03);
insert into SalesOrderDetail (OrderID, ProductID, Quantity, UnitPrice, Discount, Tax, TotalAmount) values (30, 2, 23, 1078.45, 3.14, 3.7, 2127.38);
insert into SalesOrderDetail (OrderID, ProductID, Quantity, UnitPrice, Discount, Tax, TotalAmount) values (31, 29, 10, 2611.2, 1.56, 3.79, 4215.5);
insert into SalesOrderDetail (OrderID, ProductID, Quantity, UnitPrice, Discount, Tax, TotalAmount) values (32, 14, 39, 3640.0, 1.04, 3.1, 1166.34);
insert into SalesOrderDetail (OrderID, ProductID, Quantity, UnitPrice, Discount, Tax, TotalAmount) values (33, 18, 11, 3183.94, 4.62, 3.68, 4549.28);
insert into SalesOrderDetail (OrderID, ProductID, Quantity, UnitPrice, Discount, Tax, TotalAmount) values (34, 11, 35, 2163.69, 1.64, 3.96, 4899.83);
insert into SalesOrderDetail (OrderID, ProductID, Quantity, UnitPrice, Discount, Tax, TotalAmount) values (35, 20, 32, 1319.91, 1.11, 3.54, 4532.35);
insert into SalesOrderDetail (OrderID, ProductID, Quantity, UnitPrice, Discount, Tax, TotalAmount) values (36, 25, 28, 755.02, 3.71, 3.72, 3812.56);
insert into SalesOrderDetail (OrderID, ProductID, Quantity, UnitPrice, Discount, Tax, TotalAmount) values (37, 24, 37, 3173.98, 2.45, 3.54, 3293.49);
insert into SalesOrderDetail (OrderID, ProductID, Quantity, UnitPrice, Discount, Tax, TotalAmount) values (38, 21, 34, 312.16, 1.8, 3.04, 4448.41);
insert into SalesOrderDetail (OrderID, ProductID, Quantity, UnitPrice, Discount, Tax, TotalAmount) values (39, 15, 28, 2304.69, 1.09, 3.84, 328.66);
insert into SalesOrderDetail (OrderID, ProductID, Quantity, UnitPrice, Discount, Tax, TotalAmount) values (40, 32, 12, 1615.9, 3.32, 3.61, 1700.25);
insert into SalesOrderDetail (OrderID, ProductID, Quantity, UnitPrice, Discount, Tax, TotalAmount) values (41, 36, 20, 2831.42, 1.53, 3.98, 4693.15);
insert into SalesOrderDetail (OrderID, ProductID, Quantity, UnitPrice, Discount, Tax, TotalAmount) values (42, 21, 32, 3689.36, 1.79, 3.3, 4151.24);
insert into SalesOrderDetail (OrderID, ProductID, Quantity, UnitPrice, Discount, Tax, TotalAmount) values (43, 7, 15, 3464.37, 3.06, 3.98, 1033.06);
insert into SalesOrderDetail (OrderID, ProductID, Quantity, UnitPrice, Discount, Tax, TotalAmount) values (44, 4, 14, 1531.17, 3.89, 3.46, 1464.98);
insert into SalesOrderDetail (OrderID, ProductID, Quantity, UnitPrice, Discount, Tax, TotalAmount) values (45, 20, 12, 1569.17, 4.82, 3.46, 4324.14);
insert into SalesOrderDetail (OrderID, ProductID, Quantity, UnitPrice, Discount, Tax, TotalAmount) values (46, 21, 14, 2161.08, 4.12, 3.27, 3019.45);
insert into SalesOrderDetail (OrderID, ProductID, Quantity, UnitPrice, Discount, Tax, TotalAmount) values (47, 39, 39, 1224.9, 3.14, 3.04, 2897.33);
insert into SalesOrderDetail (OrderID, ProductID, Quantity, UnitPrice, Discount, Tax, TotalAmount) values (48, 16, 34, 1189.08, 2.21, 3.73, 72.97);
insert into SalesOrderDetail (OrderID, ProductID, Quantity, UnitPrice, Discount, Tax, TotalAmount) values (49, 14, 38, 877.59, 4.16, 3.03, 3170.47);
insert into SalesOrderDetail (OrderID, ProductID, Quantity, UnitPrice, Discount, Tax, TotalAmount) values (50, 6, 35, 2742.19, 1.55, 3.69, 4469.44);
insert into SalesOrderDetail (OrderID, ProductID, Quantity, UnitPrice, Discount, Tax, TotalAmount) values (51, 23, 17, 2337.54, 3.81, 3.41, 1980.83);
insert into SalesOrderDetail (OrderID, ProductID, Quantity, UnitPrice, Discount, Tax, TotalAmount) values (52, 21, 18, 749.6, 4.39, 3.2, 3933.3);
insert into SalesOrderDetail (OrderID, ProductID, Quantity, UnitPrice, Discount, Tax, TotalAmount) values (53, 6, 37, 3808.73, 2.11, 3.44, 592.24);
insert into SalesOrderDetail (OrderID, ProductID, Quantity, UnitPrice, Discount, Tax, TotalAmount) values (54, 20, 40, 2841.96, 2.33, 3.29, 4636.39);
insert into SalesOrderDetail (OrderID, ProductID, Quantity, UnitPrice, Discount, Tax, TotalAmount) values (55, 4, 11, 3293.39, 2.06, 3.3, 2081.35);
insert into SalesOrderDetail (OrderID, ProductID, Quantity, UnitPrice, Discount, Tax, TotalAmount) values (56, 9, 34, 1124.4, 2.33, 3.38, 2163.15);
insert into SalesOrderDetail (OrderID, ProductID, Quantity, UnitPrice, Discount, Tax, TotalAmount) values (57, 27, 11, 3224.55, 1.54, 3.81, 3648.88);
insert into SalesOrderDetail (OrderID, ProductID, Quantity, UnitPrice, Discount, Tax, TotalAmount) values (58, 13, 21, 1032.84, 3.99, 3.25, 1462.27);
insert into SalesOrderDetail (OrderID, ProductID, Quantity, UnitPrice, Discount, Tax, TotalAmount) values (59, 27, 15, 3060.43, 2.18, 3.7, 2845.49);
insert into SalesOrderDetail (OrderID, ProductID, Quantity, UnitPrice, Discount, Tax, TotalAmount) values (60, 23, 24, 1362.55, 3.81, 3.36, 3622.01);
insert into SalesOrderDetail (OrderID, ProductID, Quantity, UnitPrice, Discount, Tax, TotalAmount) values (61, 1, 17, 3215.32, 4.73, 3.88, 3283.26);
insert into SalesOrderDetail (OrderID, ProductID, Quantity, UnitPrice, Discount, Tax, TotalAmount) values (62, 25, 17, 697.02, 2.21, 3.74, 2509.43);
insert into SalesOrderDetail (OrderID, ProductID, Quantity, UnitPrice, Discount, Tax, TotalAmount) values (63, 33, 35, 1647.63, 1.75, 3.09, 764.02);
insert into SalesOrderDetail (OrderID, ProductID, Quantity, UnitPrice, Discount, Tax, TotalAmount) values (64, 13, 17, 516.12, 1.38, 3.11, 4437.64);
insert into SalesOrderDetail (OrderID, ProductID, Quantity, UnitPrice, Discount, Tax, TotalAmount) values (65, 21, 16, 2525.09, 4.52, 3.78, 1370.5);
insert into SalesOrderDetail (OrderID, ProductID, Quantity, UnitPrice, Discount, Tax, TotalAmount) values (66, 20, 35, 404.98, 4.31, 3.1, 2211.02);
insert into SalesOrderDetail (OrderID, ProductID, Quantity, UnitPrice, Discount, Tax, TotalAmount) values (67, 11, 15, 1260.83, 1.3, 3.18, 756.58);
insert into SalesOrderDetail (OrderID, ProductID, Quantity, UnitPrice, Discount, Tax, TotalAmount) values (68, 38, 35, 1217.54, 3.66, 3.63, 182.88);
insert into SalesOrderDetail (OrderID, ProductID, Quantity, UnitPrice, Discount, Tax, TotalAmount) values (69, 17, 36, 3814.4, 3.57, 3.24, 381.12);
insert into SalesOrderDetail (OrderID, ProductID, Quantity, UnitPrice, Discount, Tax, TotalAmount) values (70, 4, 34, 2298.99, 1.39, 3.64, 1376.75);
insert into SalesOrderDetail (OrderID, ProductID, Quantity, UnitPrice, Discount, Tax, TotalAmount) values (71, 15, 27, 1276.87, 2.8, 3.24, 4970.1);
insert into SalesOrderDetail (OrderID, ProductID, Quantity, UnitPrice, Discount, Tax, TotalAmount) values (72, 4, 24, 3160.2, 2.38, 3.45, 4418.85);
insert into SalesOrderDetail (OrderID, ProductID, Quantity, UnitPrice, Discount, Tax, TotalAmount) values (73, 25, 40, 1194.74, 3.68, 3.0, 1883.78);
insert into SalesOrderDetail (OrderID, ProductID, Quantity, UnitPrice, Discount, Tax, TotalAmount) values (74, 30, 20, 539.17, 2.1, 3.23, 4868.77);
insert into SalesOrderDetail (OrderID, ProductID, Quantity, UnitPrice, Discount, Tax, TotalAmount) values (75, 32, 24, 3558.79, 3.82, 3.33, 3208.05);
insert into SalesOrderDetail (OrderID, ProductID, Quantity, UnitPrice, Discount, Tax, TotalAmount) values (76, 3, 20, 1955.88, 2.41, 3.51, 2482.94);
insert into SalesOrderDetail (OrderID, ProductID, Quantity, UnitPrice, Discount, Tax, TotalAmount) values (77, 14, 17, 3042.49, 2.01, 3.31, 1693.55);
insert into SalesOrderDetail (OrderID, ProductID, Quantity, UnitPrice, Discount, Tax, TotalAmount) values (78, 24, 32, 2499.78, 1.55, 3.02, 530.84);
insert into SalesOrderDetail (OrderID, ProductID, Quantity, UnitPrice, Discount, Tax, TotalAmount) values (79, 1, 19, 2249.62, 2.3, 3.88, 2742.73);
insert into SalesOrderDetail (OrderID, ProductID, Quantity, UnitPrice, Discount, Tax, TotalAmount) values (80, 5, 23, 553.33, 4.55, 3.78, 1326.74);
insert into SalesOrderDetail (OrderID, ProductID, Quantity, UnitPrice, Discount, Tax, TotalAmount) values (81, 30, 12, 546.4, 3.94, 3.73, 3414.17);
insert into SalesOrderDetail (OrderID, ProductID, Quantity, UnitPrice, Discount, Tax, TotalAmount) values (82, 14, 21, 3467.69, 4.76, 3.26, 3056.98);
insert into SalesOrderDetail (OrderID, ProductID, Quantity, UnitPrice, Discount, Tax, TotalAmount) values (83, 14, 14, 3311.13, 2.48, 3.5, 4651.98);
insert into SalesOrderDetail (OrderID, ProductID, Quantity, UnitPrice, Discount, Tax, TotalAmount) values (84, 20, 31, 3738.69, 4.21, 3.93, 1780.38);
insert into SalesOrderDetail (OrderID, ProductID, Quantity, UnitPrice, Discount, Tax, TotalAmount) values (85, 39, 19, 3616.23, 1.37, 3.49, 3154.35);
insert into SalesOrderDetail (OrderID, ProductID, Quantity, UnitPrice, Discount, Tax, TotalAmount) values (86, 6, 24, 2785.49, 2.71, 3.61, 4421.31);
insert into SalesOrderDetail (OrderID, ProductID, Quantity, UnitPrice, Discount, Tax, TotalAmount) values (87, 25, 40, 2765.48, 2.04, 3.87, 2440.48);
insert into SalesOrderDetail (OrderID, ProductID, Quantity, UnitPrice, Discount, Tax, TotalAmount) values (88, 1, 13, 465.62, 1.55, 3.43, 1830.7);
insert into SalesOrderDetail (OrderID, ProductID, Quantity, UnitPrice, Discount, Tax, TotalAmount) values (89, 37, 29, 3167.84, 2.88, 3.7, 1260.1);
insert into SalesOrderDetail (OrderID, ProductID, Quantity, UnitPrice, Discount, Tax, TotalAmount) values (90, 14, 11, 1937.18, 2.93, 3.48, 2285.5);
insert into SalesOrderDetail (OrderID, ProductID, Quantity, UnitPrice, Discount, Tax, TotalAmount) values (91, 20, 28, 2872.24, 3.38, 3.44, 1978.93);
insert into SalesOrderDetail (OrderID, ProductID, Quantity, UnitPrice, Discount, Tax, TotalAmount) values (92, 12, 38, 182.61, 1.5, 3.78, 4181.61);
insert into SalesOrderDetail (OrderID, ProductID, Quantity, UnitPrice, Discount, Tax, TotalAmount) values (93, 30, 15, 3088.58, 1.53, 3.3, 2543.78);
insert into SalesOrderDetail (OrderID, ProductID, Quantity, UnitPrice, Discount, Tax, TotalAmount) values (94, 7, 29, 2205.3, 4.78, 3.71, 1465.58);
insert into SalesOrderDetail (OrderID, ProductID, Quantity, UnitPrice, Discount, Tax, TotalAmount) values (95, 14, 21, 3366.93, 3.56, 3.98, 4431.68);
insert into SalesOrderDetail (OrderID, ProductID, Quantity, UnitPrice, Discount, Tax, TotalAmount) values (96, 30, 26, 2992.74, 3.32, 3.96, 4256.9);
insert into SalesOrderDetail (OrderID, ProductID, Quantity, UnitPrice, Discount, Tax, TotalAmount) values (97, 16, 18, 1823.73, 2.75, 3.03, 2583.19);
insert into SalesOrderDetail (OrderID, ProductID, Quantity, UnitPrice, Discount, Tax, TotalAmount) values (98, 36, 39, 2827.2, 3.59, 3.03, 4769.82);
insert into SalesOrderDetail (OrderID, ProductID, Quantity, UnitPrice, Discount, Tax, TotalAmount) values (99, 13, 25, 824.36, 2.18, 3.22, 2905.06);
insert into SalesOrderDetail (OrderID, ProductID, Quantity, UnitPrice, Discount, Tax, TotalAmount) values (100, 21, 24, 3840.33, 4.06, 3.49, 849.62);

-- Returns
insert into Returns (ReturnID, OrderID, CustomerID, ReturnDate, RefundAmount, RefundMethod, RefundStatus, Comments) values (1, 1, 1, '2000-01-31 22:53:49', 808674.62, 'Cash', 'Pending', null);
insert into Returns (ReturnID, OrderID, CustomerID, ReturnDate, RefundAmount, RefundMethod, RefundStatus, Comments) values (2, 2, 2, '2020-11-18 15:56:31', 988981.44, 'Cash', 'Pending', 'Mauris enim leo, rhoncus sed, vestibulum sit amet, cursus id, turpis. Integer aliquet, massa id lobortis convallis, tortor risus dapibus augue, vel accumsan tellus nisi eu orci. Mauris lacinia sapien quis libero.');
insert into Returns (ReturnID, OrderID, CustomerID, ReturnDate, RefundAmount, RefundMethod, RefundStatus, Comments) values (3, 3, 3, '2020-03-20 16:33:51', 149004.56, 'PayPal', 'Pending', null);
insert into Returns (ReturnID, OrderID, CustomerID, ReturnDate, RefundAmount, RefundMethod, RefundStatus, Comments) values (4, 4, 4, '2010-06-17 22:22:12', 764766.76, 'Cash', 'Pending', 'Phasellus sit amet erat. Nulla tempus. Vivamus in felis eu sapien cursus vestibulum.');
insert into Returns (ReturnID, OrderID, CustomerID, ReturnDate, RefundAmount, RefundMethod, RefundStatus, Comments) values (5, 5, 5, '2006-03-28 06:54:31', 649822.59, 'Store Credit', 'Pending', null);
insert into Returns (ReturnID, OrderID, CustomerID, ReturnDate, RefundAmount, RefundMethod, RefundStatus, Comments) values (6, 6, 6, '2001-01-09 12:36:28', 238825.53, 'Store Credit', 'Processed', 'In quis justo. Maecenas rhoncus aliquam lacus. Morbi quis tortor id nulla ultrices aliquet.');
insert into Returns (ReturnID, OrderID, CustomerID, ReturnDate, RefundAmount, RefundMethod, RefundStatus, Comments) values (7, 7, 7, '2002-04-10 02:34:39', 940296.12, 'Cash', 'Pending', null);
insert into Returns (ReturnID, OrderID, CustomerID, ReturnDate, RefundAmount, RefundMethod, RefundStatus, Comments) values (8, 8, 8, '2002-11-08 14:56:32', 290979.56, 'Credit Card', 'Refunded', 'Maecenas ut massa quis augue luctus tincidunt. Nulla mollis molestie lorem. Quisque ut erat.');
insert into Returns (ReturnID, OrderID, CustomerID, ReturnDate, RefundAmount, RefundMethod, RefundStatus, Comments) values (9, 9, 9, '2020-09-04 08:30:59', 378982.08, 'Store Credit', 'Pending', 'Duis bibendum, felis sed interdum venenatis, turpis enim blandit mi, in porttitor pede justo eu massa. Donec dapibus. Duis at velit eu est congue elementum.');
insert into Returns (ReturnID, OrderID, CustomerID, ReturnDate, RefundAmount, RefundMethod, RefundStatus, Comments) values (10, 10, 10, '2005-09-14 18:43:15', 496240.69, 'Credit Card', 'Refunded', 'Proin leo odio, porttitor id, consequat in, consequat ut, nulla. Sed accumsan felis. Ut at dolor quis odio consequat varius.');
insert into Returns (ReturnID, OrderID, CustomerID, ReturnDate, RefundAmount, RefundMethod, RefundStatus, Comments) values (11, 11, 11, '2014-05-15 07:55:59', 249835.75, 'Credit Card', 'Completed', null);
insert into Returns (ReturnID, OrderID, CustomerID, ReturnDate, RefundAmount, RefundMethod, RefundStatus, Comments) values (12, 12, 12, '2016-04-18 15:13:50', 554875.18, 'Cash', 'Processed', 'Cras mi pede, malesuada in, imperdiet et, commodo vulputate, justo. In blandit ultrices enim. Lorem ipsum dolor sit amet, consectetuer adipiscing elit.');
insert into Returns (ReturnID, OrderID, CustomerID, ReturnDate, RefundAmount, RefundMethod, RefundStatus, Comments) values (13, 13, 13, '2007-05-12 18:12:30', 392557.64, 'Cash', 'Processed', 'Pellentesque at nulla. Suspendisse potenti. Cras in purus eu magna vulputate luctus.');
insert into Returns (ReturnID, OrderID, CustomerID, ReturnDate, RefundAmount, RefundMethod, RefundStatus, Comments) values (14, 14, 14, '2022-12-11 13:19:01', 262522.45, 'Cash', 'Refunded', null);
insert into Returns (ReturnID, OrderID, CustomerID, ReturnDate, RefundAmount, RefundMethod, RefundStatus, Comments) values (15, 15, 15, '2010-08-21 19:32:55', 961752.59, 'Store Credit', 'Refunded', null);
insert into Returns (ReturnID, OrderID, CustomerID, ReturnDate, RefundAmount, RefundMethod, RefundStatus, Comments) values (16, 16, 16, '2017-11-18 19:56:41', 551776.39, 'Store Credit', 'Pending', null);
insert into Returns (ReturnID, OrderID, CustomerID, ReturnDate, RefundAmount, RefundMethod, RefundStatus, Comments) values (17, 17, 17, '2002-07-11 22:21:11', 14966.11, 'PayPal', 'Refunded', null);
insert into Returns (ReturnID, OrderID, CustomerID, ReturnDate, RefundAmount, RefundMethod, RefundStatus, Comments) values (18, 18, 18, '2013-08-04 14:42:07', 12325.64, 'PayPal', 'Completed', null);
insert into Returns (ReturnID, OrderID, CustomerID, ReturnDate, RefundAmount, RefundMethod, RefundStatus, Comments) values (19, 19, 19, '2003-09-05 06:55:36', 990173.57, 'Store Credit', 'Processed', null);
insert into Returns (ReturnID, OrderID, CustomerID, ReturnDate, RefundAmount, RefundMethod, RefundStatus, Comments) values (20, 20, 20, '2017-02-23 23:34:11', 746753.05, 'PayPal', 'Refunded', null);
insert into Returns (ReturnID, OrderID, CustomerID, ReturnDate, RefundAmount, RefundMethod, RefundStatus, Comments) values (21, 21, 21, '2010-02-12 23:15:21', 707790.09, 'Credit Card', 'Completed', 'Etiam vel augue. Vestibulum rutrum rutrum neque. Aenean auctor gravida sem.');
insert into Returns (ReturnID, OrderID, CustomerID, ReturnDate, RefundAmount, RefundMethod, RefundStatus, Comments) values (22, 22, 22, '2006-11-26 01:02:32', 538729.65, 'Credit Card', 'Processed', 'Integer tincidunt ante vel ipsum. Praesent blandit lacinia erat. Vestibulum sed magna at nunc commodo placerat.');
insert into Returns (ReturnID, OrderID, CustomerID, ReturnDate, RefundAmount, RefundMethod, RefundStatus, Comments) values (23, 23, 23, '2020-08-20 08:56:36', 94827.77, 'PayPal', 'Processed', null);
insert into Returns (ReturnID, OrderID, CustomerID, ReturnDate, RefundAmount, RefundMethod, RefundStatus, Comments) values (24, 24, 24, '2012-04-05 03:31:53', 799856.89, 'Store Credit', 'Completed', null);
insert into Returns (ReturnID, OrderID, CustomerID, ReturnDate, RefundAmount, RefundMethod, RefundStatus, Comments) values (25, 25, 25, '2017-03-31 04:51:02', 858679.68, 'Credit Card', 'Completed', null);
insert into Returns (ReturnID, OrderID, CustomerID, ReturnDate, RefundAmount, RefundMethod, RefundStatus, Comments) values (26, 26, 26, '2012-09-19 22:14:53', 222734.8, 'Store Credit', 'Completed', null);
insert into Returns (ReturnID, OrderID, CustomerID, ReturnDate, RefundAmount, RefundMethod, RefundStatus, Comments) values (27, 27, 27, '2005-08-14 09:18:13', 114261.89, 'Store Credit', 'Refunded', null);
insert into Returns (ReturnID, OrderID, CustomerID, ReturnDate, RefundAmount, RefundMethod, RefundStatus, Comments) values (28, 28, 28, '2013-02-09 02:45:18', 186536.57, 'Cash', 'Processed', 'Vestibulum ac est lacinia nisi venenatis tristique. Fusce congue, diam id ornare imperdiet, sapien urna pretium nisl, ut volutpat sapien arcu sed augue. Aliquam erat volutpat.');
insert into Returns (ReturnID, OrderID, CustomerID, ReturnDate, RefundAmount, RefundMethod, RefundStatus, Comments) values (29, 29, 29, '2008-04-14 00:31:11', 197669.04, 'Credit Card', 'Completed', 'Mauris enim leo, rhoncus sed, vestibulum sit amet, cursus id, turpis. Integer aliquet, massa id lobortis convallis, tortor risus dapibus augue, vel accumsan tellus nisi eu orci. Mauris lacinia sapien quis libero.');
insert into Returns (ReturnID, OrderID, CustomerID, ReturnDate, RefundAmount, RefundMethod, RefundStatus, Comments) values (30, 30, 30, '2003-02-01 01:13:01', 131888.05, 'PayPal', 'Refunded', null);
insert into Returns (ReturnID, OrderID, CustomerID, ReturnDate, RefundAmount, RefundMethod, RefundStatus, Comments) values (31, 31, 31, '2009-06-15 04:57:04', 323917.69, 'Credit Card', 'Processed', null);
insert into Returns (ReturnID, OrderID, CustomerID, ReturnDate, RefundAmount, RefundMethod, RefundStatus, Comments) values (32, 32, 32, '2011-10-12 02:50:55', 764668.39, 'Cash', 'Completed', null);
insert into Returns (ReturnID, OrderID, CustomerID, ReturnDate, RefundAmount, RefundMethod, RefundStatus, Comments) values (33, 33, 33, '2017-12-20 14:32:17', 902920.08, 'Credit Card', 'Completed', null);
insert into Returns (ReturnID, OrderID, CustomerID, ReturnDate, RefundAmount, RefundMethod, RefundStatus, Comments) values (34, 34, 34, '2020-07-21 20:44:36', 483542.45, 'Cash', 'Processed', null);
insert into Returns (ReturnID, OrderID, CustomerID, ReturnDate, RefundAmount, RefundMethod, RefundStatus, Comments) values (35, 35, 35, '2012-05-13 05:03:44', 747488.01, 'PayPal', 'Processed', null);
insert into Returns (ReturnID, OrderID, CustomerID, ReturnDate, RefundAmount, RefundMethod, RefundStatus, Comments) values (36, 36, 36, '2019-10-18 07:50:26', 356781.37, 'Store Credit', 'Pending', null);
insert into Returns (ReturnID, OrderID, CustomerID, ReturnDate, RefundAmount, RefundMethod, RefundStatus, Comments) values (37, 37, 37, '2019-08-06 10:47:42', 770687.85, 'Store Credit', 'Processed', 'Fusce posuere felis sed lacus. Morbi sem mauris, laoreet ut, rhoncus aliquet, pulvinar sed, nisl. Nunc rhoncus dui vel sem.');
insert into Returns (ReturnID, OrderID, CustomerID, ReturnDate, RefundAmount, RefundMethod, RefundStatus, Comments) values (38, 38, 38, '2017-04-25 08:00:14', 954228.15, 'PayPal', 'Refunded', 'Curabitur at ipsum ac tellus semper interdum. Mauris ullamcorper purus sit amet nulla. Quisque arcu libero, rutrum ac, lobortis vel, dapibus at, diam.');
insert into Returns (ReturnID, OrderID, CustomerID, ReturnDate, RefundAmount, RefundMethod, RefundStatus, Comments) values (39, 39, 39, '2020-10-28 00:41:48', 128245.67, 'Credit Card', 'Processed', null);
insert into Returns (ReturnID, OrderID, CustomerID, ReturnDate, RefundAmount, RefundMethod, RefundStatus, Comments) values (40, 40, 40, '2014-11-06 13:04:23', 548220.2, 'Credit Card', 'Refunded', null);
insert into Returns (ReturnID, OrderID, CustomerID, ReturnDate, RefundAmount, RefundMethod, RefundStatus, Comments) values (41, 41, 41, '2007-03-27 10:20:39', 202428.07, 'Credit Card', 'Processed', null);
insert into Returns (ReturnID, OrderID, CustomerID, ReturnDate, RefundAmount, RefundMethod, RefundStatus, Comments) values (42, 42, 42, '2015-11-30 17:25:37', 643040.69, 'Credit Card', 'Completed', 'Quisque id justo sit amet sapien dignissim vestibulum. Vestibulum ante ipsum primis in faucibus orci luctus et ultrices posuere cubilia Curae; Nulla dapibus dolor vel est. Donec odio justo, sollicitudin ut, suscipit a, feugiat et, eros.');
insert into Returns (ReturnID, OrderID, CustomerID, ReturnDate, RefundAmount, RefundMethod, RefundStatus, Comments) values (43, 43, 43, '2013-12-09 14:07:47', 121084.62, 'Store Credit', 'Pending', 'Vestibulum ac est lacinia nisi venenatis tristique. Fusce congue, diam id ornare imperdiet, sapien urna pretium nisl, ut volutpat sapien arcu sed augue. Aliquam erat volutpat.');
insert into Returns (ReturnID, OrderID, CustomerID, ReturnDate, RefundAmount, RefundMethod, RefundStatus, Comments) values (44, 44, 44, '2019-02-12 19:13:49', 618018.54, 'Store Credit', 'Refunded', null);
insert into Returns (ReturnID, OrderID, CustomerID, ReturnDate, RefundAmount, RefundMethod, RefundStatus, Comments) values (45, 45, 45, '2019-04-26 04:04:23', 951900.49, 'Store Credit', 'Pending', null);
insert into Returns (ReturnID, OrderID, CustomerID, ReturnDate, RefundAmount, RefundMethod, RefundStatus, Comments) values (46, 46, 46, '2006-07-12 19:04:09', 173052.35, 'PayPal', 'Refunded', null);
insert into Returns (ReturnID, OrderID, CustomerID, ReturnDate, RefundAmount, RefundMethod, RefundStatus, Comments) values (47, 47, 47, '2012-11-05 08:28:20', 908530.75, 'Store Credit', 'Pending', null);
insert into Returns (ReturnID, OrderID, CustomerID, ReturnDate, RefundAmount, RefundMethod, RefundStatus, Comments) values (48, 48, 48, '2022-04-23 01:21:43', 688102.81, 'PayPal', 'Processed', 'Aliquam quis turpis eget elit sodales scelerisque. Mauris sit amet eros. Suspendisse accumsan tortor quis turpis.');
insert into Returns (ReturnID, OrderID, CustomerID, ReturnDate, RefundAmount, RefundMethod, RefundStatus, Comments) values (49, 49, 49, '2016-09-03 07:32:44', 362096.55, 'PayPal', 'Completed', 'Cras mi pede, malesuada in, imperdiet et, commodo vulputate, justo. In blandit ultrices enim. Lorem ipsum dolor sit amet, consectetuer adipiscing elit.');
insert into Returns (ReturnID, OrderID, CustomerID, ReturnDate, RefundAmount, RefundMethod, RefundStatus, Comments) values (50, 50, 50, '2010-06-17 20:03:36', 541562.12, 'Cash', 'Processed', 'In quis justo. Maecenas rhoncus aliquam lacus. Morbi quis tortor id nulla ultrices aliquet.');
insert into Returns (ReturnID, OrderID, CustomerID, ReturnDate, RefundAmount, RefundMethod, RefundStatus, Comments) values (51, 51, 51, '2017-09-17 03:50:32', 950901.66, 'Store Credit', 'Refunded', null);
insert into Returns (ReturnID, OrderID, CustomerID, ReturnDate, RefundAmount, RefundMethod, RefundStatus, Comments) values (52, 52, 52, '2000-06-29 13:15:05', 39296.47, 'PayPal', 'Refunded', 'Integer ac leo. Pellentesque ultrices mattis odio. Donec vitae nisi.');
insert into Returns (ReturnID, OrderID, CustomerID, ReturnDate, RefundAmount, RefundMethod, RefundStatus, Comments) values (53, 53, 53, '2006-06-15 15:42:04', 492632.89, 'PayPal', 'Processed', 'Nam ultrices, libero non mattis pulvinar, nulla pede ullamcorper augue, a suscipit nulla elit ac nulla. Sed vel enim sit amet nunc viverra dapibus. Nulla suscipit ligula in lacus.');
insert into Returns (ReturnID, OrderID, CustomerID, ReturnDate, RefundAmount, RefundMethod, RefundStatus, Comments) values (54, 54, 54, '2015-06-16 02:33:40', 841881.09, 'PayPal', 'Completed', null);
insert into Returns (ReturnID, OrderID, CustomerID, ReturnDate, RefundAmount, RefundMethod, RefundStatus, Comments) values (55, 55, 55, '2016-01-19 08:40:47', 281297.39, 'PayPal', 'Completed', null);
insert into Returns (ReturnID, OrderID, CustomerID, ReturnDate, RefundAmount, RefundMethod, RefundStatus, Comments) values (56, 56, 56, '2014-01-05 00:50:57', 894933.88, 'Store Credit', 'Processed', null);
insert into Returns (ReturnID, OrderID, CustomerID, ReturnDate, RefundAmount, RefundMethod, RefundStatus, Comments) values (57, 57, 57, '2022-04-03 05:50:41', 400651.67, 'Store Credit', 'Completed', 'Fusce consequat. Nulla nisl. Nunc nisl.');
insert into Returns (ReturnID, OrderID, CustomerID, ReturnDate, RefundAmount, RefundMethod, RefundStatus, Comments) values (58, 58, 58, '2013-01-03 09:34:48', 99494.37, 'Credit Card', 'Processed', null);
insert into Returns (ReturnID, OrderID, CustomerID, ReturnDate, RefundAmount, RefundMethod, RefundStatus, Comments) values (59, 59, 59, '2017-05-28 08:49:12', 668961.83, 'PayPal', 'Processed', null);
insert into Returns (ReturnID, OrderID, CustomerID, ReturnDate, RefundAmount, RefundMethod, RefundStatus, Comments) values (60, 60, 60, '2006-06-25 02:09:48', 730883.58, 'Credit Card', 'Refunded', 'Fusce posuere felis sed lacus. Morbi sem mauris, laoreet ut, rhoncus aliquet, pulvinar sed, nisl. Nunc rhoncus dui vel sem.');
insert into Returns (ReturnID, OrderID, CustomerID, ReturnDate, RefundAmount, RefundMethod, RefundStatus, Comments) values (61, 61, 61, '2015-04-15 06:02:28', 456122.12, 'PayPal', 'Completed', 'Vestibulum ac est lacinia nisi venenatis tristique. Fusce congue, diam id ornare imperdiet, sapien urna pretium nisl, ut volutpat sapien arcu sed augue. Aliquam erat volutpat.');
insert into Returns (ReturnID, OrderID, CustomerID, ReturnDate, RefundAmount, RefundMethod, RefundStatus, Comments) values (62, 62, 62, '2017-07-06 11:41:46', 701945.71, 'PayPal', 'Pending', 'Aenean fermentum. Donec ut mauris eget massa tempor convallis. Nulla neque libero, convallis eget, eleifend luctus, ultricies eu, nibh.');
insert into Returns (ReturnID, OrderID, CustomerID, ReturnDate, RefundAmount, RefundMethod, RefundStatus, Comments) values (63, 63, 63, '2021-01-16 15:55:22', 535388.23, 'Cash', 'Pending', null);
insert into Returns (ReturnID, OrderID, CustomerID, ReturnDate, RefundAmount, RefundMethod, RefundStatus, Comments) values (64, 64, 64, '2023-11-16 15:42:27', 521455.83, 'PayPal', 'Processed', null);
insert into Returns (ReturnID, OrderID, CustomerID, ReturnDate, RefundAmount, RefundMethod, RefundStatus, Comments) values (65, 65, 65, '2019-02-09 21:00:33', 472208.71, 'Credit Card', 'Processed', null);
insert into Returns (ReturnID, OrderID, CustomerID, ReturnDate, RefundAmount, RefundMethod, RefundStatus, Comments) values (66, 66, 66, '2007-07-31 03:49:31', 50619.4, 'PayPal', 'Processed', null);
insert into Returns (ReturnID, OrderID, CustomerID, ReturnDate, RefundAmount, RefundMethod, RefundStatus, Comments) values (67, 67, 67, '2001-11-10 18:57:09', 324348.53, 'PayPal', 'Pending', null);
insert into Returns (ReturnID, OrderID, CustomerID, ReturnDate, RefundAmount, RefundMethod, RefundStatus, Comments) values (68, 68, 68, '2008-11-02 11:07:42', 574218.18, 'Cash', 'Processed', 'Proin leo odio, porttitor id, consequat in, consequat ut, nulla. Sed accumsan felis. Ut at dolor quis odio consequat varius.');
insert into Returns (ReturnID, OrderID, CustomerID, ReturnDate, RefundAmount, RefundMethod, RefundStatus, Comments) values (69, 69, 69, '2002-01-29 03:22:29', 218292.8, 'Credit Card', 'Completed', 'Quisque id justo sit amet sapien dignissim vestibulum. Vestibulum ante ipsum primis in faucibus orci luctus et ultrices posuere cubilia Curae; Nulla dapibus dolor vel est. Donec odio justo, sollicitudin ut, suscipit a, feugiat et, eros.');
insert into Returns (ReturnID, OrderID, CustomerID, ReturnDate, RefundAmount, RefundMethod, RefundStatus, Comments) values (70, 70, 70, '2003-01-21 17:40:16', 3883.89, 'Credit Card', 'Completed', null);
insert into Returns (ReturnID, OrderID, CustomerID, ReturnDate, RefundAmount, RefundMethod, RefundStatus, Comments) values (71, 71, 71, '2019-12-14 08:07:19', 824625.38, 'PayPal', 'Processed', null);
insert into Returns (ReturnID, OrderID, CustomerID, ReturnDate, RefundAmount, RefundMethod, RefundStatus, Comments) values (72, 72, 72, '2006-04-30 21:47:32', 287465.04, 'Cash', 'Pending', 'Pellentesque at nulla. Suspendisse potenti. Cras in purus eu magna vulputate luctus.');
insert into Returns (ReturnID, OrderID, CustomerID, ReturnDate, RefundAmount, RefundMethod, RefundStatus, Comments) values (73, 73, 73, '2015-07-18 18:28:57', 445278.71, 'PayPal', 'Completed', null);
insert into Returns (ReturnID, OrderID, CustomerID, ReturnDate, RefundAmount, RefundMethod, RefundStatus, Comments) values (74, 74, 74, '2019-09-09 08:44:27', 479337.27, 'Store Credit', 'Refunded', null);
insert into Returns (ReturnID, OrderID, CustomerID, ReturnDate, RefundAmount, RefundMethod, RefundStatus, Comments) values (75, 75, 75, '2018-12-26 21:52:54', 312591.27, 'Store Credit', 'Completed', null);
insert into Returns (ReturnID, OrderID, CustomerID, ReturnDate, RefundAmount, RefundMethod, RefundStatus, Comments) values (76, 76, 76, '2006-09-04 00:09:18', 554789.27, 'Store Credit', 'Pending', 'Quisque porta volutpat erat. Quisque erat eros, viverra eget, congue eget, semper rutrum, nulla. Nunc purus.');
insert into Returns (ReturnID, OrderID, CustomerID, ReturnDate, RefundAmount, RefundMethod, RefundStatus, Comments) values (77, 77, 77, '2002-01-28 14:57:08', 639139.84, 'Credit Card', 'Processed', null);
insert into Returns (ReturnID, OrderID, CustomerID, ReturnDate, RefundAmount, RefundMethod, RefundStatus, Comments) values (78, 78, 78, '2023-05-20 03:49:34', 985779.7, 'PayPal', 'Pending', null);
insert into Returns (ReturnID, OrderID, CustomerID, ReturnDate, RefundAmount, RefundMethod, RefundStatus, Comments) values (79, 79, 79, '2006-02-26 20:11:16', 659644.78, 'Cash', 'Refunded', null);
insert into Returns (ReturnID, OrderID, CustomerID, ReturnDate, RefundAmount, RefundMethod, RefundStatus, Comments) values (80, 80, 80, '2005-12-29 13:37:04', 734230.94, 'Cash', 'Refunded', 'Sed ante. Vivamus tortor. Duis mattis egestas metus.');
insert into Returns (ReturnID, OrderID, CustomerID, ReturnDate, RefundAmount, RefundMethod, RefundStatus, Comments) values (81, 81, 81, '2018-07-25 02:33:20', 583063.49, 'Credit Card', 'Pending', null);
insert into Returns (ReturnID, OrderID, CustomerID, ReturnDate, RefundAmount, RefundMethod, RefundStatus, Comments) values (82, 82, 82, '2005-01-19 06:37:29', 522358.79, 'PayPal', 'Completed', 'Curabitur gravida nisi at nibh. In hac habitasse platea dictumst. Aliquam augue quam, sollicitudin vitae, consectetuer eget, rutrum at, lorem.');
insert into Returns (ReturnID, OrderID, CustomerID, ReturnDate, RefundAmount, RefundMethod, RefundStatus, Comments) values (83, 83, 83, '2017-02-18 15:08:41', 676793.94, 'Store Credit', 'Processed', null);
insert into Returns (ReturnID, OrderID, CustomerID, ReturnDate, RefundAmount, RefundMethod, RefundStatus, Comments) values (84, 84, 84, '2017-10-12 10:26:42', 733228.31, 'Credit Card', 'Processed', null);
insert into Returns (ReturnID, OrderID, CustomerID, ReturnDate, RefundAmount, RefundMethod, RefundStatus, Comments) values (85, 85, 85, '2001-05-22 08:14:35', 806580.6, 'Store Credit', 'Completed', 'Aenean fermentum. Donec ut mauris eget massa tempor convallis. Nulla neque libero, convallis eget, eleifend luctus, ultricies eu, nibh.');
insert into Returns (ReturnID, OrderID, CustomerID, ReturnDate, RefundAmount, RefundMethod, RefundStatus, Comments) values (86, 86, 86, '2010-11-06 10:27:27', 454648.88, 'Cash', 'Processed', null);
insert into Returns (ReturnID, OrderID, CustomerID, ReturnDate, RefundAmount, RefundMethod, RefundStatus, Comments) values (87, 87, 87, '2021-02-14 12:32:13', 707334.7, 'Store Credit', 'Completed', 'Duis aliquam convallis nunc. Proin at turpis a pede posuere nonummy. Integer non velit.');
insert into Returns (ReturnID, OrderID, CustomerID, ReturnDate, RefundAmount, RefundMethod, RefundStatus, Comments) values (88, 88, 88, '2012-07-29 07:54:05', 771405.33, 'PayPal', 'Pending', null);
insert into Returns (ReturnID, OrderID, CustomerID, ReturnDate, RefundAmount, RefundMethod, RefundStatus, Comments) values (89, 89, 89, '2020-10-29 04:57:24', 819388.39, 'PayPal', 'Processed', null);
insert into Returns (ReturnID, OrderID, CustomerID, ReturnDate, RefundAmount, RefundMethod, RefundStatus, Comments) values (90, 90, 90, '2022-10-24 21:47:37', 16701.0, 'Credit Card', 'Refunded', null);
insert into Returns (ReturnID, OrderID, CustomerID, ReturnDate, RefundAmount, RefundMethod, RefundStatus, Comments) values (91, 91, 91, '2012-12-22 11:46:04', 363544.84, 'Store Credit', 'Refunded', 'Integer ac leo. Pellentesque ultrices mattis odio. Donec vitae nisi.');
insert into Returns (ReturnID, OrderID, CustomerID, ReturnDate, RefundAmount, RefundMethod, RefundStatus, Comments) values (92, 92, 92, '2007-07-02 15:01:49', 447202.55, 'Cash', 'Completed', null);
insert into Returns (ReturnID, OrderID, CustomerID, ReturnDate, RefundAmount, RefundMethod, RefundStatus, Comments) values (93, 93, 93, '2003-12-12 16:37:49', 952711.37, 'Credit Card', 'Processed', 'Quisque porta volutpat erat. Quisque erat eros, viverra eget, congue eget, semper rutrum, nulla. Nunc purus.');
insert into Returns (ReturnID, OrderID, CustomerID, ReturnDate, RefundAmount, RefundMethod, RefundStatus, Comments) values (94, 94, 94, '2020-10-02 22:14:27', 745919.33, 'PayPal', 'Completed', 'In hac habitasse platea dictumst. Etiam faucibus cursus urna. Ut tellus.');
insert into Returns (ReturnID, OrderID, CustomerID, ReturnDate, RefundAmount, RefundMethod, RefundStatus, Comments) values (95, 95, 95, '2004-09-16 16:04:34', 276032.74, 'Credit Card', 'Processed', null);
insert into Returns (ReturnID, OrderID, CustomerID, ReturnDate, RefundAmount, RefundMethod, RefundStatus, Comments) values (96, 96, 96, '2022-11-11 06:56:30', 177389.56, 'Cash', 'Pending', 'Proin eu mi. Nulla ac enim. In tempor, turpis nec euismod scelerisque, quam turpis adipiscing lorem, vitae mattis nibh ligula nec sem.');
insert into Returns (ReturnID, OrderID, CustomerID, ReturnDate, RefundAmount, RefundMethod, RefundStatus, Comments) values (97, 97, 97, '2001-12-25 20:02:00', 67062.11, 'Store Credit', 'Completed', 'Fusce posuere felis sed lacus. Morbi sem mauris, laoreet ut, rhoncus aliquet, pulvinar sed, nisl. Nunc rhoncus dui vel sem.');
insert into Returns (ReturnID, OrderID, CustomerID, ReturnDate, RefundAmount, RefundMethod, RefundStatus, Comments) values (98, 98, 98, '2008-05-01 22:23:51', 973991.3, 'PayPal', 'Completed', null);
insert into Returns (ReturnID, OrderID, CustomerID, ReturnDate, RefundAmount, RefundMethod, RefundStatus, Comments) values (99, 99, 99, '2003-07-25 21:39:03', 796214.74, 'Credit Card', 'Completed', 'Proin eu mi. Nulla ac enim. In tempor, turpis nec euismod scelerisque, quam turpis adipiscing lorem, vitae mattis nibh ligula nec sem.');
insert into Returns (ReturnID, OrderID, CustomerID, ReturnDate, RefundAmount, RefundMethod, RefundStatus, Comments) values (100, 100, 100, '2007-02-15 11:58:07', 736798.9, 'Cash', 'Processed', 'Duis consequat dui nec nisi volutpat eleifend. Donec ut dolor. Morbi vel lectus in quam fringilla rhoncus.');

-- ReturnDetail
insert into ReturnDetail (ReturnID, ProductID, Quantity, UnitPrice, Discount, Tax, TotalAmount) values (1, 32, 36, 354.93, 977.02, 18.52, 1318.23);
insert into ReturnDetail (ReturnID, ProductID, Quantity, UnitPrice, Discount, Tax, TotalAmount) values (2, 31, 25, 308.49, 336.77, 28.4, 8717.88);
insert into ReturnDetail (ReturnID, ProductID, Quantity, UnitPrice, Discount, Tax, TotalAmount) values (3, 19, 36, 712.37, 50.36, 5.61, 4384.16);
insert into ReturnDetail (ReturnID, ProductID, Quantity, UnitPrice, Discount, Tax, TotalAmount) values (4, 6, 12, 730.5, 839.56, 5.7, 7738.96);
insert into ReturnDetail (ReturnID, ProductID, Quantity, UnitPrice, Discount, Tax, TotalAmount) values (5, 27, 18, 782.89, 808.21, 34.17, 4914.52);
insert into ReturnDetail (ReturnID, ProductID, Quantity, UnitPrice, Discount, Tax, TotalAmount) values (6, 21, 40, 686.0, 581.87, 35.04, 5188.44);
insert into ReturnDetail (ReturnID, ProductID, Quantity, UnitPrice, Discount, Tax, TotalAmount) values (7, 25, 28, 632.49, 417.56, 41.81, 9803.64);
insert into ReturnDetail (ReturnID, ProductID, Quantity, UnitPrice, Discount, Tax, TotalAmount) values (8, 29, 10, 819.41, 991.9, 14.94, 1211.44);
insert into ReturnDetail (ReturnID, ProductID, Quantity, UnitPrice, Discount, Tax, TotalAmount) values (9, 32, 5, 463.38, 993.46, 22.51, 8356.34);
insert into ReturnDetail (ReturnID, ProductID, Quantity, UnitPrice, Discount, Tax, TotalAmount) values (10, 22, 37, 322.25, 11.63, 15.11, 7777.39);
insert into ReturnDetail (ReturnID, ProductID, Quantity, UnitPrice, Discount, Tax, TotalAmount) values (11, 27, 15, 105.66, 991.57, 24.83, 9626.37);
insert into ReturnDetail (ReturnID, ProductID, Quantity, UnitPrice, Discount, Tax, TotalAmount) values (12, 35, 40, 368.08, 262.43, 15.69, 4060.3);
insert into ReturnDetail (ReturnID, ProductID, Quantity, UnitPrice, Discount, Tax, TotalAmount) values (13, 16, 4, 936.43, 834.31, 35.3, 8507.69);
insert into ReturnDetail (ReturnID, ProductID, Quantity, UnitPrice, Discount, Tax, TotalAmount) values (14, 32, 26, 900.49, 528.27, 35.95, 9078.23);
insert into ReturnDetail (ReturnID, ProductID, Quantity, UnitPrice, Discount, Tax, TotalAmount) values (15, 10, 34, 332.57, 886.65, 19.49, 8560.09);
insert into ReturnDetail (ReturnID, ProductID, Quantity, UnitPrice, Discount, Tax, TotalAmount) values (16, 21, 22, 667.6, 44.04, 25.16, 4411.88);
insert into ReturnDetail (ReturnID, ProductID, Quantity, UnitPrice, Discount, Tax, TotalAmount) values (17, 9, 27, 190.49, 278.49, 34.09, 4916.24);
insert into ReturnDetail (ReturnID, ProductID, Quantity, UnitPrice, Discount, Tax, TotalAmount) values (18, 18, 4, 471.93, 894.16, 16.1, 258.1);
insert into ReturnDetail (ReturnID, ProductID, Quantity, UnitPrice, Discount, Tax, TotalAmount) values (19, 23, 28, 754.42, 753.02, 20.11, 2858.88);
insert into ReturnDetail (ReturnID, ProductID, Quantity, UnitPrice, Discount, Tax, TotalAmount) values (20, 24, 25, 616.21, 25.95, 35.27, 9125.07);
insert into ReturnDetail (ReturnID, ProductID, Quantity, UnitPrice, Discount, Tax, TotalAmount) values (21, 24, 3, 186.95, 379.12, 28.37, 571.94);
insert into ReturnDetail (ReturnID, ProductID, Quantity, UnitPrice, Discount, Tax, TotalAmount) values (22, 24, 10, 910.88, 827.44, 28.74, 7154.5);
insert into ReturnDetail (ReturnID, ProductID, Quantity, UnitPrice, Discount, Tax, TotalAmount) values (23, 2, 32, 105.92, 447.37, 28.02, 5910.07);
insert into ReturnDetail (ReturnID, ProductID, Quantity, UnitPrice, Discount, Tax, TotalAmount) values (24, 6, 19, 508.05, 724.0, 33.82, 2060.52);
insert into ReturnDetail (ReturnID, ProductID, Quantity, UnitPrice, Discount, Tax, TotalAmount) values (25, 38, 31, 480.16, 166.48, 33.27, 2643.95);
insert into ReturnDetail (ReturnID, ProductID, Quantity, UnitPrice, Discount, Tax, TotalAmount) values (26, 28, 34, 653.04, 721.87, 37.33, 235.29);
insert into ReturnDetail (ReturnID, ProductID, Quantity, UnitPrice, Discount, Tax, TotalAmount) values (27, 11, 29, 133.79, 796.04, 5.14, 6835.25);
insert into ReturnDetail (ReturnID, ProductID, Quantity, UnitPrice, Discount, Tax, TotalAmount) values (28, 33, 35, 201.12, 693.38, 38.14, 688.81);
insert into ReturnDetail (ReturnID, ProductID, Quantity, UnitPrice, Discount, Tax, TotalAmount) values (29, 22, 1, 428.54, 147.31, 7.08, 1930.47);
insert into ReturnDetail (ReturnID, ProductID, Quantity, UnitPrice, Discount, Tax, TotalAmount) values (30, 29, 8, 423.37, 85.78, 14.05, 3137.26);
insert into ReturnDetail (ReturnID, ProductID, Quantity, UnitPrice, Discount, Tax, TotalAmount) values (31, 18, 21, 904.65, 365.89, 38.6, 144.12);
insert into ReturnDetail (ReturnID, ProductID, Quantity, UnitPrice, Discount, Tax, TotalAmount) values (32, 39, 19, 753.33, 149.19, 10.16, 4193.32);
insert into ReturnDetail (ReturnID, ProductID, Quantity, UnitPrice, Discount, Tax, TotalAmount) values (33, 37, 7, 971.43, 616.12, 20.21, 1755.1);
insert into ReturnDetail (ReturnID, ProductID, Quantity, UnitPrice, Discount, Tax, TotalAmount) values (34, 16, 4, 777.01, 837.24, 17.84, 9606.38);
insert into ReturnDetail (ReturnID, ProductID, Quantity, UnitPrice, Discount, Tax, TotalAmount) values (35, 20, 19, 196.33, 743.56, 23.0, 1835.69);
insert into ReturnDetail (ReturnID, ProductID, Quantity, UnitPrice, Discount, Tax, TotalAmount) values (36, 35, 21, 404.03, 432.6, 41.7, 4370.06);
insert into ReturnDetail (ReturnID, ProductID, Quantity, UnitPrice, Discount, Tax, TotalAmount) values (37, 38, 30, 937.96, 242.49, 11.17, 2288.31);
insert into ReturnDetail (ReturnID, ProductID, Quantity, UnitPrice, Discount, Tax, TotalAmount) values (38, 19, 29, 486.36, 282.57, 35.22, 2909.86);
insert into ReturnDetail (ReturnID, ProductID, Quantity, UnitPrice, Discount, Tax, TotalAmount) values (39, 32, 40, 634.33, 986.84, 28.64, 9670.21);
insert into ReturnDetail (ReturnID, ProductID, Quantity, UnitPrice, Discount, Tax, TotalAmount) values (40, 39, 38, 393.25, 387.17, 41.06, 2715.21);
insert into ReturnDetail (ReturnID, ProductID, Quantity, UnitPrice, Discount, Tax, TotalAmount) values (41, 11, 8, 211.47, 200.06, 31.53, 1658.99);
insert into ReturnDetail (ReturnID, ProductID, Quantity, UnitPrice, Discount, Tax, TotalAmount) values (42, 21, 18, 24.08, 101.0, 16.37, 4862.34);
insert into ReturnDetail (ReturnID, ProductID, Quantity, UnitPrice, Discount, Tax, TotalAmount) values (43, 7, 18, 169.16, 677.75, 36.83, 2986.95);
insert into ReturnDetail (ReturnID, ProductID, Quantity, UnitPrice, Discount, Tax, TotalAmount) values (44, 35, 6, 827.64, 158.6, 28.31, 1687.23);
insert into ReturnDetail (ReturnID, ProductID, Quantity, UnitPrice, Discount, Tax, TotalAmount) values (45, 17, 34, 461.08, 202.05, 8.36, 2275.67);
insert into ReturnDetail (ReturnID, ProductID, Quantity, UnitPrice, Discount, Tax, TotalAmount) values (46, 7, 7, 727.17, 694.99, 9.79, 9537.56);
insert into ReturnDetail (ReturnID, ProductID, Quantity, UnitPrice, Discount, Tax, TotalAmount) values (47, 8, 24, 719.75, 267.44, 16.42, 3706.28);
insert into ReturnDetail (ReturnID, ProductID, Quantity, UnitPrice, Discount, Tax, TotalAmount) values (48, 27, 13, 159.09, 516.67, 35.48, 8258.41);
insert into ReturnDetail (ReturnID, ProductID, Quantity, UnitPrice, Discount, Tax, TotalAmount) values (49, 17, 2, 47.16, 791.07, 30.13, 7812.41);
insert into ReturnDetail (ReturnID, ProductID, Quantity, UnitPrice, Discount, Tax, TotalAmount) values (50, 37, 20, 179.4, 319.5, 25.86, 8675.49);
insert into ReturnDetail (ReturnID, ProductID, Quantity, UnitPrice, Discount, Tax, TotalAmount) values (51, 20, 9, 986.57, 949.29, 19.72, 8749.23);
insert into ReturnDetail (ReturnID, ProductID, Quantity, UnitPrice, Discount, Tax, TotalAmount) values (52, 7, 40, 686.58, 874.01, 20.62, 6929.3);
insert into ReturnDetail (ReturnID, ProductID, Quantity, UnitPrice, Discount, Tax, TotalAmount) values (53, 34, 9, 302.8, 107.76, 10.97, 473.92);
insert into ReturnDetail (ReturnID, ProductID, Quantity, UnitPrice, Discount, Tax, TotalAmount) values (54, 32, 26, 565.87, 455.18, 35.29, 9794.36);
insert into ReturnDetail (ReturnID, ProductID, Quantity, UnitPrice, Discount, Tax, TotalAmount) values (55, 5, 6, 642.43, 869.71, 17.52, 1062.5);
insert into ReturnDetail (ReturnID, ProductID, Quantity, UnitPrice, Discount, Tax, TotalAmount) values (56, 24, 12, 73.23, 134.92, 32.79, 994.73);
insert into ReturnDetail (ReturnID, ProductID, Quantity, UnitPrice, Discount, Tax, TotalAmount) values (57, 31, 3, 326.78, 905.58, 29.31, 4191.39);
insert into ReturnDetail (ReturnID, ProductID, Quantity, UnitPrice, Discount, Tax, TotalAmount) values (58, 26, 7, 703.29, 270.45, 12.01, 4274.04);
insert into ReturnDetail (ReturnID, ProductID, Quantity, UnitPrice, Discount, Tax, TotalAmount) values (59, 19, 1, 914.21, 907.11, 22.94, 8888.92);
insert into ReturnDetail (ReturnID, ProductID, Quantity, UnitPrice, Discount, Tax, TotalAmount) values (60, 10, 1, 657.96, 708.93, 7.73, 7700.01);
insert into ReturnDetail (ReturnID, ProductID, Quantity, UnitPrice, Discount, Tax, TotalAmount) values (61, 16, 28, 984.89, 533.8, 38.73, 7053.05);
insert into ReturnDetail (ReturnID, ProductID, Quantity, UnitPrice, Discount, Tax, TotalAmount) values (62, 40, 1, 519.52, 69.35, 29.31, 8364.87);
insert into ReturnDetail (ReturnID, ProductID, Quantity, UnitPrice, Discount, Tax, TotalAmount) values (63, 4, 27, 825.25, 785.13, 19.6, 1683.83);
insert into ReturnDetail (ReturnID, ProductID, Quantity, UnitPrice, Discount, Tax, TotalAmount) values (64, 23, 37, 786.06, 133.06, 29.63, 3904.79);
insert into ReturnDetail (ReturnID, ProductID, Quantity, UnitPrice, Discount, Tax, TotalAmount) values (65, 32, 30, 55.5, 620.76, 42.19, 7390.87);
insert into ReturnDetail (ReturnID, ProductID, Quantity, UnitPrice, Discount, Tax, TotalAmount) values (66, 24, 17, 593.68, 443.42, 20.88, 2057.64);
insert into ReturnDetail (ReturnID, ProductID, Quantity, UnitPrice, Discount, Tax, TotalAmount) values (67, 39, 5, 358.82, 135.95, 42.15, 9596.65);
insert into ReturnDetail (ReturnID, ProductID, Quantity, UnitPrice, Discount, Tax, TotalAmount) values (68, 32, 34, 239.22, 999.63, 20.83, 1057.7);
insert into ReturnDetail (ReturnID, ProductID, Quantity, UnitPrice, Discount, Tax, TotalAmount) values (69, 21, 16, 889.02, 913.57, 37.61, 4630.16);
insert into ReturnDetail (ReturnID, ProductID, Quantity, UnitPrice, Discount, Tax, TotalAmount) values (70, 6, 13, 166.32, 751.65, 8.96, 4994.83);
insert into ReturnDetail (ReturnID, ProductID, Quantity, UnitPrice, Discount, Tax, TotalAmount) values (71, 9, 28, 791.29, 347.36, 10.16, 2606.79);
insert into ReturnDetail (ReturnID, ProductID, Quantity, UnitPrice, Discount, Tax, TotalAmount) values (72, 36, 34, 803.12, 592.87, 17.48, 8960.06);
insert into ReturnDetail (ReturnID, ProductID, Quantity, UnitPrice, Discount, Tax, TotalAmount) values (73, 2, 20, 664.16, 866.5, 40.17, 7363.43);
insert into ReturnDetail (ReturnID, ProductID, Quantity, UnitPrice, Discount, Tax, TotalAmount) values (74, 4, 1, 412.87, 322.21, 10.47, 3818.15);
insert into ReturnDetail (ReturnID, ProductID, Quantity, UnitPrice, Discount, Tax, TotalAmount) values (75, 23, 6, 181.13, 896.28, 16.77, 4628.06);
insert into ReturnDetail (ReturnID, ProductID, Quantity, UnitPrice, Discount, Tax, TotalAmount) values (76, 27, 3, 585.25, 89.8, 26.8, 3858.5);
insert into ReturnDetail (ReturnID, ProductID, Quantity, UnitPrice, Discount, Tax, TotalAmount) values (77, 11, 12, 608.28, 455.03, 36.92, 4409.7);
insert into ReturnDetail (ReturnID, ProductID, Quantity, UnitPrice, Discount, Tax, TotalAmount) values (78, 12, 31, 518.41, 471.22, 16.63, 9854.44);
insert into ReturnDetail (ReturnID, ProductID, Quantity, UnitPrice, Discount, Tax, TotalAmount) values (79, 31, 3, 196.37, 795.28, 18.84, 8254.23);
insert into ReturnDetail (ReturnID, ProductID, Quantity, UnitPrice, Discount, Tax, TotalAmount) values (80, 24, 6, 252.26, 599.71, 29.67, 466.81);
insert into ReturnDetail (ReturnID, ProductID, Quantity, UnitPrice, Discount, Tax, TotalAmount) values (81, 17, 19, 270.58, 593.76, 34.33, 3758.37);
insert into ReturnDetail (ReturnID, ProductID, Quantity, UnitPrice, Discount, Tax, TotalAmount) values (82, 13, 25, 202.76, 702.62, 25.51, 5425.26);
insert into ReturnDetail (ReturnID, ProductID, Quantity, UnitPrice, Discount, Tax, TotalAmount) values (83, 11, 35, 145.74, 639.18, 24.69, 8909.19);
insert into ReturnDetail (ReturnID, ProductID, Quantity, UnitPrice, Discount, Tax, TotalAmount) values (84, 29, 7, 786.27, 581.56, 26.21, 765.14);
insert into ReturnDetail (ReturnID, ProductID, Quantity, UnitPrice, Discount, Tax, TotalAmount) values (85, 22, 30, 838.73, 141.05, 27.29, 580.36);
insert into ReturnDetail (ReturnID, ProductID, Quantity, UnitPrice, Discount, Tax, TotalAmount) values (86, 13, 26, 899.36, 281.74, 14.61, 7181.69);
insert into ReturnDetail (ReturnID, ProductID, Quantity, UnitPrice, Discount, Tax, TotalAmount) values (87, 30, 30, 127.34, 561.2, 33.28, 170.09);
insert into ReturnDetail (ReturnID, ProductID, Quantity, UnitPrice, Discount, Tax, TotalAmount) values (88, 14, 5, 792.53, 225.32, 20.95, 8225.64);
insert into ReturnDetail (ReturnID, ProductID, Quantity, UnitPrice, Discount, Tax, TotalAmount) values (89, 1, 9, 684.91, 119.19, 32.66, 8775.7);
insert into ReturnDetail (ReturnID, ProductID, Quantity, UnitPrice, Discount, Tax, TotalAmount) values (90, 36, 27, 642.09, 674.04, 25.26, 3013.19);
insert into ReturnDetail (ReturnID, ProductID, Quantity, UnitPrice, Discount, Tax, TotalAmount) values (91, 5, 12, 971.6, 634.69, 27.91, 5397.52);
insert into ReturnDetail (ReturnID, ProductID, Quantity, UnitPrice, Discount, Tax, TotalAmount) values (92, 35, 4, 579.55, 652.78, 10.92, 3274.53);
insert into ReturnDetail (ReturnID, ProductID, Quantity, UnitPrice, Discount, Tax, TotalAmount) values (93, 28, 8, 493.55, 952.15, 16.32, 4343.52);
insert into ReturnDetail (ReturnID, ProductID, Quantity, UnitPrice, Discount, Tax, TotalAmount) values (94, 6, 35, 836.95, 327.53, 10.14, 8913.49);
insert into ReturnDetail (ReturnID, ProductID, Quantity, UnitPrice, Discount, Tax, TotalAmount) values (95, 24, 11, 395.87, 40.75, 13.85, 7496.01);
insert into ReturnDetail (ReturnID, ProductID, Quantity, UnitPrice, Discount, Tax, TotalAmount) values (96, 2, 34, 878.24, 459.76, 18.65, 5446.85);
insert into ReturnDetail (ReturnID, ProductID, Quantity, UnitPrice, Discount, Tax, TotalAmount) values (97, 29, 23, 507.88, 887.15, 37.58, 5203.73);
insert into ReturnDetail (ReturnID, ProductID, Quantity, UnitPrice, Discount, Tax, TotalAmount) values (98, 13, 24, 690.87, 330.85, 13.31, 3323.41);
insert into ReturnDetail (ReturnID, ProductID, Quantity, UnitPrice, Discount, Tax, TotalAmount) values (99, 25, 32, 511.66, 476.29, 13.31, 3030.9);
insert into ReturnDetail (ReturnID, ProductID, Quantity, UnitPrice, Discount, Tax, TotalAmount) values (100, 30, 36, 217.21, 245.42, 10.22, 8438.01);

-- Payment
insert into Payment (PaymentID, OrderID, PaymentMethod, PaymentDate, Amount, Status, ConfirmationNumber) values (1, 1, 'Credit Card', '2014-11-24 10:02:06', 23325.56, 'Refunded', 15869);
insert into Payment (PaymentID, OrderID, PaymentMethod, PaymentDate, Amount, Status, ConfirmationNumber) values (2, 2, 'Debit Card', '2018-09-29 18:40:54', 8892.83, 'Completed', 19923);
insert into Payment (PaymentID, OrderID, PaymentMethod, PaymentDate, Amount, Status, ConfirmationNumber) values (3, 3, 'Bank Transfer', '2005-10-16 00:07:47', 15034.19, 'Refunded', 64319);
insert into Payment (PaymentID, OrderID, PaymentMethod, PaymentDate, Amount, Status, ConfirmationNumber) values (4, 4, 'Bank Transfer', '2015-06-20 12:04:33', 2033.37, 'Pending', 43617);
insert into Payment (PaymentID, OrderID, PaymentMethod, PaymentDate, Amount, Status, ConfirmationNumber) values (5, 5, 'Bank Transfer', '2020-09-09 16:35:29', 74926.7, 'Completed', 47511);
insert into Payment (PaymentID, OrderID, PaymentMethod, PaymentDate, Amount, Status, ConfirmationNumber) values (6, 6, 'Debit Card', '2006-07-23 19:37:24', 86874.97, 'Completed', 99916);
insert into Payment (PaymentID, OrderID, PaymentMethod, PaymentDate, Amount, Status, ConfirmationNumber) values (7, 7, 'Bank Transfer', '2005-05-27 16:48:00', 72481.57, 'Completed', 5532);
insert into Payment (PaymentID, OrderID, PaymentMethod, PaymentDate, Amount, Status, ConfirmationNumber) values (8, 8, 'PayPal', '2017-07-12 00:11:10', 55677.5, 'Completed', 46839);
insert into Payment (PaymentID, OrderID, PaymentMethod, PaymentDate, Amount, Status, ConfirmationNumber) values (9, 9, 'Debit Card', '2011-03-15 19:20:46', 75942.34, 'Completed', 59841);
insert into Payment (PaymentID, OrderID, PaymentMethod, PaymentDate, Amount, Status, ConfirmationNumber) values (10, 10, 'Debit Card', '2022-10-14 17:44:42', 58973.51, 'Refunded', 52296);
insert into Payment (PaymentID, OrderID, PaymentMethod, PaymentDate, Amount, Status, ConfirmationNumber) values (11, 11, 'PayPal', '2015-09-13 21:31:09', 35865.6, 'Refunded', 27272);
insert into Payment (PaymentID, OrderID, PaymentMethod, PaymentDate, Amount, Status, ConfirmationNumber) values (12, 12, 'Bank Transfer', '2022-01-21 08:50:00', 21078.14, 'Failed', 81615);
insert into Payment (PaymentID, OrderID, PaymentMethod, PaymentDate, Amount, Status, ConfirmationNumber) values (13, 13, 'Debit Card', '2006-12-09 12:40:50', 63057.66, 'Completed', 50216);
insert into Payment (PaymentID, OrderID, PaymentMethod, PaymentDate, Amount, Status, ConfirmationNumber) values (14, 14, 'Bank Transfer', '2003-08-18 10:30:22', 30443.58, 'Failed', 668);
insert into Payment (PaymentID, OrderID, PaymentMethod, PaymentDate, Amount, Status, ConfirmationNumber) values (15, 15, 'PayPal', '2012-12-20 10:37:11', 69483.2, 'Completed', 50727);
insert into Payment (PaymentID, OrderID, PaymentMethod, PaymentDate, Amount, Status, ConfirmationNumber) values (16, 16, 'Bank Transfer', '2021-04-16 14:30:41', 34773.65, 'Pending', 97502);
insert into Payment (PaymentID, OrderID, PaymentMethod, PaymentDate, Amount, Status, ConfirmationNumber) values (17, 17, 'Credit Card', '2003-03-27 12:35:20', 47070.42, 'Pending', 43397);
insert into Payment (PaymentID, OrderID, PaymentMethod, PaymentDate, Amount, Status, ConfirmationNumber) values (18, 18, 'PayPal', '2003-03-29 14:42:10', 37844.85, 'Pending', 50142);
insert into Payment (PaymentID, OrderID, PaymentMethod, PaymentDate, Amount, Status, ConfirmationNumber) values (19, 19, 'Debit Card', '2013-05-27 22:37:41', 25408.13, 'Failed', 48767);
insert into Payment (PaymentID, OrderID, PaymentMethod, PaymentDate, Amount, Status, ConfirmationNumber) values (20, 20, 'PayPal', '2001-04-15 18:37:00', 95662.74, 'Refunded', 31137);
insert into Payment (PaymentID, OrderID, PaymentMethod, PaymentDate, Amount, Status, ConfirmationNumber) values (21, 21, 'Debit Card', '2005-02-23 14:31:14', 9648.18, 'Refunded', 17780);
insert into Payment (PaymentID, OrderID, PaymentMethod, PaymentDate, Amount, Status, ConfirmationNumber) values (22, 22, 'Debit Card', '2006-03-24 15:46:48', 12290.97, 'Failed', 21072);
insert into Payment (PaymentID, OrderID, PaymentMethod, PaymentDate, Amount, Status, ConfirmationNumber) values (23, 23, 'Credit Card', '2014-12-25 08:56:17', 38076.99, 'Completed', 8225);
insert into Payment (PaymentID, OrderID, PaymentMethod, PaymentDate, Amount, Status, ConfirmationNumber) values (24, 24, 'Debit Card', '2013-06-25 11:09:37', 69793.42, 'Refunded', 41083);
insert into Payment (PaymentID, OrderID, PaymentMethod, PaymentDate, Amount, Status, ConfirmationNumber) values (25, 25, 'Debit Card', '2007-04-05 16:17:04', 69771.25, 'Failed', 74742);
insert into Payment (PaymentID, OrderID, PaymentMethod, PaymentDate, Amount, Status, ConfirmationNumber) values (26, 26, 'Credit Card', '2015-01-17 14:55:07', 98322.03, 'Failed', 36583);
insert into Payment (PaymentID, OrderID, PaymentMethod, PaymentDate, Amount, Status, ConfirmationNumber) values (27, 27, 'Credit Card', '2017-11-23 05:01:06', 47032.15, 'Completed', 25762);
insert into Payment (PaymentID, OrderID, PaymentMethod, PaymentDate, Amount, Status, ConfirmationNumber) values (28, 28, 'PayPal', '2014-01-20 12:34:43', 30784.3, 'Pending', 2803);
insert into Payment (PaymentID, OrderID, PaymentMethod, PaymentDate, Amount, Status, ConfirmationNumber) values (29, 29, 'Debit Card', '2010-06-15 19:38:08', 27122.29, 'Pending', 1215);
insert into Payment (PaymentID, OrderID, PaymentMethod, PaymentDate, Amount, Status, ConfirmationNumber) values (30, 30, 'Credit Card', '2005-07-05 04:54:57', 41649.83, 'Refunded', 59113);
insert into Payment (PaymentID, OrderID, PaymentMethod, PaymentDate, Amount, Status, ConfirmationNumber) values (31, 31, 'Debit Card', '2010-02-07 12:49:48', 69344.2, 'Refunded', 48001);
insert into Payment (PaymentID, OrderID, PaymentMethod, PaymentDate, Amount, Status, ConfirmationNumber) values (32, 32, 'Credit Card', '2014-09-19 00:37:54', 12426.32, 'Pending', 21631);
insert into Payment (PaymentID, OrderID, PaymentMethod, PaymentDate, Amount, Status, ConfirmationNumber) values (33, 33, 'Credit Card', '2002-08-17 18:36:44', 14446.98, 'Refunded', 30406);
insert into Payment (PaymentID, OrderID, PaymentMethod, PaymentDate, Amount, Status, ConfirmationNumber) values (34, 34, 'PayPal', '2007-12-27 06:38:01', 95107.67, 'Refunded', 65279);
insert into Payment (PaymentID, OrderID, PaymentMethod, PaymentDate, Amount, Status, ConfirmationNumber) values (35, 35, 'Bank Transfer', '2012-08-29 19:37:23', 54984.76, 'Pending', 97541);
insert into Payment (PaymentID, OrderID, PaymentMethod, PaymentDate, Amount, Status, ConfirmationNumber) values (36, 36, 'Credit Card', '2008-02-17 19:21:41', 27277.68, 'Pending', 3808);
insert into Payment (PaymentID, OrderID, PaymentMethod, PaymentDate, Amount, Status, ConfirmationNumber) values (37, 37, 'PayPal', '2016-01-06 05:02:46', 65897.56, 'Refunded', 1271);
insert into Payment (PaymentID, OrderID, PaymentMethod, PaymentDate, Amount, Status, ConfirmationNumber) values (38, 38, 'Bank Transfer', '2022-05-28 11:43:30', 67636.41, 'Pending', 22189);
insert into Payment (PaymentID, OrderID, PaymentMethod, PaymentDate, Amount, Status, ConfirmationNumber) values (39, 39, 'PayPal', '2006-11-19 04:35:57', 42719.45, 'Completed', 2446);
insert into Payment (PaymentID, OrderID, PaymentMethod, PaymentDate, Amount, Status, ConfirmationNumber) values (40, 40, 'Debit Card', '2021-06-30 18:17:38', 38624.75, 'Pending', 37992);
insert into Payment (PaymentID, OrderID, PaymentMethod, PaymentDate, Amount, Status, ConfirmationNumber) values (41, 41, 'PayPal', '2006-05-22 02:48:25', 66143.03, 'Failed', 68579);
insert into Payment (PaymentID, OrderID, PaymentMethod, PaymentDate, Amount, Status, ConfirmationNumber) values (42, 42, 'PayPal', '2005-10-07 15:09:11', 33598.63, 'Refunded', 14683);
insert into Payment (PaymentID, OrderID, PaymentMethod, PaymentDate, Amount, Status, ConfirmationNumber) values (43, 43, 'PayPal', '2021-04-04 00:58:49', 99761.19, 'Refunded', 40490);
insert into Payment (PaymentID, OrderID, PaymentMethod, PaymentDate, Amount, Status, ConfirmationNumber) values (44, 44, 'PayPal', '2000-05-26 21:18:48', 21720.95, 'Failed', 40379);
insert into Payment (PaymentID, OrderID, PaymentMethod, PaymentDate, Amount, Status, ConfirmationNumber) values (45, 45, 'Debit Card', '2021-11-21 02:16:26', 77879.0, 'Failed', 63391);
insert into Payment (PaymentID, OrderID, PaymentMethod, PaymentDate, Amount, Status, ConfirmationNumber) values (46, 46, 'Credit Card', '2012-03-19 04:56:16', 98913.61, 'Refunded', 92660);
insert into Payment (PaymentID, OrderID, PaymentMethod, PaymentDate, Amount, Status, ConfirmationNumber) values (47, 47, 'PayPal', '2009-11-29 13:17:54', 11092.55, 'Failed', 56509);
insert into Payment (PaymentID, OrderID, PaymentMethod, PaymentDate, Amount, Status, ConfirmationNumber) values (48, 48, 'Bank Transfer', '2019-05-29 20:22:50', 3103.09, 'Failed', 93771);
insert into Payment (PaymentID, OrderID, PaymentMethod, PaymentDate, Amount, Status, ConfirmationNumber) values (49, 49, 'Debit Card', '2005-07-01 07:07:33', 9314.36, 'Pending', 31223);
insert into Payment (PaymentID, OrderID, PaymentMethod, PaymentDate, Amount, Status, ConfirmationNumber) values (50, 50, 'PayPal', '2010-11-04 03:20:24', 85897.47, 'Failed', 91543);
insert into Payment (PaymentID, OrderID, PaymentMethod, PaymentDate, Amount, Status, ConfirmationNumber) values (51, 51, 'Credit Card', '2012-10-11 12:43:07', 15391.4, 'Pending', 78878);
insert into Payment (PaymentID, OrderID, PaymentMethod, PaymentDate, Amount, Status, ConfirmationNumber) values (52, 52, 'Credit Card', '2000-10-11 08:29:19', 48397.02, 'Refunded', 10531);
insert into Payment (PaymentID, OrderID, PaymentMethod, PaymentDate, Amount, Status, ConfirmationNumber) values (53, 53, 'Debit Card', '2001-08-23 02:58:28', 20943.56, 'Refunded', 20917);
insert into Payment (PaymentID, OrderID, PaymentMethod, PaymentDate, Amount, Status, ConfirmationNumber) values (54, 54, 'Credit Card', '2020-07-27 15:04:18', 41194.41, 'Completed', 47904);
insert into Payment (PaymentID, OrderID, PaymentMethod, PaymentDate, Amount, Status, ConfirmationNumber) values (55, 55, 'PayPal', '2022-03-17 11:34:56', 15890.52, 'Failed', 99536);
insert into Payment (PaymentID, OrderID, PaymentMethod, PaymentDate, Amount, Status, ConfirmationNumber) values (56, 56, 'Debit Card', '2007-08-13 12:46:47', 81043.03, 'Failed', 99596);
insert into Payment (PaymentID, OrderID, PaymentMethod, PaymentDate, Amount, Status, ConfirmationNumber) values (57, 57, 'PayPal', '2003-12-08 08:38:02', 306.0, 'Completed', 13276);
insert into Payment (PaymentID, OrderID, PaymentMethod, PaymentDate, Amount, Status, ConfirmationNumber) values (58, 58, 'PayPal', '2006-08-01 03:06:49', 44063.57, 'Pending', 37476);
insert into Payment (PaymentID, OrderID, PaymentMethod, PaymentDate, Amount, Status, ConfirmationNumber) values (59, 59, 'Debit Card', '2002-01-26 21:21:32', 24808.19, 'Refunded', 73292);
insert into Payment (PaymentID, OrderID, PaymentMethod, PaymentDate, Amount, Status, ConfirmationNumber) values (60, 60, 'Debit Card', '2016-07-23 14:20:27', 16964.87, 'Completed', 30966);
insert into Payment (PaymentID, OrderID, PaymentMethod, PaymentDate, Amount, Status, ConfirmationNumber) values (61, 61, 'Debit Card', '2008-01-17 07:50:37', 40536.43, 'Completed', 39717);
insert into Payment (PaymentID, OrderID, PaymentMethod, PaymentDate, Amount, Status, ConfirmationNumber) values (62, 62, 'Bank Transfer', '2004-03-26 06:58:29', 69063.78, 'Completed', 25484);
insert into Payment (PaymentID, OrderID, PaymentMethod, PaymentDate, Amount, Status, ConfirmationNumber) values (63, 63, 'Bank Transfer', '2005-06-28 14:55:49', 86189.28, 'Failed', 2187);
insert into Payment (PaymentID, OrderID, PaymentMethod, PaymentDate, Amount, Status, ConfirmationNumber) values (64, 64, 'Credit Card', '2002-11-13 12:50:06', 76393.71, 'Completed', 58691);
insert into Payment (PaymentID, OrderID, PaymentMethod, PaymentDate, Amount, Status, ConfirmationNumber) values (65, 65, 'Bank Transfer', '2000-10-14 17:51:34', 25946.24, 'Pending', 48671);
insert into Payment (PaymentID, OrderID, PaymentMethod, PaymentDate, Amount, Status, ConfirmationNumber) values (66, 66, 'Bank Transfer', '2020-12-08 21:15:54', 66242.16, 'Completed', 4938);
insert into Payment (PaymentID, OrderID, PaymentMethod, PaymentDate, Amount, Status, ConfirmationNumber) values (67, 67, 'PayPal', '2000-12-26 01:38:36', 74135.78, 'Failed', 42621);
insert into Payment (PaymentID, OrderID, PaymentMethod, PaymentDate, Amount, Status, ConfirmationNumber) values (68, 68, 'Credit Card', '2009-09-17 10:46:56', 43974.56, 'Refunded', 93704);
insert into Payment (PaymentID, OrderID, PaymentMethod, PaymentDate, Amount, Status, ConfirmationNumber) values (69, 69, 'PayPal', '2009-10-29 19:02:44', 16725.19, 'Pending', 82552);
insert into Payment (PaymentID, OrderID, PaymentMethod, PaymentDate, Amount, Status, ConfirmationNumber) values (70, 70, 'Bank Transfer', '2014-09-24 13:33:33', 13347.41, 'Pending', 84708);
insert into Payment (PaymentID, OrderID, PaymentMethod, PaymentDate, Amount, Status, ConfirmationNumber) values (71, 71, 'Debit Card', '2019-11-09 01:18:39', 31067.4, 'Refunded', 16398);
insert into Payment (PaymentID, OrderID, PaymentMethod, PaymentDate, Amount, Status, ConfirmationNumber) values (72, 72, 'Credit Card', '2022-06-12 22:14:02', 63145.07, 'Pending', 38217);
insert into Payment (PaymentID, OrderID, PaymentMethod, PaymentDate, Amount, Status, ConfirmationNumber) values (73, 73, 'Debit Card', '2007-07-14 05:09:45', 84813.81, 'Failed', 83488);
insert into Payment (PaymentID, OrderID, PaymentMethod, PaymentDate, Amount, Status, ConfirmationNumber) values (74, 74, 'Bank Transfer', '2011-12-19 11:21:04', 77895.89, 'Completed', 94301);
insert into Payment (PaymentID, OrderID, PaymentMethod, PaymentDate, Amount, Status, ConfirmationNumber) values (75, 75, 'PayPal', '2022-11-06 06:28:22', 6320.89, 'Refunded', 49429);
insert into Payment (PaymentID, OrderID, PaymentMethod, PaymentDate, Amount, Status, ConfirmationNumber) values (76, 76, 'Bank Transfer', '2002-07-13 12:29:07', 71622.31, 'Completed', 38605);
insert into Payment (PaymentID, OrderID, PaymentMethod, PaymentDate, Amount, Status, ConfirmationNumber) values (77, 77, 'PayPal', '2015-05-22 19:56:19', 57235.46, 'Failed', 11430);
insert into Payment (PaymentID, OrderID, PaymentMethod, PaymentDate, Amount, Status, ConfirmationNumber) values (78, 78, 'PayPal', '2005-01-31 15:55:23', 67805.18, 'Refunded', 33254);
insert into Payment (PaymentID, OrderID, PaymentMethod, PaymentDate, Amount, Status, ConfirmationNumber) values (79, 79, 'PayPal', '2002-09-19 11:41:30', 15227.99, 'Refunded', 96397);
insert into Payment (PaymentID, OrderID, PaymentMethod, PaymentDate, Amount, Status, ConfirmationNumber) values (80, 80, 'Credit Card', '2020-11-20 03:39:13', 39363.13, 'Pending', 31446);
insert into Payment (PaymentID, OrderID, PaymentMethod, PaymentDate, Amount, Status, ConfirmationNumber) values (81, 81, 'Debit Card', '2005-11-25 19:25:22', 78466.23, 'Pending', 81967);
insert into Payment (PaymentID, OrderID, PaymentMethod, PaymentDate, Amount, Status, ConfirmationNumber) values (82, 82, 'PayPal', '2003-10-18 04:57:03', 11026.57, 'Failed', 99462);
insert into Payment (PaymentID, OrderID, PaymentMethod, PaymentDate, Amount, Status, ConfirmationNumber) values (83, 83, 'Bank Transfer', '2010-03-21 18:04:18', 62240.27, 'Completed', 14945);
insert into Payment (PaymentID, OrderID, PaymentMethod, PaymentDate, Amount, Status, ConfirmationNumber) values (84, 84, 'Bank Transfer', '2018-05-04 17:44:13', 73125.39, 'Pending', 84901);
insert into Payment (PaymentID, OrderID, PaymentMethod, PaymentDate, Amount, Status, ConfirmationNumber) values (85, 85, 'Credit Card', '2022-01-20 05:14:18', 72398.8, 'Failed', 92596);
insert into Payment (PaymentID, OrderID, PaymentMethod, PaymentDate, Amount, Status, ConfirmationNumber) values (86, 86, 'Credit Card', '2013-11-22 20:06:05', 33941.9, 'Pending', 77991);
insert into Payment (PaymentID, OrderID, PaymentMethod, PaymentDate, Amount, Status, ConfirmationNumber) values (87, 87, 'Credit Card', '2006-05-22 02:12:09', 97661.0, 'Completed', 54536);
insert into Payment (PaymentID, OrderID, PaymentMethod, PaymentDate, Amount, Status, ConfirmationNumber) values (88, 88, 'Bank Transfer', '2018-02-02 08:39:23', 85347.71, 'Refunded', 70700);
insert into Payment (PaymentID, OrderID, PaymentMethod, PaymentDate, Amount, Status, ConfirmationNumber) values (89, 89, 'Debit Card', '2018-01-13 16:28:45', 93459.16, 'Completed', 89668);
insert into Payment (PaymentID, OrderID, PaymentMethod, PaymentDate, Amount, Status, ConfirmationNumber) values (90, 90, 'Debit Card', '2002-07-03 22:15:19', 14178.54, 'Pending', 87415);
insert into Payment (PaymentID, OrderID, PaymentMethod, PaymentDate, Amount, Status, ConfirmationNumber) values (91, 91, 'Debit Card', '2002-04-29 04:08:37', 81547.69, 'Completed', 10699);
insert into Payment (PaymentID, OrderID, PaymentMethod, PaymentDate, Amount, Status, ConfirmationNumber) values (92, 92, 'Debit Card', '2021-12-29 03:38:26', 19657.16, 'Pending', 48528);
insert into Payment (PaymentID, OrderID, PaymentMethod, PaymentDate, Amount, Status, ConfirmationNumber) values (93, 93, 'Credit Card', '2007-05-15 07:46:53', 16494.93, 'Failed', 19424);
insert into Payment (PaymentID, OrderID, PaymentMethod, PaymentDate, Amount, Status, ConfirmationNumber) values (94, 94, 'PayPal', '2020-03-04 23:14:12', 31236.64, 'Refunded', 44340);
insert into Payment (PaymentID, OrderID, PaymentMethod, PaymentDate, Amount, Status, ConfirmationNumber) values (95, 95, 'Credit Card', '2011-10-26 08:26:20', 34646.54, 'Completed', 83607);
insert into Payment (PaymentID, OrderID, PaymentMethod, PaymentDate, Amount, Status, ConfirmationNumber) values (96, 96, 'PayPal', '2015-11-24 02:02:16', 32630.41, 'Pending', 71474);
insert into Payment (PaymentID, OrderID, PaymentMethod, PaymentDate, Amount, Status, ConfirmationNumber) values (97, 97, 'Debit Card', '2015-11-11 07:38:14', 70478.21, 'Failed', 22315);
insert into Payment (PaymentID, OrderID, PaymentMethod, PaymentDate, Amount, Status, ConfirmationNumber) values (98, 98, 'Bank Transfer', '2021-08-18 22:51:20', 23804.63, 'Completed', 40932);
insert into Payment (PaymentID, OrderID, PaymentMethod, PaymentDate, Amount, Status, ConfirmationNumber) values (99, 99, 'Credit Card', '2005-08-09 15:06:52', 65838.33, 'Completed', 98394);
insert into Payment (PaymentID, OrderID, PaymentMethod, PaymentDate, Amount, Status, ConfirmationNumber) values (100, 100, 'Bank Transfer', '2012-05-28 07:26:32', 64653.65, 'Completed', 88922);


-- Now add the foreign key constraints
ALTER TABLE Department
ADD FOREIGN KEY (ManagerID) REFERENCES Employee(EmployeeID),
ADD FOREIGN KEY (LocationID) REFERENCES Location(LocationID);

ALTER TABLE Employee
ADD FOREIGN KEY (DepartmentID) REFERENCES Department(DepartmentID),
ADD FOREIGN KEY (ManagerID) REFERENCES Employee(EmployeeID);